timestamp,vibration_g,temperature_c,event,rul
2025-06-21 17:17:22.565105,3.5,30.6,0.0,24
2025-06-21 17:17:12.559556,4.799,30.4,0.0,23
2025-06-21 17:17:02.554472,4.799,30.2,0.0,22
2025-06-21 17:16:52.546699,3.5,30.0,0.0,21
2025-06-21 17:16:41.350505,4.799,33.8,0.0,20
2025-06-21 17:16:31.349100,3.5,33.6,0.0,19
2025-06-21 17:16:21.346069,2.201,33.4,0.0,18
2025-06-21 17:16:11.342821,2.201,33.2,0.0,17
2025-06-21 17:16:01.338539,3.5,33.0,0.0,16
2025-06-21 17:15:51.334877,4.799,32.8,0.0,15
2025-06-21 17:15:41.331499,4.799,32.6,0.0,14
2025-06-21 17:15:31.328399,3.5,32.4,0.0,13
2025-06-21 17:15:21.324669,2.201,32.2,0.0,12
2025-06-21 17:15:11.321703,2.201,32.0,0.0,11
2025-06-21 17:15:01.318586,3.5,31.8,0.0,10
2025-06-21 17:14:51.315550,4.799,31.6,0.0,9
2025-06-21 17:14:41.311931,4.799,31.4,0.0,8
2025-06-21 17:14:31.308158,3.5,31.2,0.0,7
2025-06-21 17:14:21.305054,2.201,31.0,0.0,6
2025-06-21 17:14:11.301655,2.201,30.8,0.0,5
2025-06-21 17:14:01.298458,3.5,30.6,0.0,4
2025-06-21 17:13:51.295061,4.799,30.4,0.0,3
2025-06-21 17:13:41.292225,4.799,30.2,0.0,2
2025-06-21 17:13:31.288627,3.5,30.0,0.0,1
,8.0,30.0,1.0,0
,8.0,30.0,1.0,0
,2.201,30.8,,1
,8.0,30.0,1.0,0
,2.201,31.0,,102
,3.5,31.2,,101
,4.799,31.4,,100
,4.799,31.6,,99
,3.5,31.8,,98
,2.201,32.0,,97
,3.5,30.0,,96
,4.799,30.2,,95
,4.799,30.4,,94
,3.5,30.6,,93
,2.201,30.8,,92
,2.201,31.0,,91
,3.5,31.2,,90
,4.799,31.4,,89
,4.799,31.6,,88
,3.5,31.8,,87
,2.201,32.0,,86
,2.201,32.2,,85
,3.5,32.4,,84
,4.799,32.6,,83
,4.799,32.8,,82
,3.5,33.0,,81
,2.201,33.2,,80
,2.201,33.4,,79
,3.5,33.6,,78
,4.799,33.8,,77
,4.799,34.0,,76
,3.5,34.2,,75
,2.201,34.4,,74
,2.201,34.6,,73
,3.5,34.8,,72
,4.799,35.0,,71
,3.5,30.0,,70
,4.799,30.2,,69
,4.799,30.4,,68
,3.5,30.6,,67
,2.201,30.8,,66
,2.201,31.0,,65
,3.5,31.2,,64
,4.799,31.4,,63
,4.799,31.6,,62
,3.5,31.8,,61
,2.201,32.0,,60
,2.201,32.2,,59
,3.5,32.4,,58
,4.799,32.6,,57
,4.799,32.8,,56
,3.5,33.0,,55
,2.201,33.2,,54
,2.201,33.4,,53
,3.5,33.6,,52
,4.799,33.8,,51
,3.5,30.0,,50
,4.799,30.2,,49
,4.799,30.4,,48
,3.5,30.6,,47
,2.201,30.8,,46
,3.5,30.0,,45
,4.799,30.2,,44
,4.799,30.4,,43
,3.5,30.6,,42
,2.201,30.8,,41
,2.201,31.0,,40
,3.5,31.2,,39
,4.799,31.4,,38
,4.799,31.6,,37
,3.5,31.8,,36
,2.201,32.0,,35
,2.201,32.2,,34
,3.5,32.4,,33
,4.799,32.6,,32
,4.799,32.8,,31
,3.5,33.0,,30
,2.201,33.2,,29
,2.201,33.4,,28
,3.5,33.6,,27
,4.799,33.8,,26
,4.799,34.0,,25
,3.5,34.2,,24
,2.201,34.4,,23
,2.201,34.6,,22
,3.5,34.8,,21
,4.799,35.0,,20
,4.799,35.2,,19
,3.5,35.4,,18
,2.201,35.6,,17
,2.201,35.8,,16
,8.5,46.0,,15
,9.799,46.2,,14
,9.799,46.4,,13
,8.5,46.6,,12
,7.201,46.8,,11
,7.201,47.0,,10
,8.5,47.2,,9
,9.799,47.4,,8
,9.799,47.6,,7
,8.5,47.8,,6
,7.201,48.0,,5
,7.201,48.2,,4
,3.5,46.0,,3
,4.799,46.05,,2
,4.799,46.1,,1
,3.5,46.15,,0
2025-06-21T19:26:54.622205,8.0,30.0,1.0,0
2025-06-21T19:26:55.690645,2.201,46.2
2025-06-21T19:27:05.702774,2.201,46.25
2025-06-21T19:27:15.707995,3.5,46.3
2025-06-21T19:27:25.712025,4.799,46.35
2025-06-21T19:27:35.774024,4.799,46.4
2025-06-21T19:27:45.788237,3.5,46.45
2025-06-21T19:27:55.792208,2.201,46.5
2025-06-21T19:28:05.799166,2.201,46.55
2025-06-21T19:28:15.808604,3.5,46.6
2025-06-21T19:28:25.812478,4.799,46.65
2025-06-21T19:28:35.815782,4.799,46.7
2025-06-21T19:28:45.835071,3.5,46.75
2025-06-21T19:28:55.837977,2.201,46.8
2025-06-21T19:29:05.858591,2.201,46.85
2025-06-21T19:29:15.860990,3.5,46.9
2025-06-21T19:29:25.864258,4.799,46.95
2025-06-21T19:29:35.898920,4.799,47.0
2025-06-21T19:29:45.910060,3.5,47.05
2025-06-21T19:29:55.913297,2.201,47.1
2025-06-21T19:30:05.917363,2.201,47.15
2025-06-21T19:30:15.921145,3.5,47.2
2025-06-21T19:30:25.924393,4.799,47.25
2025-06-21T19:30:35.927862,4.799,47.3
2025-06-21T19:30:45.931641,3.5,47.35
2025-06-21T19:30:55.935147,2.201,47.4
2025-06-21T19:31:06.093375,2.201,47.45
2025-06-21T19:31:16.113904,3.5,47.5
2025-06-21T19:31:26.117491,4.799,47.55
2025-06-21T19:31:36.175752,4.799,47.6
2025-06-21T19:31:46.184283,3.5,47.65
2025-06-21T19:31:56.185798,2.201,47.7
2025-06-21T19:32:06.221033,2.201,47.75
2025-06-21T19:32:16.230207,3.5,47.8
2025-06-21T19:32:26.234110,4.799,47.85
2025-06-21T19:32:36.249404,4.799,47.9
2025-06-21T19:32:46.253639,3.5,47.95
2025-06-21T19:32:56.257062,2.201,48.0
2025-06-21T19:33:06.306694,2.201,48.05
2025-06-21T19:33:16.351084,3.5,48.1
2025-06-21T19:33:26.354524,4.799,48.15
2025-06-21T19:33:36.382502,4.799,48.2
2025-06-21T22:26:59.940244,3.5,48.25
2025-06-21T22:27:10.097827,2.201,48.3
2025-06-23T11:03:21.184012,3.5,30.0
2025-06-23T11:03:31.191702,4.799,30.2
2025-06-23T11:03:41.199145,4.799,30.4
2025-06-23T11:03:51.204500,3.5,30.6
2025-06-23T11:04:01.211862,2.201,30.8
2025-06-23T11:04:11.217995,2.201,31.0
2025-06-23T11:04:21.224162,3.5,31.2
2025-06-23T11:04:31.233096,4.799,31.4
2025-06-23T11:04:41.238396,4.799,31.6
2025-06-23T11:04:51.245511,3.5,31.8
2025-06-23T11:05:01.253854,2.201,32.0
2025-06-23T11:05:11.264123,2.201,32.2
2025-06-23T11:05:21.271076,3.5,32.4
2025-06-23T11:05:31.277453,4.799,32.6
2025-06-23T11:05:41.285845,4.799,32.8
2025-06-23T11:05:51.293300,3.5,33.0
2025-06-23T11:06:01.301009,2.201,33.2
2025-06-23T11:06:11.307602,2.201,33.4
2025-06-23T11:06:21.312267,3.5,33.6
2025-06-23T11:06:31.319575,4.799,33.8
2025-06-23T11:06:41.326434,4.799,34.0
2025-06-23T11:06:51.331721,3.5,34.2
2025-06-23T11:07:01.342772,2.201,34.4
2025-06-23T11:07:11.346998,2.201,34.6
2025-06-23T11:07:21.353189,3.5,34.8
2025-06-23T11:07:31.356025,4.799,35.0
2025-06-23T11:07:41.359695,4.799,35.2
2025-06-23T11:07:51.362510,3.5,35.4
2025-06-23T11:08:01.369229,2.201,35.6
2025-06-23T11:08:11.376743,2.201,35.8
2025-06-23T11:08:21.382968,8.5,46.0
2025-06-23T11:08:31.389196,9.799,46.2
2025-06-23T11:08:41.393008,9.799,46.4
2025-06-23T11:08:51.397842,8.5,46.6
2025-06-23T11:09:01.402589,7.201,46.8
2025-06-23T11:09:11.405552,7.201,47.0
2025-06-23T11:09:21.413300,8.5,47.2
2025-06-23T11:09:31.419824,9.799,47.4
2025-06-23T11:09:41.426097,9.799,47.6
2025-06-23T11:09:51.431441,8.5,47.8
2025-06-23T11:10:01.435197,7.201,48.0
2025-06-23T11:10:11.440762,7.201,48.2
2025-06-23T11:10:21.446084,3.5,46.0
2025-06-23T11:10:31.451483,4.799,46.05
2025-06-23T11:10:41.459524,4.799,46.1
2025-06-23T11:10:51.463048,3.5,46.15
2025-06-23T11:11:01.467942,2.201,46.2
2025-06-23T11:11:11.477281,2.201,46.25
2025-06-23T11:11:21.483836,3.5,46.3
2025-06-23T11:11:31.489561,4.799,46.35
2025-06-23T11:11:41.497161,4.799,46.4
2025-06-23T11:11:51.502548,3.5,46.45
2025-06-23T11:12:01.507370,2.201,46.5
2025-06-23T11:12:11.513673,2.201,46.55
2025-06-23T11:12:21.515032,3.5,46.6
2025-06-23T11:12:31.518280,4.799,46.65
2025-06-23T11:12:41.521167,4.799,46.7
2025-06-23T11:12:51.524545,3.5,46.75
2025-06-23T11:13:01.527358,2.201,46.8
2025-06-23T11:13:11.529084,2.201,46.85
2025-06-23T11:13:21.532346,3.5,46.9
2025-06-23T11:13:31.535029,4.799,46.95
2025-06-23T11:13:41.537083,4.799,47.0
2025-06-23T11:13:51.540201,3.5,47.05
2025-06-23T11:14:01.542451,2.201,47.1
2025-06-23T11:14:11.544672,2.201,47.15
2025-06-23T11:14:21.547777,3.5,47.2
2025-06-23T11:14:31.550468,4.799,47.25
2025-06-23T11:14:41.552486,4.799,47.3
2025-06-23T11:14:51.553880,3.5,47.35
2025-06-23T11:15:01.555567,2.201,47.4
2025-06-23T11:15:11.558056,2.201,47.45
2025-06-23T11:15:21.561017,3.5,47.5
2025-06-23T11:15:31.564788,4.799,47.55
2025-06-23T11:15:41.567038,4.799,47.6
2025-06-23T11:15:51.570828,3.5,47.65
2025-06-23T11:16:01.572681,2.201,47.7
2025-06-23T11:16:11.575362,2.201,47.75
2025-06-23T11:16:21.578088,3.5,47.8
2025-06-23T11:16:31.581229,4.799,47.85
2025-06-23T11:16:41.584896,4.799,47.9
2025-06-23T11:16:51.588162,3.5,47.95
2025-06-23T11:17:01.592272,2.201,48.0
2025-06-23T11:17:11.595437,2.201,48.05
2025-06-23T11:17:21.598474,3.5,48.1
2025-06-23T11:17:31.601762,4.799,48.15
2025-06-23T11:17:41.604686,4.799,48.2
2025-06-23T11:17:51.607890,3.5,48.25
2025-06-23T11:18:01.610842,2.201,48.3
2025-06-23T11:18:11.613636,2.201,48.35
2025-06-23T11:18:21.616532,3.5,48.4
2025-06-23T11:18:31.620093,4.799,48.45
2025-06-23T11:18:41.621661,4.799,48.5
2025-06-23T11:18:51.624489,3.5,48.55
2025-06-23T11:19:01.626824,2.201,48.6
2025-06-23T11:19:11.630584,2.201,48.65
2025-06-23T11:19:21.633240,3.5,48.7
2025-06-23T11:19:31.637064,4.799,48.75
2025-06-23T11:19:41.638421,4.799,48.8
2025-06-23T11:19:51.639984,3.5,48.85
2025-06-23T11:20:01.642612,2.201,48.9
2025-06-23T11:20:11.646791,2.201,48.95
2025-06-23T11:20:21.650359,3.5,49.0
2025-06-23T11:20:31.652064,4.799,49.05
2025-06-23T11:20:41.655112,4.799,49.1
2025-06-23T11:20:51.658107,3.5,49.15
2025-06-23T11:21:01.661397,2.201,49.2
2025-06-23T11:21:11.664682,2.201,49.25
2025-06-23T11:21:21.668442,3.5,49.3
2025-06-23T11:21:31.671742,4.799,49.35
2025-06-23T11:21:41.674419,4.799,49.4
2025-06-23T11:21:51.677927,3.5,49.45
2025-06-23T11:22:01.681432,2.201,49.5
2025-06-23T11:22:11.683546,2.201,49.55
2025-06-23T11:22:21.685636,3.5,49.6
2025-06-23T11:22:31.689463,4.799,49.65
2025-06-23T11:22:41.691477,4.799,49.7
2025-06-23T11:22:51.692922,3.5,49.75
2025-06-23T11:23:01.696431,2.201,49.8
2025-06-23T11:23:11.698531,2.201,49.85
2025-06-23T11:23:21.701854,3.5,49.9
2025-06-23T11:23:31.703963,4.799,49.95
2025-06-23T11:23:41.705837,4.799,50.0
2025-06-23T11:23:51.709106,3.5,50.05
2025-06-23T11:24:01.713310,2.201,50.1
2025-06-23T11:24:11.715248,2.201,50.15
2025-06-23T11:24:21.717427,3.5,50.2
2025-06-23T11:24:31.719314,4.799,50.25
2025-06-23T11:24:41.720886,4.799,50.3
2025-06-23T11:24:51.725413,3.5,50.35
2025-06-23T11:25:01.727591,2.201,50.4
2025-06-23T11:25:11.730501,2.201,50.45
2025-06-23T11:25:21.733482,3.5,50.5
2025-06-23T11:25:31.735025,4.799,50.55
2025-06-23T11:25:41.736338,4.799,50.6
2025-06-23T11:25:51.737942,3.5,50.65
2025-06-23T11:26:01.741027,2.201,50.7
2025-06-23T11:26:11.742592,2.201,50.75
2025-06-23T11:26:21.745838,3.5,50.8
2025-06-23T11:26:31.748578,4.799,50.85
2025-06-23T11:26:41.752080,4.799,50.9
2025-06-23T11:26:51.755804,3.5,50.95
2025-06-23T11:27:01.758698,2.201,51.0
2025-06-23T11:27:11.762753,2.201,51.05
2025-06-23T11:27:21.764531,3.5,51.1
2025-06-23T11:27:31.767537,4.799,51.15
2025-06-23T11:27:41.770764,4.799,51.2
2025-06-23T11:27:51.777905,3.5,51.25
2025-06-23T11:28:01.781372,2.201,51.3
2025-06-23T11:28:11.784408,2.201,51.35
2025-06-23T11:28:21.787540,3.5,51.4
2025-06-23T11:28:31.791205,4.799,51.45
2025-06-23T11:28:41.793579,4.799,51.5
2025-06-23T11:28:51.795413,3.5,51.55
2025-06-23T11:29:01.798506,2.201,51.6
2025-06-23T11:29:11.800542,2.201,51.65
2025-06-23T11:29:21.803647,3.5,51.7
2025-06-23T11:29:31.806587,4.799,51.75
2025-06-23T11:29:41.810125,4.799,51.8
2025-06-23T11:29:51.812811,3.5,51.85
2025-06-23T11:30:01.816181,2.201,51.9
2025-06-23T11:30:11.820110,2.201,51.95
2025-06-23T11:30:21.821616,3.5,52.0
2025-06-23T11:30:31.823337,4.799,52.05
2025-06-23T11:30:41.825102,4.799,52.1
2025-06-23T11:30:51.826998,3.5,52.15
2025-06-23T11:31:01.828596,2.201,52.2
2025-06-23T11:31:11.832195,2.201,52.25
2025-06-23T11:31:21.833740,3.5,52.3
2025-06-23T11:31:31.835462,4.799,52.35
2025-06-23T11:31:41.837555,4.799,52.4
2025-06-23T11:31:51.840574,3.5,52.45
2025-06-23T11:32:01.843306,2.201,52.5
2025-06-23T11:32:11.845890,2.201,52.55
2025-06-23T11:32:21.848974,3.5,52.6
2025-06-23T11:32:31.850858,4.799,52.65
2025-06-23T11:32:41.853746,4.799,52.7
2025-06-23T11:32:51.856663,3.5,52.75
2025-06-23T11:33:01.859390,2.201,52.8
2025-06-23T11:33:11.862458,2.201,52.85
2025-06-23T11:33:21.865747,3.5,52.9
2025-06-23T11:33:31.869108,4.799,52.95
2025-06-23T11:33:41.871399,4.799,53.0
2025-06-23T11:33:51.874027,3.5,53.05
2025-06-23T11:34:01.877422,2.201,53.1
2025-06-23T11:34:11.880587,2.201,53.15
2025-06-23T11:34:21.883508,3.5,53.2
2025-06-23T11:34:31.885425,4.799,53.25
2025-06-23T11:34:41.888310,4.799,53.3
2025-06-23T11:34:51.890853,3.5,53.35
2025-06-23T11:35:01.894907,2.201,53.4
2025-06-23T13:40:49.722642,-0.146,30.29
2025-06-23T13:40:59.731093,5.019,29.76
2025-06-23T13:41:09.740757,7.795,30.04
2025-06-23T13:41:19.746669,10.878,30.63
2025-06-23T13:41:29.755583,8.532,30.43
2025-06-23T13:41:39.761845,5.93,30.1
2025-06-23T13:41:49.768403,-0.639,30.59
2025-06-23T13:41:59.777420,-4.912,30.38
2025-06-23T13:42:09.780216,-8.636,30.49
2025-06-23T13:42:19.782399,-10.963,30.82
2025-06-23T13:42:29.786518,-9.493,30.82
2025-06-23T13:42:39.792084,-5.874,31.04
2025-06-23T13:42:49.818731,0.88,31.38
2025-06-23T13:42:59.823387,4.629,31.16
2025-06-23T13:43:09.827419,8.728,31.47
2025-06-23T13:43:19.831913,10.32,31.1
2025-06-23T13:43:29.835345,9.561,31.24
2025-06-23T13:43:39.839547,4.244,31.26
2025-06-23T13:43:49.847801,-0.983,31.84
2025-06-23T13:43:59.856063,-4.403,32.07
2025-06-23T13:44:09.864108,-8.924,32.13
2025-06-23T13:44:19.871523,-9.896,32.19
2025-06-23T13:44:29.873468,-8.179,32.1
2025-06-23T13:44:39.880165,-5.792,32.32
2025-06-23T13:44:49.890505,0.154,32.35
2025-06-23T13:44:59.896064,5.84,32.46
2025-06-23T13:45:09.898453,9.254,32.32
2025-06-23T13:45:19.907903,10.382,32.54
2025-06-23T13:45:29.917295,9.289,32.97
2025-06-23T13:45:39.925659,4.788,33.06
2025-06-23T13:45:49.933605,15.587,48.02
2025-06-23T13:45:59.940708,10.986,48.57
2025-06-23T13:46:09.949389,6.71,48.67
2025-06-23T13:46:19.953198,5.601,48.63
2025-06-23T13:46:29.964453,5.605,48.89
2025-06-23T13:46:39.974949,10.47,48.38
2025-06-23T13:46:49.982804,14.177,48.4
2025-06-23T13:46:59.989011,20.224,48.49
2025-06-23T13:47:09.997579,22.743,48.96
2025-06-23T13:47:20.006154,24.807,49.04
2025-06-23T13:47:30.012475,24.248,49.0
2025-06-23T13:47:40.020639,20.035,49.12
2025-06-23T13:47:50.029050,0.377,49.31
2025-06-23T13:48:00.038794,-5.761,47.97
2025-06-23T13:48:10.042792,-9.23,46.84
2025-06-23T14:29:39.446912,-0.696,30.19
2025-06-23T14:29:49.455599,4.672,29.79
2025-06-23T14:29:59.563695,8.153,29.97
2025-06-23T14:30:09.566422,9.56,30.3
2025-06-23T14:30:19.568956,8.825,30.76
2025-06-23T14:30:29.633587,5.384,30.94
2025-06-23T14:30:39.643411,-0.849,30.66
2025-06-23T14:30:49.649373,-5.493,30.2
2025-06-23T14:30:59.650678,-9.59,30.98
2025-06-23T14:31:09.652657,-10.359,31.2
2025-06-23T14:31:19.656206,-8.234,30.56
2025-06-23T14:31:29.726068,-4.362,30.64
2025-06-23T14:31:39.729293,-0.344,31.66
2025-06-23T14:31:49.731118,5.762,31.73
2025-06-23T14:31:58.496993,0.182,29.9
2025-06-23T14:32:08.506674,5.378,30.21
2025-06-23T14:32:18.512166,7.798,30.44
2025-06-23T14:32:28.516372,9.127,30.22
2025-06-23T14:32:38.518475,8.45,30.53
2025-06-23T14:32:48.521694,4.592,30.5
2025-06-23T14:32:58.526243,-0.159,30.5
2025-06-23T14:33:08.530766,-5.367,30.76
2025-06-23T14:33:19.116075,-8.413,30.98
2025-06-23T14:33:29.902288,-9.678,30.57
2025-06-23T14:33:39.903998,-8.736,30.97
2025-06-23T14:33:49.905421,-4.126,30.73
2025-06-23T14:33:59.907508,-0.164,30.73
2025-06-23T14:34:09.909352,5.313,31.47
2025-06-23T14:34:19.912897,9.022,31.48
2025-06-23T14:37:06.991843,0.771,30.28
2025-06-23T14:37:17.001170,4.148,29.93
2025-06-23T14:37:27.008028,8.512,30.65
2025-06-23T14:37:37.015200,10.293,30.0
2025-06-23T14:37:47.018147,8.859,29.94
2025-06-23T14:37:57.022001,5.241,30.11
2025-06-23T14:38:07.024584,0.601,30.34
2025-06-23T14:38:17.027421,-4.58,30.55
2025-06-23T14:38:27.030375,-9.572,30.86
2025-06-23T14:38:37.033809,-10.306,30.7
2025-06-23T14:38:47.036793,-8.857,31.31
2025-06-23T14:38:57.041632,-4.352,31.45
2025-06-23T14:39:07.045975,-0.745,30.79
2025-06-23T14:39:17.049516,4.567,31.0
2025-06-23T14:39:27.051791,7.804,31.19
2025-06-23T14:39:37.055850,10.985,31.68
2025-06-23T14:39:47.059507,9.659,32.05
2025-06-23T14:39:57.062981,5.599,32.2
2025-06-23T14:40:07.064465,-0.411,31.55
2025-06-23T14:40:17.066278,-5.808,31.73
2025-06-23T14:40:27.068338,-9.145,31.64
2025-06-23T14:40:37.071806,-9.119,31.89
2025-06-23T14:40:47.074256,-8.253,31.94
2025-06-23T14:40:57.076663,-4.695,32.0
2025-06-23T14:41:07.078518,-0.291,32.71
2025-06-23T14:41:17.083001,4.795,32.12
2025-06-23T14:41:27.086628,8.675,32.59
2025-06-23T14:41:37.090174,10.371,32.54
2025-06-23T14:41:47.092429,9.059,32.84
2025-06-23T14:41:57.094634,5.906,33.29
2025-06-23T14:42:07.098362,14.957,47.9
2025-06-23T14:42:17.100687,10.728,47.75
2025-06-23T14:42:27.103180,5.612,48.63
2025-06-23T14:42:37.106838,5.666,48.78
2025-06-23T14:42:47.109341,6.112,47.96
2025-06-23T14:42:57.112192,9.875,48.61
2025-06-23T14:43:07.114205,15.147,48.48
2025-06-23T14:43:17.116848,20.034,48.51
2025-06-23T14:43:27.120144,24.484,49.04
2025-06-23T14:43:37.122647,24.318,49.36
2025-06-23T14:43:47.125876,22.942,49.32
2025-06-23T14:43:57.129976,19.037,48.82
2025-06-23T14:44:07.131843,-0.7,49.7
2025-06-23T14:44:17.135566,-4.835,48.26
2025-06-23T14:44:27.137892,-8.091,46.42
2025-06-23T14:44:37.141009,-10.437,46.0
2025-06-23T14:44:47.143563,-9.268,44.6
2025-06-23T14:44:57.145932,-4.497,44.24
2025-06-23T14:45:07.149173,0.578,43.35
2025-06-23T14:45:17.152640,5.476,42.46
2025-06-23T14:45:27.155129,7.988,42.15
2025-06-23T14:45:37.157975,10.33,41.65
2025-06-23T14:45:47.159699,8.156,40.59
2025-06-23T14:45:57.163126,4.251,40.62
2025-06-23T14:46:07.164843,-0.212,40.27
2025-06-23T14:46:17.168244,-5.059,39.55
2025-06-23T14:46:27.174348,-8.679,38.91
2025-06-23T14:46:37.177360,-10.368,38.86
2025-06-23T14:46:47.179385,-7.726,38.72
2025-06-23T14:46:57.183248,-5.824,39.0
2025-06-23T14:47:07.185130,-0.635,38.55
2025-06-23T14:47:17.188369,5.394,38.34
2025-06-23T14:47:27.191643,8.649,37.85
2025-06-23T14:47:37.194385,9.966,38.59
2025-06-23T14:47:47.196733,9.402,37.69
2025-06-23T14:47:57.199368,4.452,38.33
2025-06-23T14:48:07.202214,-0.49,38.26
2025-06-23T14:48:17.205447,-5.819,37.7
2025-06-23T14:48:27.208678,-9.287,37.77
2025-06-23T14:48:37.210685,-10.483,38.1
2025-06-23T14:48:47.212799,-8.149,38.24
2025-06-23T14:48:57.216173,-4.661,37.92
2025-06-23T14:49:07.218424,0.252,37.55
2025-06-23T14:49:17.221083,4.943,37.71
2025-06-23T14:49:27.222626,9.288,37.85
2025-06-23T14:49:37.224736,9.658,37.78
2025-06-23T14:49:47.226519,8.936,38.0
2025-06-23T14:49:57.229827,4.456,38.0
2025-06-23T14:50:07.232941,0.854,37.9
2025-06-23T14:50:17.237305,-5.406,38.66
2025-06-23T14:50:27.239721,-9.031,38.09
2025-06-23T14:50:37.241896,-9.309,38.57
2025-06-23T14:50:47.245342,-9.477,38.58
2025-06-23T14:50:57.248901,-5.902,38.98
2025-06-23T14:51:07.252084,-0.082,38.42
2025-06-23T14:51:17.255555,5.57,38.69
2025-06-23T14:51:27.259000,9.585,38.95
2025-06-23T14:51:37.261725,9.561,38.73
2025-06-23T14:51:47.264263,9.117,38.94
2025-06-23T14:51:57.267815,4.782,38.99
2025-06-23T14:52:07.271508,0.85,38.98
2025-06-23T14:52:17.273515,-5.972,39.02
2025-06-23T14:52:27.276552,-8.166,39.63
2025-06-23T14:52:37.278848,-9.241,39.46
2025-06-23T14:52:47.282198,-9.539,39.82
2025-06-23T14:52:57.285559,-5.269,39.82
2025-06-23T14:53:07.288443,-0.735,39.94
2025-06-23T14:53:17.291693,5.292,39.38
2025-06-23T14:53:27.293339,9.442,40.07
2025-06-23T14:53:37.295853,9.911,39.99
2025-06-23T14:53:47.297842,9.242,39.93
2025-06-23T14:53:57.343459,5.607,39.75
2025-06-23T14:54:07.359654,-0.888,40.46
2025-06-23T14:54:17.364219,-4.884,40.53
2025-06-23T14:54:27.367653,-7.897,40.62
2025-06-23T14:54:37.372297,-10.631,40.79
2025-06-23T14:54:47.374440,-8.895,40.28
2025-06-23T14:54:57.382634,-5.749,41.13
2025-06-23T14:55:07.386201,0.253,40.41
2025-06-23T14:55:17.389210,5.029,41.0
2025-06-23T14:55:27.391224,7.83,40.93
2025-06-23T14:55:37.394884,10.749,41.56
2025-06-23T14:55:47.397743,8.201,41.19
2025-06-23T14:55:57.400593,5.955,40.85
2025-06-23T14:56:07.404052,0.7,41.26
2025-06-23T14:56:17.407757,-4.961,41.46
2025-06-23T14:56:27.412101,-8.718,41.33
2025-06-23T14:56:37.417319,-10.282,41.68
2025-06-23T14:56:47.424008,-8.96,41.82
2025-06-23T14:56:57.427630,-5.677,42.25
2025-06-23T15:08:43.387204,-0.504,30.22
2025-06-23T15:08:53.396658,4.669,30.47
2025-06-23T15:09:03.400971,9.553,29.99
2025-06-23T15:09:13.408526,9.309,30.55
2025-06-23T15:09:23.411801,9.206,29.92
2025-06-23T15:09:33.414409,5.209,30.38
2025-06-23T15:09:43.419456,0.493,30.41
2025-06-23T15:09:53.424454,-5.001,30.76
2025-06-23T15:10:03.429177,-7.663,31.27
2025-06-23T15:10:13.434074,-9.234,30.82
2025-06-23T15:10:23.436636,-9.233,31.41
2025-06-23T15:10:33.440745,-5.201,31.39
2025-06-23T15:10:43.442631,-0.995,31.39
2025-06-23T15:10:53.448671,4.196,31.46
2025-06-23T16:01:46.281457,0.926,29.61
2025-06-23T16:01:56.287660,5.536,29.63
2025-06-23T16:02:06.295993,7.942,29.92
2025-06-23T16:06:05.706452,-0.221,30.0
2025-06-23T16:06:15.719709,4.675,29.82
2025-06-23T16:06:25.725243,7.792,30.62
2025-06-23T16:06:35.731607,10.656,30.05
2025-06-23T16:06:45.741018,8.628,30.76
2025-06-23T16:06:55.745811,4.467,30.02
2025-06-23T16:07:05.755408,-0.452,30.82
2025-06-23T16:07:15.762438,-4.516,30.39
2025-06-23T16:07:25.771600,-8.526,30.84
2025-06-23T16:07:35.783040,-10.74,30.94
2025-06-23T16:07:45.789709,-7.673,31.44
2025-06-23T16:07:55.796975,-5.863,31.34
2025-06-23T16:08:05.804878,-0.472,30.72
2025-06-23T16:08:15.813153,4.908,31.48
2025-06-23T16:08:25.819451,9.454,31.54
2025-06-23T16:08:35.825224,10.184,31.66
2025-06-23T16:08:45.833136,7.884,31.77
2025-06-23T16:08:55.844239,5.313,31.29
2025-06-23T16:09:05.851376,0.509,31.8
2025-06-23T16:09:15.855945,-5.424,32.14
2025-06-23T16:09:25.864070,-8.669,32.37
2025-06-23T16:09:35.873792,-10.249,31.61
2025-06-23T16:09:45.881396,-9.2,31.72
2025-06-23T16:09:55.883339,-5.522,32.52
2025-06-23T16:10:05.887533,0.024,32.25
2025-06-23T16:10:15.896736,5.906,32.14
2025-06-23T16:10:25.905499,8.175,32.59
2025-06-23T16:10:35.910886,9.245,32.35
2025-06-23T16:10:45.919009,9.328,32.97
2025-06-23T16:10:55.926941,5.939,33.19
2025-06-23T16:11:05.933138,15.401,47.61
2025-06-23T16:11:15.938253,9.377,47.72
2025-06-23T16:11:25.942520,5.675,48.06
2025-06-23T16:11:35.947564,5.753,48.18
2025-06-23T16:11:45.952133,6.401,48.43
2025-06-23T16:11:55.959487,10.268,48.35
2025-06-23T16:12:05.964343,14.184,48.58
2025-06-23T16:12:15.972079,19.517,48.83
2025-06-23T16:12:25.977892,24.169,48.6
2025-06-23T16:12:35.985521,24.172,48.75
2025-06-23T16:12:45.991797,24.279,48.66
2025-06-23T16:12:55.997281,19.188,49.46
2025-06-23T16:13:06.005639,-0.788,49.5
2025-06-23T16:13:16.011695,-5.304,47.47
2025-06-23T16:13:26.016849,-9.451,46.78
2025-06-23T16:13:36.020958,-10.574,45.34
2025-06-23T16:13:46.028372,-7.931,44.79
2025-06-23T16:13:56.033171,-5.125,43.46
2025-06-23T16:14:06.036533,-0.123,43.28
2025-06-23T16:14:16.043023,4.974,42.71
2025-06-23T16:14:26.047390,8.058,42.16
2025-06-23T16:14:36.049363,10.754,41.27
2025-06-23T16:14:46.051944,8.866,41.05
2025-06-23T16:14:56.058361,5.647,40.52
2025-06-23T16:15:06.065842,-0.923,40.27
2025-06-23T16:15:16.070787,-4.388,39.68
2025-06-23T16:15:26.079012,-9.101,39.38
2025-06-23T16:15:36.084867,-10.844,39.53
2025-06-23T16:15:46.091707,-8.675,39.2
2025-06-23T16:15:56.096684,-5.778,38.97
2025-06-23T16:16:06.100408,-0.208,38.5
2025-06-23T16:16:16.106842,4.387,38.42
2025-06-23T16:16:26.113285,9.11,38.06
2025-06-23T16:16:36.118871,9.273,38.36
2025-06-23T16:16:46.125499,7.743,37.64
2025-06-23T16:16:56.129931,4.477,38.42
2025-06-23T16:17:06.136260,0.763,37.64
2025-06-23T16:17:16.142826,-5.375,38.37
2025-06-23T16:17:26.147081,-8.203,37.91
2025-06-23T16:17:36.152580,-10.426,37.8
2025-06-23T16:17:46.158405,-8.908,37.72
2025-06-23T16:17:56.161704,-5.7,37.62
2025-06-23T16:18:06.165206,-0.767,38.2
2025-06-23T16:18:16.168889,4.359,37.61
2025-06-23T16:18:26.175062,9.589,37.88
2025-06-23T16:18:36.179185,9.399,38.23
2025-06-23T16:18:46.200412,8.054,38.24
2025-06-23T16:18:56.203261,4.547,37.7
2025-06-23T16:19:06.207651,-0.328,37.9
2025-06-23T16:19:16.213149,-4.058,38.76
2025-06-23T16:19:26.219322,-9.176,38.82
2025-06-23T16:19:36.222209,-9.388,38.75
2025-06-23T16:19:46.225918,-9.351,38.95
2025-06-23T16:19:56.229475,-4.374,38.51
2025-06-23T16:20:06.231242,0.099,38.55
2025-06-23T16:20:16.233729,4.711,38.63
2025-06-23T16:20:26.235399,9.152,38.74
2025-06-23T16:20:36.239026,10.873,39.11
2025-06-23T16:20:46.241509,9.026,39.09
2025-06-23T16:20:56.244191,4.883,38.67
2025-06-23T16:21:06.247013,0.255,38.79
2025-06-23T16:21:16.249868,-4.176,39.06
2025-06-23T16:21:26.253291,-8.528,39.25
2025-06-23T16:21:36.256372,-10.799,38.95
2025-06-23T16:21:46.258993,-8.686,39.73
2025-06-23T16:21:56.260963,-4.84,39.31
2025-06-23T16:22:06.264343,0.977,39.31
2025-06-23T16:22:16.266585,5.531,39.76
2025-06-23T16:22:26.268289,8.419,40.29
2025-06-23T16:22:36.271087,9.473,40.34
2025-06-23T16:22:46.273867,8.723,39.72
2025-06-23T16:22:56.275301,5.695,40.55
2025-06-23T16:23:06.278683,0.087,39.82
2025-06-23T16:23:16.281428,-4.522,40.35
2025-06-23T16:23:26.284584,-8.235,40.61
2025-06-23T16:23:36.288465,-10.802,40.58
2025-06-23T16:23:46.289951,-7.748,40.94
2025-06-23T16:23:56.292873,-4.244,40.5
2025-06-23T16:24:06.295686,-0.293,40.95
2025-06-23T16:24:16.297780,4.558,41.13
2025-06-23T16:24:26.299997,7.941,40.99
2025-06-23T16:24:36.303094,10.269,41.54
2025-06-23T16:24:46.306614,8.042,40.75
2025-06-23T16:24:56.309472,5.652,41.72
2025-06-23T16:25:06.310725,-0.731,40.93
2025-06-23T16:25:16.312411,-4.175,41.87
2025-06-23T16:25:26.314325,-8.916,41.52
2025-06-23T16:25:36.317314,-10.238,41.8
2025-06-23T16:25:46.320300,-9.192,41.37
2025-06-23T16:25:56.321628,-4.828,41.51
2025-06-23T16:26:06.323060,-0.046,42.02
2025-06-23T16:26:16.325864,5.0,41.84
2025-06-23T16:26:26.328988,9.067,41.72
2025-06-23T16:26:36.330692,9.117,42.8
2025-06-23T16:26:46.332663,9.537,42.26
2025-06-23T16:26:56.335908,4.063,42.87
2025-06-23T16:27:06.339059,-0.698,42.97
2025-06-23T16:27:16.340499,-4.779,42.44
2025-06-23T16:27:26.343615,-9.628,42.77
2025-06-23T16:27:36.346616,-10.452,42.8
2025-06-23T16:27:46.347948,-9.626,43.0
2025-06-23T16:27:56.350318,-4.889,42.69
2025-06-23T16:28:06.352712,0.066,43.48
2025-06-23T16:28:16.354155,4.206,42.87
2025-06-23T16:28:26.357223,8.829,43.38
2025-06-23T16:28:36.360143,9.411,43.41
2025-06-23T16:28:46.363266,8.796,43.3
2025-06-23T16:28:56.364459,4.93,43.55
2025-06-23T16:29:06.367192,0.594,43.45
2025-06-23T16:29:16.368521,-5.83,43.42
2025-06-23T16:29:26.369699,-9.174,44.2
2025-06-23T16:29:36.372335,-10.391,44.29
2025-06-23T16:29:46.373921,-8.704,44.43
2025-06-23T16:29:56.376626,-5.529,44.42
2025-06-23T16:30:06.377833,-0.441,43.92
2025-06-23T16:30:16.379515,5.563,44.11
2025-06-23T16:30:26.381047,9.493,44.8
2025-06-23T16:30:36.384000,10.436,44.82
2025-06-23T16:30:46.385907,8.739,44.33
2025-06-23T16:30:56.389048,4.113,45.19
2025-06-23T16:31:06.390512,0.843,44.74
2025-06-23T16:31:16.392933,-4.895,45.51
2025-06-23T16:31:26.395840,-7.772,45.12
2025-06-23T16:31:36.418179,-10.257,45.62
2025-06-23T16:31:46.469021,-9.198,45.09
2025-06-23T16:31:56.471719,-4.006,45.42
2025-06-23T16:32:06.549813,0.619,45.95
2025-06-23T16:32:16.557700,5.035,45.95
2025-06-23T16:32:26.559100,8.73,45.66
2025-06-23T16:32:36.561118,10.474,46.0
2025-06-23T16:32:46.565137,8.97,46.44
2025-06-23T16:32:56.566346,4.678,45.98
2025-06-23T16:33:06.569538,0.293,46.3
2025-06-23T16:33:16.572060,-4.222,46.29
2025-06-23T16:33:26.575079,-8.915,46.29
2025-06-23T16:33:36.580523,-10.82,46.49
2025-06-23T16:33:46.584223,-7.704,46.81
2025-06-23T16:41:17.395644,0.45,29.64
2025-06-23T16:41:27.403612,4.898,29.81
2025-06-23T16:41:37.408189,7.794,30.35
2025-06-23T16:41:47.412307,10.933,30.06
2025-06-23T16:41:57.416610,8.455,30.67
2025-06-23T16:42:07.422318,5.267,30.1
2025-06-23T16:42:17.427181,0.283,30.85
2025-06-23T16:42:27.431115,-4.961,30.93
2025-06-23T16:42:37.434989,-8.704,31.2
2025-06-23T16:42:47.439522,-10.837,31.29
2025-06-23T16:42:57.445041,-8.913,30.56
2025-06-23T16:43:07.451755,-5.707,30.9
2025-06-23T16:43:17.455828,-0.539,31.59
2025-06-23T16:43:27.459814,4.772,31.13
2025-06-23T16:43:37.466417,7.747,31.0
2025-06-23T16:43:47.469851,10.211,31.66
2025-06-23T16:43:57.472988,8.618,31.44
2025-06-23T16:44:07.476944,4.061,31.8
2025-06-23T16:44:17.481437,-0.989,31.67
2025-06-23T16:44:27.488128,-5.92,31.81
2025-06-23T16:44:37.495036,-8.079,32.01
2025-06-23T16:44:47.497305,-9.701,31.62
2025-06-23T16:44:57.503085,-7.905,31.88
2025-06-23T16:45:07.506861,-4.482,32.2
2025-06-23T16:45:17.511837,0.826,32.89
2025-06-23T16:45:27.515941,5.016,32.49
2025-06-23T16:45:37.520790,7.906,32.43
2025-06-23T16:45:47.524139,10.406,33.11
2025-06-23T16:45:57.531966,8.631,32.52
2025-06-23T16:46:07.539727,5.947,32.57
2025-06-23T16:46:17.544506,14.251,47.83
2025-06-23T16:46:27.552406,9.61,47.99
2025-06-23T16:46:37.560606,5.432,48.6
2025-06-23T16:46:47.570377,5.974,48.27
2025-06-23T16:46:57.578089,5.669,48.14
2025-06-23T16:47:07.593403,10.401,48.91
2025-06-23T16:47:17.596963,14.284,48.99
2025-06-23T16:47:27.604790,19.786,48.77
2025-06-23T16:47:37.629691,24.491,48.8
2025-06-23T16:47:47.637274,24.526,49.15
2025-06-23T16:47:57.644149,23.493,48.55
2025-06-23T16:48:07.655920,20.578,48.79
2025-06-23T16:48:17.660241,0.983,48.77
2025-06-23T16:48:27.663001,-5.383,47.85
2025-06-23T16:48:37.733679,-7.71,46.6
2025-06-23T16:48:47.747616,-9.506,45.7
2025-06-23T16:48:57.750004,-8.451,44.97
2025-06-23T16:49:07.788305,-4.013,43.39
2025-06-23T16:49:17.821137,-0.558,43.34
2025-06-23T16:49:27.824050,4.72,42.2
2025-06-23T16:49:37.852279,7.891,41.47
2025-06-23T16:49:47.899332,10.916,41.37
2025-06-23T16:49:57.902972,8.67,41.0
2025-06-23T16:50:07.924488,5.008,40.77
2025-06-23T16:50:17.940368,0.339,40.05
2025-06-23T16:50:27.945827,-4.732,40.05
2025-06-23T16:50:38.116578,-9.413,39.27
2025-06-23T16:50:48.120410,-9.974,38.71
2025-06-23T16:50:58.125285,-8.125,38.85
2025-06-23T16:51:08.129647,-4.19,38.79
2025-06-23T16:51:18.132414,0.017,38.09
2025-06-23T16:51:28.135392,4.186,38.84
2025-06-23T16:51:38.139217,8.91,38.37
2025-06-23T16:51:48.144588,9.135,37.64
2025-06-23T16:51:58.146271,9.046,38.47
2025-06-23T16:55:42.731255,-0.461,30.06
2025-06-23T16:55:52.738993,4.733,29.73
2025-06-23T16:56:02.743445,9.576,30.58
2025-06-23T16:56:12.748185,9.737,30.76
2025-06-23T16:56:22.753139,8.494,30.63
2025-06-23T16:56:32.758680,4.495,30.04
2025-06-23T16:56:42.762499,0.754,30.35
2025-06-23T16:56:52.767618,-5.062,30.24
2025-06-23T16:57:02.771393,-8.328,30.91
2025-06-23T16:57:12.778539,-10.571,31.17
2025-06-23T16:57:22.783893,-8.019,30.51
2025-06-23T17:02:31.131018,-0.756,29.55
2025-06-23T17:02:41.138398,4.015,30.57
2025-06-23T17:02:51.140564,8.101,30.19
2025-06-23T17:03:01.144681,9.538,30.65
2025-06-23T17:03:11.152907,9.651,30.39
2025-06-23T17:03:21.157182,4.547,30.35
2025-06-23T17:03:31.163644,0.978,30.94
2025-06-23T17:03:41.172722,-4.164,30.3
2025-06-23T17:03:51.175709,-8.216,30.54
2025-06-23T17:04:01.178987,-9.121,31.12
2025-06-23T17:04:11.199098,-8.393,30.54
2025-06-23T17:04:21.211723,-5.154,31.06
2025-06-23T17:04:31.214537,-0.606,31.15
2025-06-23T17:04:41.219867,4.89,31.16
2025-06-23T17:04:51.224537,8.908,30.92
2025-06-23T17:09:37.381260,0.923,30.28
2025-06-23T17:09:47.388984,5.74,30.05
2025-06-23T17:09:57.395337,7.827,30.7
2025-06-23T17:10:07.399528,10.765,30.42
2025-06-23T17:10:16.075259,-0.978,30.32
2025-06-23T17:10:26.081896,5.838,30.48
2025-06-23T17:10:36.088992,9.58,30.05
2025-06-23T17:10:46.095891,10.873,30.1
2025-06-23T17:10:56.102810,7.718,30.8
2025-06-23T17:11:06.111083,4.435,30.63
2025-06-23T17:11:16.114408,0.931,30.63
2025-06-23T17:11:26.121470,-5.528,30.98
2025-06-23T17:11:36.132469,-9.369,30.78
2025-06-23T17:11:46.140657,-10.613,31.18
2025-06-23T17:11:56.147931,-9.227,31.26
2025-06-23T17:12:05.164479,0.76,30.36
2025-06-23T17:12:15.174616,4.174,30.14
2025-06-23T17:12:25.182716,9.559,30.33
2025-06-23T17:12:35.189648,9.295,30.39
2025-06-23T17:12:45.191877,8.521,30.2
2025-06-23T17:12:55.200998,5.362,30.09
2025-06-23T17:13:05.207027,0.884,30.98
2025-06-23T17:13:15.215813,-4.923,30.62
2025-06-23T17:13:25.226530,-9.002,30.38
2025-06-23T17:13:35.233227,-9.417,31.11
2025-06-23T17:13:45.236897,-9.138,31.38
2025-06-23T17:13:55.242491,-4.556,31.47
2025-06-23T17:14:05.253266,-0.999,31.01
2025-06-23T17:14:15.258559,5.785,31.21
2025-06-23T17:14:25.264210,8.904,31.34
2025-06-23T17:14:35.271032,9.877,31.81
2025-06-23T17:14:45.274865,9.077,31.94
2025-06-23T17:14:55.280998,5.25,31.53
2025-06-23T17:15:05.288321,-0.767,31.89
2025-06-23T17:15:15.290473,-5.84,31.71
2025-06-23T17:15:25.298224,-8.881,32.0
2025-06-23T17:15:35.302661,-9.341,32.21
2025-06-23T17:15:45.311092,-9.152,32.64
2025-06-23T17:15:55.319705,-4.395,32.33
2025-06-23T17:16:05.326384,0.56,32.37
2025-06-23T17:16:15.329610,5.026,32.45
2025-06-23T17:16:25.332944,8.908,32.34
2025-06-23T17:16:35.336816,9.027,32.21
2025-06-23T17:16:45.342500,9.178,32.56
2025-06-23T17:16:55.345049,4.144,32.46
2025-06-23T17:17:05.347543,14.222,47.66
2025-06-23T17:17:15.349260,10.476,47.94
2025-06-23T17:17:25.353956,5.463,48.42
2025-06-23T17:17:35.359031,4.575,48.05
2025-06-23T17:17:45.361751,6.805,48.51
2025-06-23T17:17:55.368445,9.982,48.79
2025-06-23T17:18:05.374092,14.87,48.6
2025-06-23T17:18:15.376123,20.604,48.9
2025-06-23T17:18:25.381435,24.175,48.51
2025-06-23T17:18:35.389985,24.964,49.2
2025-06-23T17:18:45.396983,24.09,48.56
2025-06-23T17:18:55.403790,20.71,48.71
2025-06-23T17:19:05.409380,-0.006,48.88
2025-06-23T17:19:15.415115,-5.073,47.52
2025-06-23T17:19:25.419062,-9.569,46.59
2025-06-23T17:19:35.422930,-10.096,46.01
2025-06-23T17:19:45.424860,-8.716,44.78
2025-06-23T17:19:55.430316,-5.15,43.76
2025-06-23T17:20:05.434554,0.893,43.41
2025-06-23T17:20:15.437888,5.722,42.69
2025-06-23T17:20:25.440704,9.425,42.18
2025-06-23T17:20:35.445818,9.779,41.08
2025-06-23T17:20:45.448219,8.379,40.69
2025-06-23T17:20:55.455071,5.196,40.51
2025-06-23T17:21:05.458596,-0.524,39.95
2025-06-23T17:21:15.464082,-5.648,39.78
2025-06-23T17:21:25.471772,-8.782,39.03
2025-06-23T17:21:35.477749,-10.922,39.4
2025-06-23T17:21:45.481132,-9.419,39.24
2025-06-23T17:21:55.484498,-5.077,39.09
2025-06-23T17:22:05.487883,-0.063,38.57
2025-06-23T17:22:15.491369,4.714,38.01
2025-06-23T17:22:25.495015,9.51,38.6
2025-06-23T17:22:35.497392,9.438,38.28
2025-06-23T17:22:45.499414,8.679,38.15
2025-06-23T17:22:55.502915,4.992,37.68
2025-06-23T17:23:05.507360,-0.864,38.13
2025-06-23T17:23:15.510220,-4.947,38.33
2025-06-23T17:23:25.513632,-9.621,37.73
2025-06-23T17:23:35.517874,-9.771,37.44
2025-06-23T17:23:45.547610,-8.043,38.03
2025-06-23T17:23:55.550588,-5.77,37.86
2025-06-23T17:24:05.552433,-0.966,37.72
2025-06-23T17:24:15.557184,5.757,38.12
2025-06-23T17:24:25.562093,8.531,38.33
2025-06-23T17:24:35.569774,9.894,38.11
2025-06-23T17:24:45.572859,8.897,37.63
2025-06-23T17:24:55.576264,5.91,37.68
2025-06-23T17:25:05.578616,0.766,37.88
2025-06-23T17:25:15.582874,-4.519,38.04
2025-06-23T17:25:25.585436,-8.36,38.73
2025-06-23T17:25:35.591864,-10.191,38.64
2025-06-23T17:25:45.594287,-8.623,38.69
2025-06-23T17:25:55.597782,-4.949,38.69
2025-06-23T17:26:05.600161,-0.314,38.51
2025-06-23T17:26:15.605746,4.037,38.91
2025-06-23T17:26:25.629318,7.684,39.15
2025-06-23T17:26:35.631536,9.035,38.95
2025-06-23T17:26:45.635467,9.293,39.4
2025-06-23T17:26:55.638362,5.962,38.85
2025-06-23T17:27:05.642816,-0.854,38.79
2025-06-23T17:27:15.646604,-4.185,39.03
2025-06-23T17:27:25.648474,-8.209,39.28
2025-06-23T17:27:35.650062,-10.281,39.12
2025-06-23T17:27:45.653406,-9.299,39.08
2025-06-23T17:27:55.656203,-4.661,40.07
2025-06-23T17:28:05.660932,0.286,39.73
2025-06-23T17:28:15.666810,4.642,40.25
2025-06-23T17:28:25.671081,8.731,39.91
2025-06-23T17:28:35.673717,10.414,39.7
2025-06-23T17:28:45.678353,9.04,40.46
2025-06-23T17:28:55.683763,5.677,39.67
2025-06-23T17:29:05.688304,0.272,40.56
2025-06-23T17:29:15.694019,-4.105,40.6
2025-06-23T17:29:25.696014,-8.928,40.61
2025-06-23T17:29:35.699502,-9.935,40.51
2025-06-23T17:29:45.703898,-8.98,40.42
2025-06-23T17:29:55.707106,-5.309,41.08
2025-06-23T17:30:05.709098,0.552,40.5
2025-06-23T17:30:15.720255,4.945,41.38
2025-06-23T17:30:25.727514,8.238,41.04
2025-06-23T17:30:35.729107,9.038,40.92
2025-06-23T17:30:45.730572,8.312,41.52
2025-06-23T17:30:55.732392,5.298,41.78
2025-06-23T17:31:05.734344,0.989,41.53
2025-06-23T17:31:15.794985,-5.474,41.63
2025-06-23T17:31:25.798695,-8.731,41.73
2025-06-23T17:31:35.800559,-9.529,41.99
2025-06-23T17:31:45.978123,-8.428,41.78
2025-06-23T17:31:56.062244,-4.434,41.96
2025-06-23T17:32:06.063870,-0.733,41.72
2025-06-23T17:32:16.149946,5.385,41.78
2025-06-23T17:32:26.154984,8.102,42.16
2025-06-23T17:32:36.156283,9.382,42.6
2025-06-23T17:32:46.157875,8.428,42.04
2025-06-23T17:32:56.160661,5.348,42.66
2025-06-23T17:33:06.162623,-0.177,42.27
2025-06-23T17:33:16.165259,-5.321,42.73
2025-06-23T17:33:26.166512,-8.067,42.59
2025-06-23T17:33:36.170208,-9.942,43.05
2025-06-23T17:33:46.174412,-8.437,43.15
2025-06-23T17:33:56.180043,-4.681,43.17
2025-06-23T17:34:06.183363,-0.967,43.04
2025-06-23T17:34:16.185384,5.051,43.25
2025-06-23T17:34:26.188056,8.021,43.38
2025-06-23T17:34:36.190297,9.737,43.1
2025-06-23T17:34:46.192846,7.832,43.58
2025-06-23T17:34:56.195136,4.423,43.81
2025-06-23T17:35:06.197105,0.875,44.28
2025-06-23T17:35:16.199395,-5.63,44.08
2025-06-23T17:35:26.201738,-8.579,44.07
2025-06-23T17:35:36.203923,-9.263,43.66
2025-06-23T17:35:46.205800,-7.865,44.29
2025-06-23T17:35:56.209326,-5.789,43.89
2025-06-23T17:36:06.212831,-0.613,44.38
2025-06-23T17:36:16.214864,5.807,44.95
2025-06-23T17:36:26.218587,8.514,45.0
2025-06-23T17:36:36.220867,9.284,44.26
2025-06-23T17:36:46.225039,7.897,44.45
2025-06-23T17:36:56.229096,5.485,44.75
2025-06-23T17:37:06.231485,0.049,45.05
2025-06-23T17:37:16.233476,-5.367,45.35
2025-06-23T17:37:26.236272,-8.627,44.9
2025-06-23T17:37:36.241432,-9.346,44.96
2025-06-23T17:37:46.247778,-7.748,45.26
2025-06-23T17:37:56.251346,-5.039,45.92
2025-06-23T17:38:06.252965,0.108,45.82
2025-06-23T17:38:16.510457,4.779,46.05
2025-06-23T17:38:26.700408,9.172,45.56
2025-06-23T17:38:36.702805,9.59,46.36
2025-06-23T17:38:46.707930,8.097,46.24
2025-06-23T17:38:56.711825,5.996,46.46
2025-06-23T17:39:06.713958,-0.015,46.46
2025-06-23T17:39:16.746327,-4.579,46.53
2025-06-23T17:39:26.750880,-8.797,46.02
2025-06-23T17:39:36.752424,-10.704,46.45
2025-06-23T17:39:46.754159,-9.13,46.72
2025-06-23T17:39:56.756105,-5.156,46.39
2025-06-23T17:40:06.759341,-0.561,46.32
2025-06-23T17:40:16.803770,4.265,47.37
2025-06-23T17:40:26.988834,9.313,47.43
2025-06-23T17:40:36.991226,10.263,47.18
2025-06-23T17:40:46.994802,7.899,47.36
2025-06-23T17:40:56.999228,5.082,47.72
2025-06-23T17:41:07.001492,0.405,47.73
2025-06-23T17:41:17.003188,-4.885,47.17
2025-06-23T17:41:27.005889,-8.785,47.99
2025-06-23T17:41:37.010335,-9.576,48.07
2025-06-23T17:41:47.012029,-9.331,47.38
2025-06-23T17:41:57.014862,-4.967,47.47
2025-06-23T17:42:07.026621,-0.018,47.8
2025-06-23T17:42:17.369427,5.118,48.06
2025-06-23T17:42:27.417161,8.82,47.73
2025-06-23T17:42:37.438557,10.977,48.51
2025-06-23T17:42:47.453759,8.814,48.81
2025-06-23T17:42:57.612044,5.212,48.51
2025-06-23T17:43:07.629873,-0.264,48.86
2025-06-23T17:43:17.631666,-5.775,48.78
2025-06-23T17:43:27.633983,-8.788,49.25
2025-06-23T17:43:37.636342,-10.805,48.76
2025-06-23T17:43:47.639827,-7.683,49.19
2025-06-23T17:43:57.642447,-4.561,48.74
2025-06-23T17:44:07.645254,-0.776,49.06
2025-06-23T17:44:17.651107,5.445,48.86
2025-06-23T17:44:27.663175,7.767,49.69
2025-06-23T17:44:37.665156,9.627,49.63
2025-06-23T17:44:47.701254,9.395,49.54
2025-06-23T17:44:57.718780,4.206,49.83
2025-06-23T17:45:07.720867,0.108,49.36
2025-06-23T17:45:17.722187,-5.454,50.36
2025-06-23T17:45:27.724851,-7.754,49.53
2025-06-23T17:45:37.726415,-10.947,50.22
2025-06-23T17:45:47.729674,-9.383,50.15
2025-06-23T17:45:57.731716,-4.39,50.8
2025-06-23T17:46:07.732704,-0.803,50.87
2025-06-23T17:46:17.735009,4.843,50.13
2025-06-23T17:46:27.737221,9.372,50.24
2025-06-23T17:46:37.738751,10.965,50.8
2025-06-23T17:46:47.739979,9.242,51.29
2025-06-23T17:46:57.742105,4.685,50.95
2025-06-23T17:47:07.743254,-0.288,51.26
2025-06-23T17:47:17.744896,-5.727,51.01
2025-06-23T17:47:27.746698,-8.202,51.05
2025-06-23T17:47:37.748158,-9.926,51.69
2025-06-23T17:47:47.751327,-9.291,51.52
2025-06-23T17:47:57.753131,-4.922,51.45
2025-06-23T17:48:07.756315,0.881,51.18
2025-06-23T17:48:17.758073,4.466,51.35
2025-06-23T17:48:27.761232,8.836,51.3
2025-06-23T17:48:37.764640,9.709,51.95
2025-06-23T17:48:47.768836,8.755,51.81
2025-06-23T17:48:57.772519,5.403,52.57
2025-06-23T17:49:07.774816,0.537,52.09
2025-06-23T17:49:17.778424,-5.533,51.8
2025-06-23T17:49:27.780852,-9.468,52.31
2025-06-23T17:49:37.782774,-9.917,52.6
2025-06-23T17:49:47.785692,-9.265,53.07
2025-06-23T17:49:57.788384,-5.607,52.35
2025-06-23T17:50:07.792342,-0.422,53.18
2025-06-23T17:50:17.796357,4.827,53.3
2025-06-23T17:50:27.800019,9.309,52.5
2025-06-23T17:50:37.803153,9.797,52.83
2025-06-23T17:50:47.805255,9.654,52.96
2025-06-23T17:50:57.807073,4.017,52.87
2025-06-23T17:51:07.811514,0.005,53.66
2025-06-23T17:51:17.814311,-5.073,53.5
2025-06-23T17:51:27.816770,-8.081,53.23
2025-06-23T17:51:37.819840,-9.334,54.0
2025-06-23T17:51:47.823397,-9.212,54.07
2025-06-23T17:51:57.826748,-4.917,53.5
2025-06-23T17:52:07.830627,-0.234,53.78
2025-06-23T17:52:17.834850,5.567,54.53
2025-06-23T17:52:27.836804,9.581,54.24
2025-06-23T17:52:37.839461,9.822,54.51
2025-06-23T17:52:47.842725,8.241,54.07
2025-06-23T17:52:57.845673,5.295,54.16
2025-06-23T17:53:07.848473,-0.96,54.4
2025-06-23T17:53:17.850485,-5.657,54.89
2025-06-23T17:53:27.854543,-9.626,54.71
2025-06-23T17:53:37.856879,-9.245,54.5
2025-06-23T17:53:47.859681,-9.202,55.03
2025-06-23T17:53:57.861553,-5.642,54.98
2025-06-23T17:54:07.864476,-0.867,55.23
2025-06-23T17:54:17.866931,4.643,55.59
2025-06-23T17:54:27.870369,9.45,55.49
2025-06-23T17:54:37.872392,10.686,55.09
2025-06-23T17:54:47.875496,8.595,55.96
2025-06-23T17:54:57.878469,5.054,56.15
2025-06-23T17:55:07.881030,0.703,55.85
2025-06-23T17:55:17.883976,-5.753,55.4
2025-06-23T17:55:27.888264,-9.501,56.38
2025-06-23T17:55:37.891204,-9.173,56.32
2025-06-23T17:55:47.894612,-7.847,55.81
2025-06-23T17:55:57.897310,-4.073,56.62
2025-06-23T17:56:07.900729,-0.254,56.06
2025-06-23T17:56:17.902953,4.395,56.94
2025-06-23T17:56:27.906530,8.488,56.27
2025-06-23T17:56:37.910129,10.242,57.04
2025-06-23T17:56:47.913150,9.561,56.44
2025-06-23T17:56:57.915539,4.675,56.45
2025-06-23T17:57:07.917410,-0.785,56.78
2025-06-23T17:57:17.921172,-4.728,57.54
2025-06-23T17:57:27.925867,-7.898,57.02
2025-06-23T17:57:37.929821,-10.988,56.83
2025-06-23T17:57:47.932440,-9.32,57.03
2025-06-23T17:57:57.934727,-5.474,57.85
2025-06-23T17:58:07.937169,0.935,57.36
2025-06-23T17:58:17.940690,4.789,57.84
2025-06-23T17:58:27.944403,8.138,57.63
2025-06-23T17:58:37.947503,9.757,57.8
2025-06-23T17:58:47.950807,8.183,58.18
2025-06-23T17:58:57.952400,4.485,57.72
2025-06-23T17:59:07.956389,0.053,58.04
2025-06-23T17:59:17.958491,-5.633,58.65
2025-06-23T17:59:27.961149,-7.73,57.99
2025-06-23T17:59:37.965607,-10.732,58.63
2025-06-23T17:59:47.969818,-9.127,58.83
2025-06-23T17:59:57.973949,-5.267,58.37
2025-06-23T18:00:07.976490,0.82,58.42
2025-06-23T18:00:17.981058,4.861,59.29
2025-06-23T18:00:27.986954,8.93,58.86
2025-06-23T18:00:37.989464,9.396,59.13
2025-06-23T18:00:47.992922,8.207,59.1
2025-06-23T18:00:57.995164,5.139,59.07
2025-06-23T18:01:07.999055,0.618,59.25
2025-06-23T18:01:18.002793,-5.521,59.55
2025-06-23T18:01:28.005307,-9.29,59.18
2025-06-23T18:01:38.008174,-10.649,59.23
2025-06-23T18:01:48.037568,-8.195,60.2
2025-06-23T18:01:58.041522,-5.62,60.19
2025-06-23T18:02:08.043356,0.728,60.45
2025-06-23T18:02:18.091184,4.512,60.17
2025-06-23T18:02:28.102560,9.338,60.48
2025-06-23T18:02:38.104829,9.327,60.25
2025-06-23T18:02:48.176694,7.773,59.98
2025-06-23T18:02:58.180333,5.806,60.82
2025-06-23T18:03:08.182510,0.137,60.11
2025-06-23T18:03:18.184806,-5.932,60.34
2025-06-23T18:03:28.190104,-9.509,60.82
2025-06-23T18:03:38.192094,-10.366,61.23
2025-06-23T18:03:48.207814,-8.568,61.47
2025-06-23T18:03:58.211276,-4.964,61.3
2025-06-23T18:04:08.213197,-0.283,61.65
2025-06-23T18:04:18.228807,5.497,61.51
2025-06-23T18:04:28.232254,8.148,61.32
2025-06-23T18:04:38.233850,10.648,61.76
2025-06-23T18:04:48.272285,8.801,61.59
2025-06-23T18:04:58.344593,5.132,61.4
2025-06-23T18:05:08.348433,0.31,62.25
2025-06-23T18:05:18.361723,-5.381,62.17
2025-06-23T18:05:28.369046,-9.311,61.82
2025-06-23T18:05:38.372141,-9.03,61.99
2025-06-23T18:05:48.399309,-8.134,62.03
2025-06-23T18:05:58.402392,-5.126,62.31
2025-06-23T18:06:08.404298,-0.667,62.69
2025-06-23T18:06:18.459259,4.827,62.21
2025-06-23T18:06:28.468065,7.764,62.14
2025-06-23T18:06:38.469277,9.393,62.52
2025-06-23T18:06:48.527497,9.058,62.36
2025-06-23T18:06:58.545960,4.527,62.44
2025-06-23T18:07:08.548578,0.712,63.31
2025-06-23T18:07:18.723177,-4.395,62.67
2025-06-23T18:07:28.727684,-7.73,63.6
2025-06-23T18:07:38.731253,-10.845,63.24
2025-06-23T18:07:48.734985,-8.737,63.23
2025-06-23T18:07:58.739799,-5.817,63.93
2025-06-23T18:08:08.741578,0.504,63.5
2025-06-23T18:08:18.763898,4.497,63.72
2025-06-23T18:08:28.768855,8.658,63.71
2025-06-23T18:08:38.771665,9.452,64.17
2025-06-23T18:08:48.782915,8.995,63.85
2025-06-23T18:08:58.786185,5.765,64.11
2025-06-23T18:09:08.788617,0.118,64.45
2025-06-23T18:09:18.799107,-4.634,64.35
2025-06-23T18:09:28.801848,-8.625,64.19
2025-06-23T18:09:38.804925,-9.171,64.89
2025-06-23T18:09:48.878200,-7.724,64.48
2025-06-23T18:09:58.881403,-5.723,65.05
2025-06-23T18:10:08.883142,-0.012,64.34
2025-06-23T18:10:19.023969,5.961,65.22
2025-06-23T18:10:29.026491,7.691,64.74
2025-06-23T18:10:39.028558,10.746,65.08
2025-06-23T18:10:49.034970,8.76,65.66
2025-06-23T18:10:59.065251,4.56,65.64
2025-06-23T18:11:09.067044,-0.748,65.52
2025-06-23T18:11:19.096336,-4.746,65.43
2025-06-23T18:11:29.099320,-9.076,65.51
2025-06-23T18:11:39.102362,-10.889,65.67
2025-06-23T18:11:49.110899,-9.015,65.46
2025-06-23T18:11:59.128437,-5.882,65.97
2025-06-23T18:12:09.131159,0.934,66.07
2025-06-23T18:12:19.143596,5.669,66.02
2025-06-23T18:12:29.146545,7.735,66.16
2025-06-23T18:12:39.149188,10.263,66.71
2025-06-23T18:12:49.280642,8.661,66.74
2025-06-23T18:12:59.286213,5.619,66.68
2025-06-23T18:13:09.287652,-0.224,66.11
2025-06-23T18:13:19.309245,-5.029,66.96
2025-06-23T18:13:29.322060,-8.505,66.47
2025-06-23T18:13:39.324639,-9.065,67.01
2025-06-23T18:13:49.343045,-8.086,66.7
2025-06-23T18:13:59.349235,-4.813,67.14
2025-06-23T18:14:09.352310,-0.173,67.0
2025-06-23T18:14:19.374073,4.374,67.12
2025-06-23T18:14:29.378941,8.632,67.26
2025-06-23T18:14:39.381943,10.275,67.57
2025-06-23T18:14:49.441345,7.841,67.55
2025-06-23T18:14:59.447263,4.078,67.92
2025-06-23T18:15:09.450049,-0.853,68.06
2025-06-23T18:15:19.456871,-5.573,67.71
2025-06-23T18:15:29.492026,-8.385,67.92
2025-06-23T18:15:39.493589,-10.522,68.54
2025-06-23T18:15:49.511268,-8.448,68.22
2025-06-23T18:15:59.514938,-4.11,68.5
2025-06-23T18:16:09.517614,-0.505,68.04
2025-06-23T18:16:19.527873,4.585,68.32
2025-06-23T18:16:29.532261,8.778,69.05
2025-06-23T18:16:39.535023,10.795,68.32
2025-06-23T18:16:49.571047,8.883,68.36
2025-06-23T18:16:59.655824,5.46,68.48
2025-06-23T18:17:09.657696,0.315,69.32
2025-06-23T18:17:19.659631,-5.782,68.86
2025-06-23T18:17:29.665310,-8.914,69.02
2025-06-23T18:17:39.668772,-9.457,69.32
2025-06-23T18:17:49.691337,-8.187,69.2
2025-06-23T18:17:59.694569,-5.564,69.8
2025-06-23T18:18:09.697521,-0.58,69.97
2025-06-23T18:18:19.840368,4.563,69.68
2025-06-23T18:18:29.844891,8.326,70.16
2025-06-23T18:18:39.847498,9.999,69.49
2025-06-23T18:18:49.873684,9.563,70.11
2025-06-23T18:18:59.913304,4.194,70.27
2025-06-23T18:19:09.914732,-0.054,70.7
2025-06-23T18:19:20.043040,-5.239,70.54
2025-06-23T18:19:30.046955,-9.353,70.06
2025-06-23T18:19:40.048252,-9.268,70.45
2025-06-23T18:19:50.049961,-9.243,70.26
2025-06-23T18:20:00.052784,-4.361,71.03
2025-06-23T18:20:10.054615,0.598,70.45
2025-06-23T18:20:20.211745,4.866,70.81
2025-06-23T18:20:30.214011,7.754,70.88
2025-06-23T18:20:40.215713,9.421,71.49
2025-06-23T18:20:50.217075,9.004,71.61
2025-06-23T18:21:00.229080,5.386,71.24
2025-06-23T18:21:10.231672,0.017,71.25
2025-06-23T18:21:20.268345,-4.455,71.4
2025-06-23T18:21:30.279630,-7.997,71.89
2025-06-23T18:21:40.282588,-10.802,71.74
2025-06-23T18:21:50.284294,-8.422,71.74
2025-06-23T18:22:00.285745,-4.863,71.88
2025-06-23T18:22:10.288628,-0.586,72.43
2025-06-23T18:22:20.408749,5.995,71.88
2025-06-23T18:22:30.414910,8.279,72.36
2025-06-23T18:22:40.417483,10.186,72.24
2025-06-23T18:22:50.426037,8.358,72.41
2025-06-23T18:23:00.429030,4.684,72.46
2025-06-23T18:23:10.430790,-0.288,72.88
2025-06-23T18:23:20.465320,-4.188,72.97
2025-06-23T18:23:30.472315,-7.953,72.39
2025-06-23T18:23:40.475111,-10.928,72.85
2025-06-23T18:23:50.500204,-8.096,72.97
2025-06-23T18:24:00.511856,-4.374,73.45
2025-06-23T18:24:10.515257,-0.628,73.03
2025-06-23T18:24:20.622762,4.043,72.82
2025-06-23T18:24:30.633007,8.466,73.83
2025-06-23T18:24:40.637082,9.793,73.21
2025-06-23T18:24:50.720540,8.341,73.62
2025-06-23T18:25:00.723759,5.187,73.84
2025-06-23T18:25:10.728146,0.188,73.43
2025-06-23T18:25:20.736629,-5.044,73.44
2025-06-23T18:25:30.747430,-8.06,73.67
2025-06-23T18:25:40.749081,-9.128,74.52
2025-06-23T18:25:50.886884,-9.652,73.76
2025-06-23T18:26:00.891089,-4.38,74.51
2025-06-23T18:26:10.894268,-0.035,74.59
2025-06-23T18:26:20.908248,4.264,74.8
2025-06-23T18:26:30.913224,9.538,74.62
2025-06-23T18:26:40.917680,10.393,74.8
2025-06-23T18:26:50.926917,8.477,74.81
2025-06-23T18:27:00.940195,4.402,75.26
2025-06-23T18:27:10.943923,0.965,74.64
2025-06-23T18:27:20.947901,-4.339,75.49
2025-06-23T18:27:30.951921,-8.684,75.26
2025-06-23T18:27:40.956575,-10.125,75.76
2025-06-23T18:27:51.018489,-8.401,75.56
2025-06-23T18:28:01.022994,-4.132,75.82
2025-06-23T18:28:11.026943,-0.754,75.64
2025-06-23T18:28:21.059203,4.612,75.95
2025-06-23T18:28:31.095868,8.89,76.11
2025-06-23T18:28:41.098441,10.728,75.52
2025-06-23T18:28:51.110557,7.818,75.75
2025-06-23T18:29:01.114294,4.674,75.67
2025-06-23T18:29:11.117180,-0.684,76.29
2025-06-23T18:29:21.129235,-4.054,76.61
2025-06-23T18:29:31.205603,-8.019,76.68
2025-06-23T18:29:41.208136,-9.708,76.12
2025-06-23T18:29:51.348350,-7.981,76.12
2025-06-23T18:30:01.350959,-5.556,76.45
2025-06-23T18:30:11.352395,-0.302,76.54
2025-06-23T18:30:21.470678,4.615,77.15
2025-06-23T18:30:31.523894,8.404,76.72
2025-06-23T18:30:41.526498,10.271,77.29
2025-06-23T18:30:51.555754,8.879,77.04
2025-06-23T18:31:01.561302,5.742,77.37
2025-06-23T18:31:11.564241,0.463,77.58
2025-06-23T18:31:21.629553,-5.652,77.02
2025-06-23T18:31:31.633199,-9.298,77.89
2025-06-23T18:31:41.635906,-9.808,77.31
2025-06-23T18:31:51.674586,-8.073,78.04
2025-06-23T18:32:01.681914,-5.805,78.07
2025-06-23T18:32:11.686100,-0.954,77.8
2025-06-23T18:32:21.702999,4.676,78.17
2025-06-23T18:32:31.707089,8.67,78.23
2025-06-23T18:32:41.710747,9.479,78.39
2025-06-23T18:32:51.729977,9.399,78.22
2025-06-23T18:33:01.758400,5.813,78.62
2025-06-23T18:33:11.761307,0.458,78.81
2025-06-23T18:33:21.766634,-5.418,78.41
2025-06-23T18:33:31.770271,-8.977,79.07
2025-06-23T18:33:41.773931,-9.811,79.27
2025-06-23T18:33:51.787938,-8.115,79.35
2025-06-23T18:34:01.794197,-4.051,78.66
2025-06-23T18:34:11.796348,0.722,79.69
2025-06-23T18:34:21.801070,4.546,79.2
2025-06-23T18:34:31.805531,9.557,79.05
2025-06-23T18:34:41.807637,10.494,79.59
2025-06-23T18:34:52.225047,9.399,80.0
2025-06-23T18:35:02.258251,4.829,79.35
2025-06-23T18:35:12.261089,-0.633,80.24
2025-06-23T18:35:22.264286,-5.51,79.7
2025-06-23T18:35:32.270305,-9.103,80.14
2025-06-23T18:35:42.272971,-10.335,79.77
2025-06-23T18:35:52.282700,-9.066,80.42
2025-06-23T18:36:02.288696,-4.326,80.23
2025-06-23T18:36:12.291208,-0.544,80.32
2025-06-23T18:36:22.295641,5.411,80.91
2025-06-23T18:36:32.299670,8.635,80.69
2025-06-23T18:36:42.302966,9.963,80.73
2025-06-23T18:36:52.306387,8.446,80.61
2025-06-23T18:37:02.312430,5.336,81.38
2025-06-23T18:37:12.316583,-0.94,81.49
2025-06-23T18:37:22.345883,-5.012,81.59
2025-06-23T18:37:32.370588,-9.01,81.34
2025-06-23T18:37:42.374195,-10.668,81.38
2025-06-23T18:37:52.384692,-8.419,81.13
2025-06-23T18:38:02.388131,-4.157,81.58
2025-06-23T18:38:12.391530,0.286,81.42
2025-06-23T18:38:22.412471,4.027,82.09
2025-06-23T18:38:32.417310,7.832,81.44
2025-06-23T18:38:42.419957,9.388,81.4
2025-06-23T18:38:52.439426,7.882,81.94
2025-06-23T18:39:02.443118,5.789,81.76
2025-06-23T18:39:12.445745,-0.499,81.81
2025-06-23T18:39:22.562017,-4.998,82.3
2025-06-23T18:39:32.575657,-8.459,81.94
2025-06-23T18:39:42.579631,-10.746,82.3
2025-06-23T18:39:52.582158,-8.684,82.48
2025-06-23T18:40:02.585260,-4.605,82.35
2025-06-23T18:40:12.589881,0.011,82.52
2025-06-23T18:40:22.646938,4.7,82.56
2025-06-23T18:40:32.649225,8.92,82.74
2025-06-23T18:40:42.652931,9.933,82.86
2025-06-23T18:40:52.675562,7.713,83.52
2025-06-23T18:41:02.730599,4.234,83.64
2025-06-23T18:41:12.733865,0.617,83.85
2025-06-23T18:41:22.736497,-5.284,83.85
2025-06-23T18:41:32.740176,-9.0,83.58
2025-06-23T18:41:42.743413,-9.804,84.18
2025-06-23T18:41:52.755411,-8.189,84.03
2025-06-23T18:42:02.759255,-4.955,84.32
2025-06-23T18:42:12.761971,-0.705,84.01
2025-06-23T18:42:22.840835,4.931,83.86
2025-06-23T18:42:32.853768,7.839,83.79
2025-06-23T18:42:42.856723,10.1,83.87
2025-06-23T18:42:52.885281,8.722,84.15
2025-06-23T18:43:02.890375,5.91,84.07
2025-06-23T18:43:12.893839,0.646,84.39
2025-06-23T18:43:23.126376,-5.423,84.75
2025-06-23T18:43:33.134978,-9.419,85.25
2025-06-23T18:43:43.139703,-9.514,85.3
2025-06-23T18:43:53.180436,-7.945,84.88
2025-06-23T18:44:03.183828,-4.533,84.85
2025-06-23T18:44:13.186468,0.988,85.18
2025-06-23T18:44:23.195730,4.557,85.33
2025-06-23T18:44:33.198771,9.134,85.6
2025-06-23T18:44:43.202946,10.963,85.07
2025-06-23T18:44:53.218298,8.91,85.74
2025-06-23T18:45:03.226167,4.363,85.56
2025-06-23T18:45:13.228686,0.18,85.63
2025-06-23T18:45:23.235578,-4.331,86.38
2025-06-23T18:45:33.260423,-9.52,85.94
2025-06-23T18:45:43.261833,-10.206,85.83
2025-06-23T18:45:53.355904,-9.0,86.53
2025-06-23T18:46:03.358848,-5.8,86.01
2025-06-23T18:46:13.361351,-0.084,86.35
2025-06-23T18:46:23.464013,5.109,86.7
2025-06-23T18:46:33.468403,8.147,86.39
2025-06-23T18:46:43.471099,9.896,86.42
2025-06-23T18:46:53.479625,9.166,87.28
2025-06-23T18:47:03.486050,5.604,86.92
2025-06-23T18:47:13.489055,0.689,86.82
2025-06-23T18:47:23.492035,-4.126,87.56
2025-06-23T18:47:33.496913,-8.692,87.3
2025-06-23T18:47:43.500428,-9.919,87.55
2025-06-23T18:47:53.536471,-9.055,87.57
2025-06-23T18:48:03.542562,-5.437,87.97
2025-06-23T18:48:13.543591,-0.905,87.61
2025-06-23T18:48:23.587186,4.589,88.09
2025-06-23T18:48:33.591142,8.05,87.69
2025-06-23T18:48:43.592896,9.045,87.88
2025-06-23T18:48:53.615910,8.616,88.38
2025-06-23T18:49:03.619072,4.907,87.64
2025-06-23T18:49:13.620814,0.034,88.59
2025-06-23T18:49:23.733727,-4.931,88.67
2025-06-23T18:49:33.739631,-9.582,88.74
2025-06-23T18:49:43.743712,-10.089,88.99
2025-06-23T18:49:53.815440,-9.419,88.77
2025-06-23T18:50:03.818371,-4.762,88.39
2025-06-23T18:50:13.821450,-0.303,88.6
2025-06-23T18:50:23.826780,4.828,89.38
2025-06-23T18:50:33.829502,9.275,88.61
2025-06-23T18:50:43.831816,10.148,88.76
2025-06-23T18:50:53.883690,8.773,89.51
2025-06-23T18:51:03.892888,4.016,89.37
2025-06-23T18:51:13.895733,0.24,89.7
2025-06-23T18:51:23.921565,-4.308,89.73
2025-06-23T18:51:33.925162,-8.288,89.54
2025-06-23T18:51:43.929513,-10.898,90.1
2025-06-23T18:51:53.997980,-8.869,90.17
2025-06-23T18:52:04.004590,-4.223,89.99
2025-06-23T18:52:14.006940,-0.064,90.06
2025-06-23T18:52:24.018773,5.555,89.74
2025-06-23T18:52:34.022212,9.027,90.42
2025-06-23T18:52:44.025974,9.177,89.95
2025-06-23T18:52:54.177470,8.515,90.47
2025-06-23T18:53:04.180666,5.321,90.82
2025-06-23T18:53:14.182356,0.578,90.55
2025-06-23T18:53:24.184771,-5.873,90.73
2025-06-23T18:53:34.192339,-9.24,90.38
2025-06-23T18:53:44.194744,-10.289,90.91
2025-06-23T18:53:54.316375,-7.738,91.11
2025-06-23T18:54:04.324903,-4.667,90.88
2025-06-23T18:54:14.327168,1.0,91.07
2025-06-23T18:54:24.334203,5.246,90.9
2025-06-23T18:54:34.339892,8.375,91.52
2025-06-23T18:54:44.341830,10.858,91.85
2025-06-23T18:54:54.344226,7.719,91.21
2025-06-23T18:55:04.352267,4.76,91.73
2025-06-23T18:55:14.356015,0.824,91.64
2025-06-23T18:55:24.423908,-5.634,91.9
2025-06-23T18:55:34.432053,-9.615,91.94
2025-06-23T18:55:44.434161,-10.183,92.3
2025-06-23T18:55:54.662518,-9.234,92.53
2025-06-23T18:56:04.687511,-5.755,92.24
2025-06-23T18:56:14.688954,0.894,92.35
2025-06-23T18:56:24.779534,4.379,92.14
2025-06-23T18:56:34.784036,9.479,92.32
2025-06-23T18:56:44.785600,9.53,92.4
2025-06-23T18:56:54.794260,7.789,92.73
2025-06-23T18:57:04.797833,5.176,92.94
2025-06-23T18:57:14.799570,-0.621,92.57
2025-06-23T18:57:24.924833,-5.254,92.84
2025-06-23T18:57:34.928625,-8.37,93.35
2025-06-23T18:57:44.930278,-10.058,93.16
2025-06-23T18:57:55.026944,-9.549,93.47
2025-06-23T18:58:05.031425,-4.491,93.16
2025-06-23T18:58:15.032864,0.269,93.92
2025-06-23T18:58:25.034826,5.347,93.85
2025-06-23T18:58:35.037616,9.114,94.21
2025-06-23T18:58:45.039281,9.492,93.88
2025-06-23T18:58:55.146683,7.953,93.76
2025-06-23T18:59:05.153342,5.015,93.97
2025-06-23T18:59:15.154654,-0.157,94.63
2025-06-23T18:59:25.166979,-5.014,94.38
2025-06-23T18:59:35.171464,-9.211,94.54
2025-06-23T18:59:45.172890,-9.654,94.97
2025-06-23T18:59:55.252759,-9.447,95.07
2025-06-23T19:00:05.263127,-5.806,94.48
2025-06-23T19:00:15.265279,0.329,94.58
2025-06-23T19:00:25.281828,5.597,94.51
2025-06-23T19:00:35.322587,9.305,94.81
2025-06-23T19:00:45.324006,9.567,94.83
2025-06-23T19:00:55.327600,8.342,95.15
2025-06-23T19:01:05.331679,5.841,95.63
2025-06-23T19:01:15.333306,-0.886,95.66
2025-06-23T19:01:25.358190,-4.136,95.16
2025-06-23T19:01:35.360984,-9.37,95.14
2025-06-23T19:01:45.362381,-10.501,96.12
2025-06-23T19:01:55.403495,-8.757,96.03
2025-06-23T19:02:05.406081,-4.834,95.68
2025-06-23T19:02:15.407991,0.578,96.02
2025-06-23T19:02:25.529883,4.387,95.99
2025-06-23T19:02:35.557133,9.238,95.94
2025-06-23T19:02:45.559094,9.478,96.47
2025-06-23T19:02:55.560876,9.363,96.86
2025-06-23T19:03:05.563900,4.074,96.35
2025-06-23T19:03:15.566026,0.422,96.57
2025-06-23T19:03:25.568693,-5.898,97.01
2025-06-23T19:03:35.571418,-8.684,96.38
2025-06-23T19:03:45.573296,-10.233,96.74
2025-06-23T19:03:55.646763,-8.006,97.0
2025-06-23T19:04:05.651526,-4.855,97.27
2025-06-23T19:04:15.653551,0.492,97.28
2025-06-23T19:04:25.700940,5.434,97.76
2025-06-23T19:04:35.706642,9.637,97.69
2025-06-23T19:04:45.709059,9.83,97.71
2025-06-23T19:04:55.788272,8.845,97.48
2025-06-23T19:05:05.814710,4.144,97.66
2025-06-23T19:05:15.816959,-0.425,97.95
2025-06-23T19:05:25.824325,-5.7,97.82
2025-06-23T19:05:35.828652,-9.412,98.37
2025-06-23T19:05:45.830025,-9.778,98.49
2025-06-23T19:05:55.857890,-8.148,97.72
2025-06-23T19:06:05.862509,-5.992,98.07
2025-06-23T19:06:15.863865,0.863,98.04
2025-06-23T19:06:25.877897,4.365,98.64
2025-06-23T19:06:35.881175,7.948,98.14
2025-06-23T19:06:45.883067,10.756,98.75
2025-06-23T19:06:55.893021,8.199,98.48
2025-06-23T19:07:05.896605,4.558,99.19
2025-06-23T19:07:15.898058,-0.559,99.2
2025-06-23T19:07:25.970501,-5.731,98.9
2025-06-23T19:07:35.974492,-8.444,99.49
2025-06-23T19:07:45.976364,-9.012,99.69
2025-06-23T19:07:56.145124,-9.342,99.03
2025-06-23T19:08:06.147616,-5.473,99.92
2025-06-23T19:08:16.149240,0.271,99.25
2025-06-23T19:08:26.151076,5.046,99.73
2025-06-23T19:08:36.153852,7.689,100.14
2025-06-23T19:08:46.155427,10.521,99.99
2025-06-23T19:08:56.157225,9.285,99.94
2025-06-23T19:09:06.159153,5.823,100.09
2025-06-23T19:09:16.160811,-0.033,100.47
2025-06-23T19:09:26.162067,-4.926,100.44
2025-06-23T19:09:36.164471,-9.398,100.71
2025-06-23T19:09:46.166611,-9.076,100.43
2025-06-23T19:09:56.168159,-8.287,100.88
2025-06-23T19:10:06.170516,-5.872,101.02
2025-06-23T19:10:16.172147,-0.497,101.29
2025-06-27T10:37:05.656578,-0.091,30.39
2025-06-27T10:37:15.670626,5.035,29.91
2025-06-27T10:37:25.674931,8.551,30.41
2025-06-27T10:37:35.679810,10.993,29.82
2025-06-27T10:37:45.683180,9.18,30.08
2025-06-27T10:37:55.687543,5.496,30.41
2025-06-27T10:38:05.694877,-0.721,30.69
2025-06-27T10:38:15.701468,-5.135,30.99
2025-06-27T10:38:25.705669,-9.07,31.07
2025-06-27T10:38:35.709685,-9.963,31.29
2025-06-27T10:38:45.712698,-9.542,31.4
2025-06-27T10:38:55.717585,-5.129,31.25
2025-06-27T10:39:05.722354,0.309,30.97
2025-06-27T10:39:15.726673,4.578,31.57
2025-06-27T10:39:25.728866,9.057,31.82
2025-06-27T10:39:35.733543,9.422,31.45
2025-06-27T10:39:45.741895,8.423,31.9
2025-06-27T10:39:55.749039,4.081,31.23
2025-06-27T10:40:05.754127,0.883,31.45
2025-06-27T10:40:15.759335,-4.419,32.09
2025-06-27T10:40:25.766075,-9.043,32.27
2025-06-27T10:40:35.772232,-10.44,31.82
2025-06-27T10:40:45.777420,-8.265,31.97
2025-06-27T10:40:55.782274,-4.866,32.18
2025-06-27T10:41:05.785084,-0.329,32.28
2025-06-27T10:41:15.791845,5.871,32.49
2025-06-27T10:41:25.796792,8.855,32.97
2025-06-27T10:41:35.803910,10.083,33.01
2025-06-27T10:41:45.807134,9.642,32.44
2025-06-27T10:41:55.814446,5.763,32.48
2025-06-27T10:42:05.819711,15.192,47.96
2025-06-27T10:42:15.825112,9.87,48.36
2025-06-27T10:42:25.833229,5.762,48.52
2025-06-27T10:42:35.839297,4.058,47.96
2025-06-27T10:42:45.842794,7.214,48.37
2025-06-27T10:42:55.850461,9.787,48.07
2025-06-27T10:43:05.854851,14.612,48.23
2025-06-27T10:43:15.863823,20.99,48.58
2025-06-27T10:43:25.869416,22.837,48.39
2025-06-27T10:43:35.872087,25.397,49.04
2025-06-27T10:43:45.877694,22.915,48.67
2025-06-27T10:43:55.885168,20.781,48.83
2025-06-27T10:44:05.890098,0.339,48.89
2025-06-27T10:44:15.897338,-4.26,47.89
2025-06-27T10:44:25.903068,-8.994,47.07
2025-06-27T10:44:35.909057,-10.218,45.7
2025-06-27T10:44:45.916274,-8.922,44.87
2025-06-27T10:44:55.922118,-4.227,44.07
2025-06-27T10:45:05.927985,-0.83,42.78
2025-06-27T10:45:15.930326,4.857,42.36
2025-06-27T10:45:25.934530,8.167,41.49
2025-06-27T10:45:35.941977,10.134,41.48
2025-06-27T10:45:45.946405,7.841,40.59
2025-06-27T10:45:55.952867,5.643,40.47
2025-06-27T10:46:05.958888,0.259,40.35
2025-06-27T10:46:15.961938,-4.532,40.03
2025-06-27T10:46:25.967564,-8.452,39.55
2025-06-27T10:46:35.976121,-9.268,39.34
2025-06-27T10:46:45.981953,-9.51,38.56
2025-06-27T10:46:55.986251,-5.089,38.82
2025-06-27T10:47:05.994623,-0.214,38.27
2025-06-27T10:47:15.999936,4.346,37.94
2025-06-27T10:47:26.007082,7.976,38.59
2025-06-27T10:47:36.012592,9.075,37.83
2025-06-27T10:47:46.015577,8.483,38.22
2025-06-27T10:47:56.023270,4.923,37.66
2025-06-27T10:48:06.030102,0.801,38.1
2025-06-27T10:48:16.036879,-5.193,38.28
2025-06-27T10:48:26.042741,-8.636,37.5
2025-06-27T10:48:36.050132,-10.762,38.01
2025-06-27T10:48:46.058073,-9.614,38.33
2025-06-27T10:48:56.064337,-4.597,38.37
2025-06-27T10:49:06.067080,-0.002,37.71
2025-06-27T10:49:16.073949,4.681,37.73
2025-06-27T10:49:26.081308,9.139,38.15
2025-06-27T10:49:36.088353,9.89,37.75
2025-06-27T10:49:46.094227,8.44,38.03
2025-06-27T10:49:56.099322,5.714,38.03
2025-06-27T10:50:06.106287,0.121,38.5
2025-06-27T10:50:16.113910,-5.323,38.47
2025-06-27T10:50:26.120947,-8.077,38.57
2025-06-27T10:50:36.127379,-9.658,38.23
2025-06-27T10:50:46.130968,-9.456,38.34
2025-06-27T10:50:56.137101,-4.323,38.59
2025-06-27T10:51:06.139456,0.524,38.53
2025-06-27T10:51:16.145351,4.777,39.12
2025-06-27T10:51:26.153620,9.282,39.18
2025-06-27T10:51:36.160852,10.075,39.09
2025-06-27T10:51:46.167549,7.906,39.02
2025-06-27T10:51:56.171531,4.622,39.1
2025-06-27T10:52:06.176854,0.1,38.65
2025-06-27T10:52:16.180374,-4.069,39.03
2025-06-27T10:52:26.183346,-9.512,39.0
2025-06-27T10:52:36.188233,-10.789,39.14
2025-06-27T10:52:46.192383,-8.467,39.57
2025-06-27T10:52:56.198245,-5.702,39.65
2025-06-27T10:53:06.205511,0.951,39.54
2025-06-27T10:53:16.210227,5.406,39.39
2025-06-27T10:53:26.216343,9.426,39.9
2025-06-27T10:53:36.222495,9.048,40.13
2025-06-27T10:53:46.225678,7.834,40.02
2025-06-27T10:53:56.233307,5.941,40.47
2025-06-27T10:54:06.240531,0.319,40.13
2025-06-27T10:54:16.246406,-4.647,40.16
2025-06-27T10:54:26.253298,-9.494,40.41
2025-06-27T10:54:36.261891,-9.0,40.15
2025-06-27T10:54:46.267380,-8.479,40.5
2025-06-27T10:54:56.273161,-4.288,41.18
2025-06-27T10:55:06.280521,-0.641,40.32
2025-06-27T10:55:16.286137,5.348,41.27
2025-06-27T10:55:26.289641,8.331,41.45
2025-06-27T10:55:36.295351,10.996,40.88
2025-06-27T10:55:46.302264,9.524,40.73
2025-06-27T10:55:56.309095,5.445,40.83
2025-06-27T10:56:06.311913,-0.158,41.34
2025-06-27T10:56:16.317432,-4.477,41.54
2025-06-27T10:56:26.324146,-9.543,42.05
2025-06-27T10:56:36.333142,-9.018,41.69
2025-06-27T10:56:46.336064,-9.183,41.7
2025-06-27T10:56:56.345086,-5.989,42.07
2025-06-27T10:57:06.350663,0.441,42.12
2025-06-27T10:57:16.355340,4.471,42.15
2025-06-27T10:57:26.362194,9.526,41.76
2025-06-27T10:57:36.367219,10.527,42.03
2025-06-27T10:57:46.371561,9.499,42.49
2025-06-27T10:57:56.376615,5.273,42.77
2025-06-27T10:58:06.382718,0.971,42.14
2025-06-27T10:58:16.390448,-5.712,42.38
2025-06-27T10:58:26.396607,-9.32,43.25
2025-06-27T10:58:36.402613,-10.353,43.14
2025-06-27T10:58:46.408194,-8.949,43.11
2025-06-27T10:58:56.414210,-4.504,43.32
2025-06-27T10:59:06.419951,-0.496,42.71
2025-06-27T10:59:16.426354,5.118,43.25
2025-06-27T10:59:26.430505,7.77,43.61
2025-06-27T10:59:36.438488,10.776,43.36
2025-06-27T10:59:46.443838,9.382,43.51
2025-06-27T10:59:56.449573,4.665,44.0
2025-06-27T11:00:06.451516,-0.263,43.77
2025-06-27T11:00:16.457278,-5.986,43.85
2025-06-27T11:00:26.464600,-8.205,44.12
2025-06-27T11:00:36.469259,-10.828,44.2
2025-06-27T11:00:46.476588,-8.938,44.23
2025-06-27T11:00:56.484007,-4.368,44.75
2025-06-27T11:01:06.490146,-0.732,44.82
2025-06-27T11:01:16.495436,5.87,44.15
2025-06-27T11:01:26.502132,8.009,44.47
2025-06-27T11:01:36.508105,10.091,45.06
2025-06-27T11:01:46.513570,8.701,44.39
2025-06-27T11:01:56.519868,5.642,44.76
2025-06-27T11:02:06.525354,0.404,45.5
2025-06-27T11:02:16.530528,-4.463,45.36
2025-06-27T11:02:26.537514,-8.499,45.21
2025-06-27T11:02:36.545092,-9.912,44.82
2025-06-27T11:02:46.551486,-8.852,45.07
2025-06-27T11:02:56.555782,-4.421,45.67
2025-06-27T11:03:06.561977,-0.237,45.61
2025-06-27T11:03:16.567648,5.821,45.69
2025-06-27T11:03:26.575280,7.89,45.63
2025-06-27T11:03:36.582265,9.169,45.87
2025-06-27T11:03:46.588477,8.34,45.78
2025-06-27T11:03:56.595650,5.407,46.27
2025-06-27T11:04:06.601587,-0.646,46.08
2025-06-27T11:04:16.607020,-5.979,46.26
2025-06-27T11:04:26.610461,-8.604,46.5
2025-06-27T11:04:36.619258,-9.961,46.8
2025-06-27T11:04:46.626502,-9.306,46.32
2025-06-27T11:04:56.631024,-4.069,46.7
2025-06-27T11:05:06.637638,-0.727,46.62
2025-06-27T11:05:16.643011,5.827,46.6
2025-06-27T11:05:26.651949,9.027,46.83
2025-06-27T11:05:36.658275,9.954,46.63
2025-06-27T11:05:46.665151,8.332,47.7
2025-06-27T11:05:56.670240,4.96,47.79
2025-06-27T11:06:06.676170,-0.982,47.36
2025-06-27T11:06:16.680987,-5.46,47.55
2025-06-27T11:06:26.687289,-8.343,47.68
2025-06-27T11:06:36.693850,-10.089,48.15
2025-06-27T11:06:46.701651,-9.259,48.01
2025-06-27T11:06:56.707728,-5.928,47.53
2025-06-27T11:07:06.714667,-0.272,48.49
2025-06-27T11:07:16.720275,4.967,47.89
2025-06-27T11:07:26.726373,8.303,47.92
2025-06-27T11:07:36.730096,9.101,48.33
2025-06-27T11:07:46.734341,8.499,48.37
2025-06-27T11:07:56.738094,4.22,48.51
2025-06-27T11:08:06.744127,-0.71,48.71
2025-06-27T11:08:16.751391,-4.586,49.07
2025-06-27T11:08:26.757969,-8.576,48.37
2025-06-27T11:08:36.764813,-10.928,48.53
2025-06-27T11:08:46.772020,-9.292,48.82
2025-06-27T11:08:56.778371,-4.006,49.13
2025-06-27T11:09:06.782656,-0.087,49.6
2025-06-27T11:09:16.790014,5.368,49.6
2025-06-27T11:09:26.795970,8.284,49.33
2025-06-27T11:09:36.800516,9.479,49.01
2025-06-27T11:09:46.804783,9.61,49.24
2025-06-27T11:09:56.811577,4.942,49.92
2025-06-27T11:10:06.817805,-0.89,49.82
2025-06-27T11:10:16.825199,-4.946,49.43
2025-06-27T11:10:26.829593,-9.048,49.89
2025-06-27T11:10:36.837001,-9.561,49.98
2025-06-27T11:10:46.841179,-7.874,50.09
2025-06-27T11:10:56.847434,-5.844,50.13
2025-06-27T11:11:06.854307,-0.87,50.51
2025-06-27T11:11:16.860645,4.348,50.92
2025-06-27T11:11:26.865811,9.229,50.87
2025-06-27T11:11:36.869368,10.679,50.22
2025-06-27T11:11:46.874113,9.389,50.79
2025-06-27T11:11:56.878329,4.532,50.83
2025-06-27T11:12:06.883462,0.43,50.68
2025-06-27T11:12:16.891272,-4.217,51.32
2025-06-27T11:12:26.895361,-9.209,50.73
2025-06-27T11:12:36.902006,-9.237,51.28
2025-06-27T11:12:46.906906,-9.432,51.28
2025-06-27T11:12:56.913622,-5.276,51.95
2025-06-27T11:13:06.920809,0.479,51.32
2025-06-27T11:13:16.927491,4.48,51.32
2025-06-27T11:13:26.929460,9.167,51.82
2025-06-27T11:13:36.935176,10.514,51.65
2025-06-27T11:13:46.941701,9.455,52.5
2025-06-27T11:13:56.947625,4.642,51.96
2025-06-27T11:14:06.954323,-0.59,51.94
2025-06-27T11:14:16.957007,-5.397,52.11
2025-06-27T11:14:26.965117,-9.19,52.05
2025-06-27T11:14:36.971962,-9.971,52.05
2025-06-27T11:14:46.974738,-7.998,52.8
2025-06-27T11:14:56.983244,-4.639,52.59
2025-06-27T11:15:06.988156,-0.425,52.9
2025-06-27T11:15:16.991330,5.09,53.39
2025-06-27T11:15:26.997746,9.474,52.88
2025-06-27T11:15:37.003436,10.04,53.4
2025-06-27T11:15:47.010968,9.299,53.32
2025-06-27T11:15:57.014178,5.802,53.67
2025-06-27T11:16:07.020598,0.437,53.61
2025-06-27T11:16:17.026887,-4.327,53.19
2025-06-27T11:16:27.031710,-8.672,53.79
2025-06-27T11:16:37.040761,-9.488,53.3
2025-06-27T11:16:47.047668,-8.863,53.35
2025-06-27T11:16:57.053401,-5.148,53.58
2025-06-27T11:17:07.059734,-0.83,53.74
2025-06-27T11:17:17.065379,4.079,54.05
2025-06-27T11:17:27.071116,8.071,54.1
2025-06-27T11:17:37.077397,9.667,54.28
2025-06-27T12:48:22.220132,8.949,54.83
2025-06-27T12:48:32.419458,5.321,54.58
2025-06-27T12:48:42.459903,0.436,54.14
2025-06-27T12:48:52.462077,-4.491,54.24
2025-06-27T12:49:02.463810,-7.68,54.53
2025-06-27T12:49:12.466577,-10.857,54.43
2025-06-27T12:49:22.469474,-8.393,54.52
2025-06-27T12:49:32.471409,-5.532,55.14
2025-06-27T12:49:42.474684,0.968,55.59
2025-06-27T12:49:52.477303,5.0,55.47
2025-06-27T12:50:02.480199,8.515,55.29
2025-06-27T12:50:12.484044,10.595,55.18
2025-06-27T12:50:22.487424,8.119,55.29
2025-06-27T12:50:32.492133,4.13,55.37
2025-06-27T12:50:42.495361,0.704,55.76
2025-06-27T12:50:52.498484,-5.863,56.11
2025-06-27T12:51:02.501066,-9.132,55.72
2025-06-27T12:51:12.504429,-10.577,55.72
2025-06-27T12:51:22.507953,-8.797,55.73
2025-06-27T12:51:32.510810,-4.643,56.78
2025-06-27T12:51:42.513967,0.903,56.47
2025-06-27T12:51:52.517506,4.24,56.97
2025-06-27T12:52:02.521323,7.884,56.24
2025-06-27T12:52:12.524358,9.82,56.58
2025-06-27T12:52:22.527705,8.436,56.72
2025-06-27T12:52:32.530686,4.754,57.05
2025-06-27T12:52:42.534571,-0.309,56.5
2025-06-27T12:52:52.538223,-5.132,57.59
2025-06-27T12:53:02.541407,-7.815,56.97
2025-06-27T12:53:12.544054,-10.64,57.23
