timestamp,sound_db,fill_level_pct
2025-06-21T15:51:48.402530,70.0,60.0
2025-06-21T15:51:58.405244,75.0,66.8
2025-06-21T15:52:08.407161,78.66,72.9
2025-06-21T15:52:18.409135,80.0,77.3
2025-06-21T15:52:28.411545,78.66,79.7
2025-06-21T15:52:38.413622,75.0,79.7
2025-06-21T15:52:48.415423,70.0,77.3
2025-06-21T15:52:58.419307,65.0,72.9
2025-06-21T15:53:08.422744,61.34,66.8
2025-06-21T15:53:18.425970,60.0,60.0
2025-06-21T15:53:28.429475,61.34,53.2
2025-06-21T15:53:38.432857,65.0,47.1
2025-06-21T15:53:48.436578,70.0,42.7
2025-06-21T15:53:58.440046,75.0,40.3
2025-06-21T15:54:08.443702,78.66,40.3
2025-06-21T15:54:18.447166,80.0,42.7
2025-06-21T15:54:28.449215,78.66,47.1
2025-06-21T15:54:38.453046,75.0,53.2
2025-06-21T15:54:48.456123,70.0,60.0
2025-06-21T15:54:58.458673,65.0,66.8
2025-06-21T15:55:08.461924,61.34,72.9
2025-06-21T15:55:18.463438,60.0,77.3
2025-06-21T15:55:28.466147,61.34,79.7
2025-06-21T15:55:38.467639,65.0,79.7
2025-06-21T15:55:48.470932,70.0,77.3
2025-06-21T15:55:58.474237,75.0,72.9
2025-06-21T15:56:08.476395,78.66,66.8
2025-06-21T15:56:18.479579,80.0,60.0
2025-06-21T15:56:28.482102,78.66,53.2
2025-06-21T15:59:05.954912,70.0,60.0
2025-06-21T15:59:15.962703,75.0,66.8
2025-06-21T15:59:25.964759,78.66,72.9
2025-06-21T15:59:35.966911,80.0,77.3
2025-06-21T15:59:45.969713,78.66,79.7
2025-06-21T15:59:55.974799,75.0,79.7
2025-06-21T16:00:05.978292,70.0,77.3
2025-06-21T16:00:15.981632,65.0,72.9
2025-06-21T16:00:25.988392,61.34,66.8
2025-06-21T16:00:35.993169,60.0,60.0
2025-06-21T16:00:45.997953,61.34,53.2
2025-06-21T16:00:56.002835,65.0,47.1
2025-06-21T16:01:06.005806,70.0,42.7
2025-06-21T16:01:16.010807,75.0,40.3
2025-06-21T16:01:26.016138,78.66,40.3
2025-06-21T16:01:36.021643,80.0,42.7
2025-06-21T16:01:46.027236,78.66,47.1
2025-06-21T16:01:56.031415,75.0,53.2
2025-06-21T16:02:06.036641,70.0,60.0
2025-06-21T16:02:16.041086,65.0,66.8
2025-06-21T16:02:26.047418,61.34,72.9
2025-06-21T16:02:36.051902,60.0,77.3
2025-06-21T16:02:46.055319,61.34,79.7
2025-06-21T16:02:56.058295,65.0,79.7
2025-06-21T16:03:06.063251,70.0,77.3
2025-06-21T16:03:16.068109,75.0,72.9
2025-06-21T16:03:26.072811,78.66,66.8
2025-06-21T16:03:36.075195,80.0,60.0
2025-06-21T16:03:46.077549,78.66,53.2
2025-06-21T16:03:56.080605,75.0,47.1
2025-06-21T16:04:06.081720,70.0,42.7
2025-06-21T16:04:16.083636,65.0,40.3
2025-06-21T16:04:26.086317,61.34,40.3
2025-06-21T16:04:36.090296,60.0,42.7
2025-06-21T16:04:46.093230,61.34,47.1
2025-06-21T16:04:56.096209,65.0,53.2
2025-06-21T16:05:06.098674,70.0,60.0
2025-06-21T16:05:16.104047,75.0,66.8
2025-06-21T16:05:26.108798,78.66,72.9
2025-06-21T16:05:36.112970,80.0,77.3
2025-06-21T16:05:46.115701,78.66,79.7
2025-06-21T16:05:56.118423,75.0,79.7
2025-06-21T16:06:06.121059,70.0,77.3
2025-06-21T16:06:16.126291,65.0,72.9
2025-06-21T16:06:26.128539,61.34,66.8
2025-06-21T16:06:36.132842,60.0,60.0
2025-06-21T16:06:46.136350,61.34,53.2
2025-06-21T16:06:56.138891,65.0,47.1
2025-06-21T16:07:06.142472,90.0,72.7
2025-06-21T16:07:16.155542,95.0,70.3
2025-06-21T16:07:26.157856,98.66,70.3
2025-06-21T16:07:36.163042,100.0,72.7
2025-06-21T16:07:46.165357,98.66,77.1
2025-06-21T16:07:56.170933,95.0,83.2
2025-06-21T16:08:06.175246,90.0,90.0
2025-06-21T16:08:16.182149,85.0,96.8
2025-06-21T16:08:26.185839,81.34,102.9
2025-06-21T16:08:36.189696,80.0,107.3
2025-06-21T16:08:46.194796,81.34,109.7
2025-06-21T16:08:56.196959,85.0,109.7
2025-06-21T16:09:06.201403,70.0,77.3
2025-06-21T16:09:16.205912,75.0,72.9
2025-06-21T16:09:26.208874,78.66,66.8
2025-06-21T16:09:36.214811,80.0,60.0
2025-06-21T16:09:46.220434,78.66,53.2
2025-06-21T16:09:56.224112,75.0,47.1
2025-06-21T16:10:06.229454,70.0,42.7
2025-06-21T16:10:16.232463,65.0,40.3
2025-06-21T16:10:26.234223,61.34,40.3
2025-06-21T16:10:36.239086,60.0,42.7
2025-06-21T16:10:46.242036,61.34,47.1
2025-06-21T16:10:56.246647,65.0,53.2
2025-06-21T16:11:06.250344,70.0,60.0
2025-06-21T16:11:16.254877,75.0,66.8
2025-06-21T16:11:26.257264,78.66,72.9
2025-06-21T16:11:36.262204,80.0,77.3
2025-06-21T16:11:46.265365,78.66,79.7
2025-06-21T16:11:56.270709,75.0,79.7
2025-06-21T16:12:06.274696,70.0,77.3
2025-06-21T16:12:16.278035,65.0,72.9
2025-06-21T16:12:26.280434,61.34,66.8
2025-06-21T16:12:36.283202,60.0,60.0
2025-06-21T16:12:46.287101,61.34,53.2
2025-06-21T16:12:56.289787,65.0,47.1
2025-06-21T16:13:06.294439,70.0,42.7
2025-06-21T16:13:16.300013,75.0,40.3
2025-06-21T16:13:26.301455,78.66,40.3
2025-06-21T16:13:36.304588,80.0,42.7
2025-06-21T16:13:46.310222,78.66,47.1
2025-06-21T16:13:56.316151,75.0,53.2
2025-06-21T16:14:06.321271,70.0,60.0
2025-06-21T16:14:16.325045,65.0,66.8
2025-06-21T16:14:26.329627,61.34,72.9
2025-06-21T16:14:36.334125,60.0,77.3
2025-06-21T16:14:46.338406,61.34,79.7
2025-06-21T16:14:56.343228,65.0,79.7
2025-06-21T16:15:06.348543,70.0,77.3
2025-06-21T16:15:16.354354,75.0,72.9
2025-06-21T16:15:26.359860,78.66,66.8
2025-06-21T16:15:36.365472,80.0,60.0
2025-06-21T16:15:46.370466,78.66,53.2
2025-06-21T16:15:56.373897,75.0,47.1
2025-06-21T16:16:06.378161,70.0,42.7
2025-06-21T16:16:16.380630,65.0,40.3
2025-06-21T16:16:26.382641,61.34,40.3
2025-06-21T16:16:36.388676,60.0,42.7
2025-06-21T16:16:46.392896,61.34,47.1
2025-06-21T16:16:56.397118,65.0,53.2
2025-06-21T16:17:06.401488,70.0,60.0
2025-06-21T16:17:16.406009,75.0,66.8
2025-06-21T16:17:26.407801,78.66,72.9
2025-06-21T16:17:36.413449,80.0,77.3
2025-06-21T16:17:46.416035,78.66,79.7
2025-06-21T16:17:56.421178,75.0,79.7
2025-06-21T16:18:06.426062,70.0,77.3
2025-06-21T16:18:16.430279,65.0,72.9
2025-06-21T16:18:26.433945,61.34,66.8
2025-06-21T16:18:36.438650,60.0,60.0
2025-06-21T16:18:46.442510,61.34,53.2
2025-06-21T16:18:56.445370,65.0,47.1
2025-06-21T16:19:06.447586,70.0,42.7
2025-06-21T16:19:16.451375,75.0,40.3
2025-06-21T16:19:26.455507,78.66,40.3
2025-06-21T16:19:36.460554,80.0,42.7
2025-06-21T16:19:46.463907,78.66,47.1
2025-06-21T16:19:56.466716,75.0,53.2
2025-06-21T16:20:06.470293,70.0,60.0
2025-06-21T16:20:16.472992,65.0,66.8
2025-06-21T16:20:26.476382,61.34,72.9
2025-06-21T16:20:36.479558,60.0,77.3
2025-06-21T16:20:46.481764,61.34,79.7
2025-06-21T16:20:56.485380,65.0,79.7
2025-06-21T16:21:06.489479,70.0,77.3
2025-06-21T16:21:16.494404,75.0,72.9
2025-06-21T16:21:26.499475,78.66,66.8
2025-06-21T16:21:36.505061,80.0,60.0
2025-06-21T16:21:46.509947,78.66,53.2
2025-06-21T16:21:56.513087,75.0,47.1
2025-06-21T16:22:06.516244,70.0,42.7
2025-06-21T16:22:16.521891,65.0,40.3
2025-06-21T16:22:26.524320,61.34,40.3
2025-06-21T16:22:36.530270,60.0,42.7
2025-06-21T16:22:46.535106,61.34,47.1
2025-06-21T16:22:56.537959,65.0,53.2
2025-06-21T16:23:06.542812,70.0,60.0
2025-06-21T16:23:16.549011,75.0,66.8
2025-06-21T16:23:26.552404,78.66,72.9
2025-06-21T16:23:36.556712,80.0,77.3
2025-06-21T16:23:46.559349,78.66,79.7
2025-06-21T16:23:56.561385,75.0,79.7
2025-06-21T16:24:06.566618,70.0,77.3
2025-06-21T16:24:16.570862,65.0,72.9
2025-06-21T16:24:26.573476,61.34,66.8
2025-06-21T16:24:36.577976,60.0,60.0
2025-06-21T16:24:46.581260,61.34,53.2
2025-06-21T16:24:56.583819,65.0,47.1
2025-06-21T16:25:06.587879,70.0,42.7
2025-06-21T16:25:16.590402,75.0,40.3
2025-06-21T16:25:26.593253,78.66,40.3
2025-06-21T16:25:36.596243,80.0,42.7
2025-06-21T16:25:46.599492,78.66,47.1
2025-06-21T16:25:56.601556,75.0,53.2
2025-06-21T16:26:06.604039,70.0,60.0
2025-06-21T16:26:16.618331,65.0,66.8
2025-06-21T16:26:26.631277,61.34,72.9
2025-06-21T16:26:36.633959,60.0,77.3
2025-06-21T16:26:46.637837,61.34,79.7
2025-06-21T16:26:56.641102,65.0,79.7
2025-06-21T16:27:06.645788,70.0,77.3
2025-06-21T16:27:16.746989,75.0,72.9
2025-06-21T16:27:26.758827,78.66,66.8
2025-06-21T16:27:36.761974,80.0,60.0
2025-06-21T16:27:46.868287,78.66,53.2
2025-06-21T16:27:56.871441,75.0,47.1
2025-06-21T16:28:06.876100,70.0,42.7
2025-06-21T16:28:16.897195,65.0,40.3
2025-06-21T16:28:26.908847,61.34,40.3
2025-06-21T16:28:36.914035,60.0,42.7
2025-06-21T16:28:46.921271,61.34,47.1
2025-06-21T16:28:56.925745,65.0,53.2
2025-06-21T16:42:26.575835,70.0,60.0
2025-06-21T16:42:36.584993,75.0,66.8
2025-06-21T16:42:46.590905,78.66,72.9
2025-06-21T16:42:56.597437,80.0,77.3
2025-06-21T16:43:06.599882,78.66,79.7
2025-06-21T16:43:16.603505,75.0,79.7
2025-06-21T16:43:26.608522,70.0,77.3
2025-06-21T16:43:36.612316,65.0,72.9
2025-06-21T16:43:46.614953,61.34,66.8
2025-06-21T16:43:56.618064,60.0,60.0
2025-06-21T16:44:06.622642,61.34,53.2
2025-06-21T16:44:16.629726,65.0,47.1
2025-06-21T16:44:26.633799,70.0,42.7
2025-06-21T16:44:36.638137,75.0,40.3
2025-06-21T16:44:46.643106,78.66,40.3
2025-06-21T16:44:56.647635,80.0,42.7
2025-06-21T16:45:06.651407,78.66,47.1
2025-06-21T16:45:16.654423,75.0,53.2
2025-06-21T16:54:25.325268,70.0,60.0
2025-06-21T16:54:35.331719,75.0,66.8
2025-06-21T16:54:45.338393,78.66,72.9
2025-06-21T16:54:55.355587,80.0,77.3
2025-06-21T16:55:05.361955,78.66,79.7
2025-06-21T16:55:15.376734,75.0,79.7
2025-06-21T16:55:25.396046,70.0,77.3
2025-06-21T16:55:35.401298,65.0,72.9
2025-06-21T16:55:45.406102,61.34,66.8
2025-06-21T16:55:55.409072,60.0,60.0
2025-06-21T16:56:05.411897,61.34,53.2
2025-06-21T16:56:15.425173,65.0,47.1
2025-06-21T16:56:25.438665,70.0,42.7
2025-06-21T16:56:35.444974,75.0,40.3
2025-06-21T16:56:45.451322,78.66,40.3
2025-06-21T16:56:55.454239,80.0,42.7
2025-06-21T16:57:05.462596,78.66,47.1
2025-06-21T16:57:15.471300,75.0,53.2
2025-06-21T16:57:25.479618,70.0,60.0
2025-06-21T16:57:35.484942,65.0,66.8
2025-06-21T16:57:45.489006,61.34,72.9
2025-06-21T16:57:55.493182,60.0,77.3
2025-06-21T16:58:05.498674,61.34,79.7
2025-06-21T16:58:15.503487,65.0,79.7
2025-06-21T16:58:25.506896,70.0,77.3
2025-06-21T16:58:35.681889,75.0,72.9
2025-06-21T16:58:45.691781,78.66,66.8
2025-06-21T16:58:55.694774,80.0,60.0
2025-06-21T16:59:05.698974,78.66,53.2
2025-06-21T16:59:15.703627,75.0,47.1
2025-06-21T16:59:25.706713,70.0,42.7
2025-06-21T16:59:35.709231,65.0,40.3
2025-06-21T16:59:45.713295,61.34,40.3
2025-06-21T16:59:55.716512,60.0,42.7
2025-06-21T17:00:05.719717,61.34,47.1
2025-06-21T17:00:15.722939,65.0,53.2
2025-06-21T17:00:25.724530,70.0,60.0
2025-06-21T17:00:35.727125,75.0,66.8
2025-06-21T17:00:45.731859,78.66,72.9
2025-06-21T17:00:55.733724,80.0,77.3
2025-06-21T17:01:05.738944,78.66,79.7
2025-06-21T17:01:15.762271,75.0,79.7
2025-06-21T17:01:25.766044,70.0,77.3
2025-06-21T17:01:35.769147,65.0,72.9
2025-06-21T17:01:45.771609,61.34,66.8
2025-06-21T17:01:55.774044,60.0,60.0
2025-06-21T17:02:06.052290,61.34,53.2
2025-06-21T17:02:16.055397,65.0,47.1
2025-06-21T17:02:26.059643,90.0,72.7
2025-06-21T17:02:36.091523,95.0,70.3
2025-06-21T17:02:46.101197,98.66,70.3
2025-06-21T17:02:56.105009,100.0,72.7
2025-06-21T17:03:06.107480,98.66,77.1
2025-06-21T17:03:16.109582,95.0,83.2
2025-06-21T17:03:26.112070,90.0,90.0
2025-06-21T17:03:36.115827,85.0,96.8
2025-06-21T17:03:46.121034,81.34,102.9
2025-06-21T17:03:56.125962,80.0,107.3
2025-06-21T17:04:06.129694,81.34,109.7
2025-06-21T17:04:16.131728,85.0,109.7
2025-06-21T17:04:26.134331,70.0,77.3
2025-06-21T17:04:36.660392,70.0,60.0
2025-06-21T17:04:46.669082,75.0,66.8
2025-06-21T17:04:56.671008,78.66,72.9
2025-06-21T17:05:06.673624,80.0,77.3
2025-06-21T17:05:16.677594,78.66,79.7
2025-06-21T17:05:26.684338,75.0,79.7
2025-06-21T17:05:36.690721,70.0,77.3
2025-06-21T17:05:46.698137,65.0,72.9
2025-06-21T17:05:56.702612,61.34,66.8
2025-06-21T17:06:06.707387,60.0,60.0
2025-06-21T17:06:16.713994,61.34,53.2
2025-06-21T17:06:26.721455,65.0,47.1
2025-06-21T17:06:36.728108,70.0,42.7
2025-06-21T17:06:46.735123,75.0,40.3
2025-06-21T17:16:52.547864,70.0,60.0
2025-06-21T17:17:02.553425,75.0,66.8
2025-06-21T17:17:12.556213,78.66,72.9
2025-06-21T17:17:22.564022,80.0,77.3
2025-06-21T17:17:32.569365,78.66,79.7
2025-06-21T17:17:42.572194,75.0,79.7
2025-06-21T17:17:52.576064,70.0,77.3
2025-06-21T17:18:02.583357,65.0,72.9
2025-06-21T17:18:12.592532,61.34,66.8
2025-06-21T17:18:22.598759,60.0,60.0
2025-06-21T17:18:32.601818,61.34,53.2
2025-06-21T18:38:30.644279,70.0,60.0
2025-06-21T18:38:40.650451,75.0,66.8
2025-06-21T18:38:50.653485,78.66,72.9
2025-06-21T18:39:00.656671,80.0,77.3
2025-06-21T18:39:10.665247,78.66,79.7
2025-06-21T18:39:20.675541,75.0,79.7
2025-06-21T18:39:30.680497,70.0,77.3
2025-06-21T18:39:40.688586,65.0,72.9
2025-06-21T18:39:50.695376,61.34,66.8
2025-06-21T18:40:00.697572,60.0,60.0
2025-06-21T18:40:10.700148,61.34,53.2
2025-06-21T18:40:20.701746,65.0,47.1
2025-06-21T18:40:30.705197,70.0,42.7
2025-06-21T18:40:40.707760,75.0,40.3
2025-06-21T18:40:50.710062,78.66,40.3
2025-06-21T18:41:00.712902,80.0,42.7
2025-06-21T18:41:10.715712,78.66,47.1
2025-06-21T18:41:20.717617,75.0,53.2
2025-06-21T18:41:30.722099,70.0,60.0
2025-06-21T18:41:40.723977,65.0,66.8
2025-06-21T18:41:50.727069,61.34,72.9
2025-06-21T18:42:00.729833,60.0,77.3
2025-06-21T18:42:10.732819,61.34,79.7
2025-06-21T18:42:20.735599,65.0,79.7
2025-06-21T18:42:30.737452,70.0,77.3
2025-06-21T18:42:40.739474,75.0,72.9
2025-06-21T18:43:11.894126,70.0,60.0
2025-06-21T18:43:21.902118,75.0,66.8
2025-06-21T18:43:31.910229,78.66,72.9
2025-06-21T18:43:41.912887,80.0,77.3
2025-06-21T18:43:51.919930,78.66,79.7
2025-06-21T18:44:01.929538,75.0,79.7
2025-06-21T18:44:11.934320,70.0,77.3
2025-06-21T18:44:21.938731,65.0,72.9
2025-06-21T18:44:31.942162,61.34,66.8
2025-06-21T18:44:41.950953,60.0,60.0
2025-06-21T18:44:51.960029,61.34,53.2
2025-06-21T18:45:01.961864,65.0,47.1
2025-06-21T18:45:11.969871,70.0,42.7
2025-06-21T18:45:21.978701,75.0,40.3
2025-06-21T18:45:31.985406,78.66,40.3
2025-06-21T18:45:41.994409,80.0,42.7
2025-06-21T18:45:52.003435,78.66,47.1
2025-06-21T18:46:02.010910,75.0,53.2
2025-06-21T18:46:12.018335,70.0,60.0
2025-06-21T18:46:22.023585,65.0,66.8
2025-06-21T18:49:15.700325,70.0,60.0
2025-06-21T18:49:25.707585,75.0,66.8
2025-06-21T18:49:35.710532,78.66,72.9
2025-06-21T18:49:45.719936,80.0,77.3
2025-06-21T18:49:55.727711,78.66,79.7
2025-06-21T19:19:15.452987,70.0,60.0
2025-06-21T19:19:25.461511,75.0,66.8
2025-06-21T19:19:35.465106,78.66,72.9
2025-06-21T19:19:45.470992,80.0,77.3
2025-06-21T19:19:55.477398,78.66,79.7
2025-06-21T19:20:05.485581,75.0,79.7
2025-06-21T19:20:15.489921,70.0,77.3
2025-06-21T19:20:25.495037,65.0,72.9
2025-06-21T19:20:35.500917,61.34,66.8
2025-06-21T19:20:45.508285,60.0,60.0
2025-06-21T19:20:55.515680,61.34,53.2
2025-06-21T19:21:05.519821,65.0,47.1
2025-06-21T19:21:15.521613,70.0,42.7
2025-06-21T19:21:25.524236,75.0,40.3
2025-06-21T19:21:35.526083,78.66,40.3
2025-06-21T19:21:45.527842,80.0,42.7
2025-06-21T19:21:55.531002,78.66,47.1
2025-06-21T19:22:05.534467,75.0,53.2
2025-06-21T19:22:15.537476,70.0,60.0
2025-06-21T19:22:25.540231,65.0,66.8
2025-06-21T19:22:35.541964,61.34,72.9
2025-06-21T19:22:45.543916,60.0,77.3
2025-06-21T19:22:55.547147,61.34,79.7
2025-06-21T19:23:05.549419,65.0,79.7
2025-06-21T19:23:15.551343,70.0,77.3
2025-06-21T19:23:25.554627,75.0,72.9
2025-06-21T19:23:35.558535,78.66,66.8
2025-06-21T19:23:45.562216,80.0,60.0
2025-06-21T19:23:55.565481,78.66,53.2
2025-06-21T19:24:05.567101,75.0,47.1
2025-06-21T19:24:15.569177,70.0,42.7
2025-06-21T19:24:25.572884,65.0,40.3
2025-06-21T19:24:35.576510,61.34,40.3
2025-06-21T19:24:45.578091,60.0,42.7
2025-06-21T19:24:55.580612,61.34,47.1
2025-06-21T19:25:05.584240,65.0,53.2
2025-06-21T19:25:15.586386,70.0,60.0
2025-06-21T19:25:25.589808,75.0,66.8
2025-06-21T19:25:35.593269,78.66,72.9
2025-06-21T19:25:45.595402,80.0,77.3
2025-06-21T19:25:55.598649,78.66,79.7
2025-06-21T19:26:05.601904,75.0,79.7
2025-06-21T19:26:15.604120,70.0,77.3
2025-06-21T19:26:25.607156,65.0,72.9
2025-06-21T19:26:35.644582,61.34,66.8
2025-06-21T19:26:45.647181,60.0,60.0
2025-06-21T19:26:55.648836,61.34,53.2
2025-06-21T19:27:05.674420,65.0,47.1
2025-06-21T19:27:15.687658,90.0,72.7
2025-06-21T19:27:25.691269,95.0,70.3
2025-06-21T19:27:35.694242,98.66,70.3
2025-06-21T19:27:45.696328,100.0,72.7
2025-06-21T19:27:55.700363,98.66,77.1
2025-06-21T19:28:05.710997,95.0,83.2
2025-06-21T19:28:15.713208,90.0,90.0
2025-06-21T19:28:25.716771,85.0,96.8
2025-06-21T19:28:35.751918,81.34,102.9
2025-06-21T19:28:45.759199,80.0,107.3
2025-06-21T19:28:55.763758,81.34,109.7
2025-06-21T19:29:05.779116,85.0,109.7
2025-06-21T19:29:15.806268,70.0,77.3
2025-06-21T19:29:25.809282,75.0,72.9
2025-06-21T19:29:35.817199,78.66,66.8
2025-06-21T19:29:45.822522,80.0,60.0
2025-06-21T19:29:55.825715,78.66,53.2
2025-06-21T19:30:05.829498,75.0,47.1
2025-06-21T19:30:15.831819,70.0,42.7
2025-06-21T19:30:25.834845,65.0,40.3
2025-06-21T19:30:35.836228,61.34,40.3
2025-06-21T19:30:45.837762,60.0,42.7
2025-06-21T19:30:55.839088,61.34,47.1
2025-06-21T19:31:05.841566,65.0,53.2
2025-06-21T19:31:15.843739,70.0,60.0
2025-06-21T19:31:25.845426,75.0,66.8
2025-06-21T19:31:35.846644,78.66,72.9
2025-06-21T19:31:45.854414,80.0,77.3
2025-06-21T19:31:55.861027,78.66,79.7
2025-06-21T19:32:05.866650,75.0,79.7
2025-06-21T19:32:15.872737,70.0,77.3
2025-06-21T19:32:25.880014,65.0,72.9
2025-06-21T19:32:35.886441,61.34,66.8
2025-06-21T19:32:45.892955,60.0,60.0
2025-06-21T19:32:55.899812,61.34,53.2
2025-06-21T19:33:05.906352,65.0,47.1
2025-06-21T19:33:15.912252,70.0,42.7
2025-06-21T19:33:25.920577,75.0,40.3
2025-06-21T19:33:35.927650,78.66,40.3
2025-06-21T22:27:00.056774,80.0,42.7
2025-06-21T22:27:10.087679,78.66,47.1
2025-06-23T11:03:21.185012,70.0,60.0
2025-06-23T11:03:31.190449,75.0,66.8
2025-06-23T11:03:41.199145,78.66,72.9
2025-06-23T11:03:51.201927,80.0,77.3
2025-06-23T11:04:01.208458,78.66,79.7
2025-06-23T11:04:11.214925,75.0,79.7
2025-06-23T11:04:21.221045,70.0,77.3
2025-06-23T11:04:31.230435,65.0,72.9
2025-06-23T11:04:41.241698,61.34,66.8
2025-06-23T11:04:51.248858,60.0,60.0
2025-06-23T11:05:01.256131,61.34,53.2
2025-06-23T11:05:11.261815,65.0,47.1
2025-06-23T11:05:21.273062,70.0,42.7
2025-06-23T11:05:31.279699,75.0,40.3
2025-06-23T11:05:41.287060,78.66,40.3
2025-06-23T11:05:51.295013,80.0,42.7
2025-06-23T11:06:01.301009,78.66,47.1
2025-06-23T11:06:11.306987,75.0,53.2
2025-06-23T11:06:21.310026,70.0,60.0
2025-06-23T11:06:31.317592,65.0,66.8
2025-06-23T11:06:41.324415,61.34,72.9
2025-06-23T11:06:51.331721,60.0,77.3
2025-06-23T11:07:01.341218,61.34,79.7
2025-06-23T11:07:11.346998,65.0,79.7
2025-06-23T11:07:21.353189,70.0,77.3
2025-06-23T11:07:31.356025,75.0,72.9
2025-06-23T11:07:41.359062,78.66,66.8
2025-06-23T11:07:51.364102,80.0,60.0
2025-06-23T11:08:01.370777,78.66,53.2
2025-06-23T11:08:11.378811,75.0,47.1
2025-06-23T11:08:21.385364,70.0,42.7
2025-06-23T11:08:31.390219,65.0,40.3
2025-06-23T11:08:41.393008,61.34,40.3
2025-06-23T11:08:51.396759,60.0,42.7
2025-06-23T11:09:01.402589,61.34,47.1
2025-06-23T11:09:11.406187,65.0,53.2
2025-06-23T11:09:21.411595,70.0,60.0
2025-06-23T11:09:31.420825,75.0,66.8
2025-06-23T11:09:41.426097,78.66,72.9
2025-06-23T11:09:51.430343,80.0,77.3
2025-06-23T11:10:01.436885,78.66,79.7
2025-06-23T11:10:11.442221,75.0,79.7
2025-06-23T11:10:21.446084,70.0,77.3
2025-06-23T11:10:31.453016,65.0,72.9
2025-06-23T11:10:41.459001,61.34,66.8
2025-06-23T11:10:51.462033,60.0,60.0
2025-06-23T11:11:01.468864,61.34,53.2
2025-06-23T11:11:11.476662,65.0,47.1
2025-06-23T11:11:21.485574,90.0,72.7
2025-06-23T11:11:31.490578,95.0,70.3
2025-06-23T11:11:41.499116,98.66,70.3
2025-06-23T11:11:51.503066,100.0,72.7
2025-06-23T11:12:01.509389,98.66,77.1
2025-06-23T11:12:11.516323,95.0,83.2
2025-06-23T11:12:21.519371,90.0,90.0
2025-06-23T11:12:31.526506,85.0,96.8
2025-06-23T11:12:41.532852,81.34,102.9
2025-06-23T11:12:51.538109,80.0,107.3
2025-06-23T11:13:01.543619,81.34,109.7
2025-06-23T11:13:11.546671,85.0,109.7
2025-06-23T11:13:21.554011,70.0,77.3
2025-06-23T11:13:31.560220,75.0,72.9
2025-06-23T11:13:41.565883,78.66,66.8
2025-06-23T11:13:51.574045,80.0,60.0
2025-06-23T11:14:01.577642,78.66,53.2
2025-06-23T11:14:11.582740,75.0,47.1
2025-06-23T11:14:21.587242,70.0,42.7
2025-06-23T11:14:31.590640,65.0,40.3
2025-06-23T11:14:41.594524,61.34,40.3
2025-06-23T11:14:51.597472,60.0,42.7
2025-06-23T11:15:01.603293,61.34,47.1
2025-06-23T11:15:11.609146,65.0,53.2
2025-06-23T11:15:21.613005,70.0,60.0
2025-06-23T11:15:31.620327,75.0,66.8
2025-06-23T11:15:41.625907,78.66,72.9
2025-06-23T11:15:51.632388,80.0,77.3
2025-06-23T11:16:01.638039,78.66,79.7
2025-06-23T11:16:11.646932,75.0,79.7
2025-06-23T11:16:21.651474,70.0,77.3
2025-06-23T11:16:31.657576,65.0,72.9
2025-06-23T11:16:41.663168,61.34,66.8
2025-06-23T11:16:51.669150,60.0,60.0
2025-06-23T11:17:01.676435,61.34,53.2
2025-06-23T11:17:11.679932,65.0,47.1
2025-06-23T11:17:21.687639,70.0,42.7
2025-06-23T11:17:31.693884,75.0,40.3
2025-06-23T11:17:41.699394,78.66,40.3
2025-06-23T11:17:51.706263,80.0,42.7
2025-06-23T11:18:01.712224,78.66,47.1
2025-06-23T11:18:11.716170,75.0,53.2
2025-06-23T11:18:21.720833,70.0,60.0
2025-06-23T11:18:31.728604,65.0,66.8
2025-06-23T11:18:41.732002,61.34,72.9
2025-06-23T11:18:51.737090,60.0,77.3
2025-06-23T11:19:01.740248,61.34,79.7
2025-06-23T11:19:11.746866,65.0,79.7
2025-06-23T11:19:21.750993,70.0,77.3
2025-06-23T11:19:31.754445,75.0,72.9
2025-06-23T11:19:41.757142,78.66,66.8
2025-06-23T11:19:51.761630,80.0,60.0
2025-06-23T11:20:01.763600,78.66,53.2
2025-06-23T11:20:11.768019,75.0,47.1
2025-06-23T11:20:21.776086,70.0,42.7
2025-06-23T11:20:31.781930,65.0,40.3
2025-06-23T11:20:41.786152,61.34,40.3
2025-06-23T11:20:51.793196,60.0,42.7
2025-06-23T11:21:01.798956,61.34,47.1
2025-06-23T11:21:11.806071,65.0,53.2
2025-06-23T11:21:21.814545,70.0,60.0
2025-06-23T11:21:31.818461,75.0,66.8
2025-06-23T11:21:41.825134,78.66,72.9
2025-06-23T11:21:51.830717,80.0,77.3
2025-06-23T11:22:01.837729,78.66,79.7
2025-06-23T11:22:11.843481,75.0,79.7
2025-06-23T11:22:21.846027,70.0,77.3
2025-06-23T11:22:31.851228,65.0,72.9
2025-06-23T11:22:41.858989,61.34,66.8
2025-06-23T11:22:51.864508,60.0,60.0
2025-06-23T11:23:01.869059,61.34,53.2
2025-06-23T11:23:11.873739,65.0,47.1
2025-06-23T11:23:21.891531,70.0,42.7
2025-06-23T11:23:31.896568,75.0,40.3
2025-06-23T11:23:41.900294,78.66,40.3
2025-06-23T11:23:51.907116,80.0,42.7
2025-06-23T11:24:01.912098,78.66,47.1
2025-06-23T11:24:11.914225,75.0,53.2
2025-06-23T11:24:21.920214,70.0,60.0
2025-06-23T11:24:31.925456,65.0,66.8
2025-06-23T11:24:41.929205,61.34,72.9
2025-06-23T11:24:51.935539,60.0,77.3
2025-06-23T11:25:01.939648,61.34,79.7
2025-06-23T11:25:11.944445,65.0,79.7
2025-06-23T11:25:21.946402,70.0,77.3
2025-06-23T11:25:31.949102,75.0,72.9
2025-06-23T11:25:41.955732,78.66,66.8
2025-06-23T11:25:51.961520,80.0,60.0
2025-06-23T11:26:01.967202,78.66,53.2
2025-06-23T11:26:11.970235,75.0,47.1
2025-06-23T11:26:21.974397,70.0,42.7
2025-06-23T11:26:31.977453,65.0,40.3
2025-06-23T11:26:41.983460,61.34,40.3
2025-06-23T11:26:51.990369,60.0,42.7
2025-06-23T11:27:01.992713,61.34,47.1
2025-06-23T11:27:11.996331,65.0,53.2
2025-06-23T11:27:22.001738,70.0,60.0
2025-06-23T11:27:32.008730,75.0,66.8
2025-06-23T11:27:42.016234,78.66,72.9
2025-06-23T11:27:52.021150,80.0,77.3
2025-06-23T11:28:02.024859,78.66,79.7
2025-06-23T11:28:12.028920,75.0,79.7
2025-06-23T11:28:22.036323,70.0,77.3
2025-06-23T11:28:32.043403,65.0,72.9
2025-06-23T11:28:42.048216,61.34,66.8
2025-06-23T11:28:52.054017,60.0,60.0
2025-06-23T11:29:02.061497,61.34,53.2
2025-06-23T11:29:12.069665,65.0,47.1
2025-06-23T11:29:22.074982,70.0,42.7
2025-06-23T11:29:32.079451,75.0,40.3
2025-06-23T11:29:42.086264,78.66,40.3
2025-06-23T11:29:52.088663,80.0,42.7
2025-06-23T11:30:02.092919,78.66,47.1
2025-06-23T11:30:12.097897,75.0,53.2
2025-06-23T11:30:22.100423,70.0,60.0
2025-06-23T11:30:32.104059,65.0,66.8
2025-06-23T11:30:42.106756,61.34,72.9
2025-06-23T11:30:52.109783,60.0,77.3
2025-06-23T11:31:02.113475,61.34,79.7
2025-06-23T11:31:12.116779,65.0,79.7
2025-06-23T11:31:22.118715,70.0,77.3
2025-06-23T11:31:32.124288,75.0,72.9
2025-06-23T11:31:42.131359,78.66,66.8
2025-06-23T11:31:52.137738,80.0,60.0
2025-06-23T11:32:02.140301,78.66,53.2
2025-06-23T11:32:12.144746,75.0,47.1
2025-06-23T11:32:22.150540,70.0,42.7
2025-06-23T11:32:32.158961,65.0,40.3
2025-06-23T11:32:42.163308,61.34,40.3
2025-06-23T11:32:52.170939,60.0,42.7
2025-06-23T11:33:02.175675,61.34,47.1
2025-06-23T11:33:12.182192,65.0,53.2
2025-06-23T11:33:22.189592,70.0,60.0
2025-06-23T11:33:32.193620,75.0,66.8
2025-06-23T11:33:42.197380,78.66,72.9
2025-06-23T11:33:52.203250,80.0,77.3
2025-06-23T11:34:02.204490,78.66,79.7
2025-06-23T11:34:12.209365,75.0,79.7
2025-06-23T11:34:22.214660,70.0,77.3
2025-06-23T11:34:32.221036,65.0,72.9
2025-06-23T11:34:42.227452,61.34,66.8
2025-06-23T11:34:52.231557,60.0,60.0
2025-06-23T11:35:02.235557,61.34,53.2
2025-06-23T13:40:49.723622,70.0,60.0
2025-06-23T13:40:59.729464,75.0,66.8
2025-06-23T13:41:09.738647,78.66,72.9
2025-06-23T13:41:19.747299,80.0,77.3
2025-06-23T13:41:29.756597,78.66,79.7
2025-06-23T13:41:39.762943,75.0,79.7
2025-06-23T13:41:49.770620,70.0,77.3
2025-06-23T13:41:59.777420,65.0,72.9
2025-06-23T13:42:09.779193,61.34,66.8
2025-06-23T13:42:19.782399,60.0,60.0
2025-06-23T13:42:29.788050,61.34,53.2
2025-06-23T13:42:39.792084,65.0,47.1
2025-06-23T13:42:49.794956,70.0,42.7
2025-06-23T13:42:59.822876,75.0,40.3
2025-06-23T13:43:09.828436,78.66,40.3
2025-06-23T13:43:19.831913,80.0,42.7
2025-06-23T13:43:29.835345,78.66,47.1
2025-06-23T13:43:39.838572,75.0,53.2
2025-06-23T13:43:49.847287,70.0,60.0
2025-06-23T13:43:59.854507,65.0,66.8
2025-06-23T13:44:09.861787,61.34,72.9
2025-06-23T13:44:19.869461,60.0,77.3
2025-06-23T13:44:29.871740,61.34,79.7
2025-06-23T13:44:39.881432,65.0,79.7
2025-06-23T13:44:49.889262,70.0,77.3
2025-06-23T13:44:59.897576,75.0,72.9
2025-06-23T13:45:09.899675,78.66,66.8
2025-06-23T13:45:19.909009,80.0,60.0
2025-06-23T13:45:29.918288,78.66,53.2
2025-06-23T13:45:39.924630,75.0,47.1
2025-06-23T13:45:49.931604,70.0,42.7
2025-06-23T13:45:59.940708,65.0,40.3
2025-06-23T13:46:09.949389,61.34,40.3
2025-06-23T13:46:19.956513,60.0,42.7
2025-06-23T13:46:29.966095,61.34,47.1
2025-06-23T13:46:39.974382,65.0,53.2
2025-06-23T13:46:49.981253,70.0,60.0
2025-06-23T13:46:59.989011,75.0,66.8
2025-06-23T13:47:09.994346,78.66,72.9
2025-06-23T13:47:20.004063,80.0,77.3
2025-06-23T13:47:30.014542,78.66,79.7
2025-06-23T13:47:40.022707,75.0,79.7
2025-06-23T13:47:50.030658,70.0,77.3
2025-06-23T13:48:00.038794,65.0,72.9
2025-06-23T13:48:10.042282,61.34,66.8
2025-06-23T14:29:39.447887,70.0,60.0
2025-06-23T14:29:49.454499,75.0,66.8
2025-06-23T14:29:59.561413,78.66,72.9
2025-06-23T14:30:09.566422,80.0,77.3
2025-06-23T14:30:19.568442,78.66,79.7
2025-06-23T14:30:29.631591,75.0,79.7
2025-06-23T14:30:39.669337,70.0,77.3
2025-06-23T14:30:49.675141,65.0,72.9
2025-06-23T14:30:59.676436,61.34,66.8
2025-06-23T14:31:09.679169,60.0,60.0
2025-06-23T14:31:19.682122,61.34,53.2
2025-06-23T14:31:29.728075,65.0,47.1
2025-06-23T14:31:39.731897,70.0,42.7
2025-06-23T14:31:49.733180,75.0,40.3
2025-06-23T14:31:58.497993,70.0,60.0
2025-06-23T14:32:08.505661,75.0,66.8
2025-06-23T14:32:18.513912,78.66,72.9
2025-06-23T14:32:28.517378,80.0,77.3
2025-06-23T14:32:38.519500,78.66,79.7
2025-06-23T14:32:48.522703,75.0,79.7
2025-06-23T14:32:58.526243,70.0,77.3
2025-06-23T14:33:08.529225,65.0,72.9
2025-06-23T14:33:18.759356,61.34,66.8
2025-06-23T14:33:29.131449,60.0,60.0
2025-06-23T14:33:39.134375,61.34,53.2
2025-06-23T14:33:49.135812,65.0,47.1
2025-06-23T14:33:59.138524,70.0,42.7
2025-06-23T14:34:09.139812,75.0,40.3
2025-06-23T14:34:19.143151,78.66,40.3
2025-06-23T14:37:06.991843,70.0,60.0
2025-06-23T14:37:16.997001,75.0,66.8
2025-06-23T14:37:27.009125,78.66,72.9
2025-06-23T14:37:37.014687,80.0,77.3
2025-06-23T14:37:47.018147,78.66,79.7
2025-06-23T14:37:57.021487,75.0,79.7
2025-06-23T14:38:07.023968,70.0,77.3
2025-06-23T14:38:17.026367,65.0,72.9
2025-06-23T14:38:27.030375,61.34,66.8
2025-06-23T14:38:37.032797,60.0,60.0
2025-06-23T14:38:47.036793,61.34,53.2
2025-06-23T14:38:57.039893,65.0,47.1
2025-06-23T14:39:07.044927,70.0,42.7
2025-06-23T14:39:17.048991,75.0,40.3
2025-06-23T14:39:27.052298,78.66,40.3
2025-06-23T14:39:37.056897,80.0,42.7
2025-06-23T14:39:47.060690,78.66,47.1
2025-06-23T14:39:57.064160,75.0,53.2
2025-06-23T14:40:07.066557,70.0,60.0
2025-06-23T14:40:17.068417,65.0,66.8
2025-06-23T14:40:27.071415,61.34,72.9
2025-06-23T14:40:37.075316,60.0,77.3
2025-06-23T14:40:47.078892,61.34,79.7
2025-06-23T14:40:57.083290,65.0,79.7
2025-06-23T14:41:07.087609,70.0,77.3
2025-06-23T14:41:17.091592,75.0,72.9
2025-06-23T14:41:27.094184,78.66,66.8
2025-06-23T14:41:37.098199,80.0,60.0
2025-06-23T14:41:47.100954,78.66,53.2
2025-06-23T14:41:57.103943,75.0,47.1
2025-06-23T14:42:07.106915,70.0,42.7
2025-06-23T14:42:17.111885,65.0,40.3
2025-06-23T14:42:27.113763,61.34,40.3
2025-06-23T14:42:37.117707,60.0,42.7
2025-06-23T14:42:47.121747,61.34,47.1
2025-06-23T14:42:57.125950,65.0,53.2
2025-06-23T14:43:07.129058,70.0,60.0
2025-06-23T14:43:17.134277,75.0,66.8
2025-06-23T14:43:27.137673,78.66,72.9
2025-06-23T14:43:37.142113,80.0,77.3
2025-06-23T14:43:47.146120,78.66,79.7
2025-06-23T14:43:57.150149,75.0,79.7
2025-06-23T14:44:07.153833,70.0,77.3
2025-06-23T14:44:17.157521,65.0,72.9
2025-06-23T14:44:27.158990,61.34,66.8
2025-06-23T14:44:37.162624,60.0,60.0
2025-06-23T14:44:47.168317,61.34,53.2
2025-06-23T14:44:57.172696,65.0,47.1
2025-06-23T14:45:07.176733,90.0,72.7
2025-06-23T14:45:17.179939,95.0,70.3
2025-06-23T14:45:27.184756,98.66,70.3
2025-06-23T14:45:37.190120,100.0,72.7
2025-06-23T14:45:47.192274,98.66,77.1
2025-06-23T14:45:57.194859,95.0,83.2
2025-06-23T14:46:07.198950,90.0,90.0
2025-06-23T14:46:17.203848,85.0,96.8
2025-06-23T14:46:27.206959,81.34,102.9
2025-06-23T14:46:37.210706,80.0,107.3
2025-06-23T14:46:47.213495,81.34,109.7
2025-06-23T14:46:57.215431,85.0,109.7
2025-06-23T14:47:07.217888,70.0,77.3
2025-06-23T14:47:17.220196,75.0,72.9
2025-06-23T14:47:27.221709,78.66,66.8
2025-06-23T14:47:37.223754,80.0,60.0
2025-06-23T14:47:47.225734,78.66,53.2
2025-06-23T14:47:57.229497,75.0,47.1
2025-06-23T14:48:07.232164,70.0,42.7
2025-06-23T14:48:17.236128,65.0,40.3
2025-06-23T14:48:27.238076,61.34,40.3
2025-06-23T14:48:37.240213,60.0,42.7
2025-06-23T14:48:47.243945,61.34,47.1
2025-06-23T14:48:57.247111,65.0,53.2
2025-06-23T14:49:07.249137,70.0,60.0
2025-06-23T14:49:17.250965,75.0,66.8
2025-06-23T14:49:27.253667,78.66,72.9
2025-06-23T14:49:37.257855,80.0,77.3
2025-06-23T14:49:47.259723,78.66,79.7
2025-06-23T14:49:57.261681,75.0,79.7
2025-06-23T14:50:07.264980,70.0,77.3
2025-06-23T14:50:17.267950,65.0,72.9
2025-06-23T14:50:27.271339,61.34,66.8
2025-06-23T14:50:37.273371,60.0,60.0
2025-06-23T14:50:47.275607,61.34,53.2
2025-06-23T14:50:57.278502,65.0,47.1
2025-06-23T14:51:07.280534,70.0,42.7
2025-06-23T14:51:17.282973,75.0,40.3
2025-06-23T14:51:27.285497,78.66,40.3
2025-06-23T14:51:37.288355,80.0,42.7
2025-06-23T14:51:47.290941,78.66,47.1
2025-06-23T14:51:57.293675,75.0,53.2
2025-06-23T14:52:07.296000,70.0,60.0
2025-06-23T14:52:17.298216,65.0,66.8
2025-06-23T14:52:27.300653,61.34,72.9
2025-06-23T14:52:37.302456,60.0,77.3
2025-06-23T14:52:47.304876,61.34,79.7
2025-06-23T14:52:57.307086,65.0,79.7
2025-06-23T14:53:07.308887,70.0,77.3
2025-06-23T14:53:17.311355,75.0,72.9
2025-06-23T14:53:27.314954,78.66,66.8
2025-06-23T14:53:37.317851,80.0,60.0
2025-06-23T14:53:47.321301,78.66,53.2
2025-06-23T14:53:57.350459,75.0,47.1
2025-06-23T14:54:07.360171,70.0,42.7
2025-06-23T14:54:17.365233,65.0,40.3
2025-06-23T14:54:27.367653,61.34,40.3
2025-06-23T14:54:37.372806,60.0,42.7
2025-06-23T14:54:47.378916,61.34,47.1
2025-06-23T14:54:57.383236,65.0,53.2
2025-06-23T14:55:07.385239,70.0,60.0
2025-06-23T14:55:17.388701,75.0,66.8
2025-06-23T14:55:27.391729,78.66,72.9
2025-06-23T14:55:37.394884,80.0,77.3
2025-06-23T14:55:47.397743,78.66,79.7
2025-06-23T14:55:57.400593,75.0,79.7
2025-06-23T14:56:07.405081,70.0,77.3
2025-06-23T14:56:17.406733,65.0,72.9
2025-06-23T14:56:27.410863,61.34,66.8
2025-06-23T14:56:37.416243,60.0,60.0
2025-06-23T14:56:47.422438,61.34,53.2
2025-06-23T14:56:57.428723,65.0,47.1
2025-06-23T15:08:43.385205,70.0,60.0
2025-06-23T15:08:53.393871,75.0,66.8
2025-06-23T15:09:03.398683,78.66,72.9
2025-06-23T15:09:13.406512,80.0,77.3
2025-06-23T15:09:23.410745,78.66,79.7
2025-06-23T15:09:33.415639,75.0,79.7
2025-06-23T15:09:43.418950,70.0,77.3
2025-06-23T15:09:53.424454,65.0,72.9
2025-06-23T15:10:03.431256,61.34,66.8
2025-06-23T15:10:13.435137,60.0,60.0
2025-06-23T15:10:23.439169,61.34,53.2
2025-06-23T15:10:33.442384,65.0,47.1
2025-06-23T15:10:43.445321,70.0,42.7
2025-06-23T15:10:53.452796,75.0,40.3
2025-06-23T16:01:46.282481,70.0,60.0
2025-06-23T16:01:56.291807,75.0,66.8
2025-06-23T16:02:06.297706,78.66,72.9
2025-06-23T16:06:05.707452,70.0,60.0
2025-06-23T16:06:15.720765,75.0,66.8
2025-06-23T16:06:25.725791,78.66,72.9
2025-06-23T16:06:35.730770,80.0,77.3
2025-06-23T16:06:45.739382,78.66,79.7
2025-06-23T16:06:55.749561,75.0,79.7
2025-06-23T16:07:05.757506,70.0,77.3
2025-06-23T16:07:15.764661,65.0,72.9
2025-06-23T16:07:25.772686,61.34,66.8
2025-06-23T16:07:35.780931,60.0,60.0
2025-06-23T16:07:45.787846,61.34,53.2
2025-06-23T16:07:55.794699,65.0,47.1
2025-06-23T16:08:05.802131,70.0,42.7
2025-06-23T16:08:15.810770,75.0,40.3
2025-06-23T16:08:25.816354,78.66,40.3
2025-06-23T16:08:35.825224,80.0,42.7
2025-06-23T16:08:45.834236,78.66,47.1
2025-06-23T16:08:55.842634,75.0,53.2
2025-06-23T16:09:05.849141,70.0,60.0
2025-06-23T16:09:15.857494,65.0,66.8
2025-06-23T16:09:25.865067,61.34,72.9
2025-06-23T16:09:35.875504,60.0,77.3
2025-06-23T16:09:45.881908,61.34,79.7
2025-06-23T16:09:55.883961,65.0,79.7
2025-06-23T16:10:05.889195,70.0,77.3
2025-06-23T16:10:15.896736,75.0,72.9
2025-06-23T16:10:25.904498,78.66,66.8
2025-06-23T16:10:35.910886,80.0,60.0
2025-06-23T16:10:45.916641,78.66,53.2
2025-06-23T16:10:55.921752,75.0,47.1
2025-06-23T16:11:05.928695,70.0,42.7
2025-06-23T16:11:15.931855,65.0,40.3
2025-06-23T16:11:25.934737,61.34,40.3
2025-06-23T16:11:35.938280,60.0,42.7
2025-06-23T16:11:45.941096,61.34,47.1
2025-06-23T16:11:55.944874,65.0,53.2
2025-06-23T16:12:05.948512,70.0,60.0
2025-06-23T16:12:15.951474,75.0,66.8
2025-06-23T16:12:25.955160,78.66,72.9
2025-06-23T16:12:35.958182,80.0,77.3
2025-06-23T16:12:45.961163,78.66,79.7
2025-06-23T16:12:55.964519,75.0,79.7
2025-06-23T16:13:05.966761,70.0,77.3
2025-06-23T16:13:15.970930,65.0,72.9
2025-06-23T16:13:25.972512,61.34,66.8
2025-06-23T16:13:35.974802,60.0,60.0
2025-06-23T16:13:45.978590,61.34,53.2
2025-06-23T16:13:55.980228,65.0,47.1
2025-06-23T16:14:05.981986,90.0,72.7
2025-06-23T16:14:15.984795,95.0,70.3
2025-06-23T16:14:25.987504,98.66,70.3
2025-06-23T16:14:35.989068,100.0,72.7
2025-06-23T16:14:45.990754,98.66,77.1
2025-06-23T16:14:55.993648,95.0,83.2
2025-06-23T16:15:05.995788,90.0,90.0
2025-06-23T16:15:15.999007,85.0,96.8
2025-06-23T16:15:26.002868,81.34,102.9
2025-06-23T16:15:36.006192,80.0,107.3
2025-06-23T16:15:46.007564,81.34,109.7
2025-06-23T16:15:56.010715,85.0,109.7
2025-06-23T16:16:06.012208,70.0,77.3
2025-06-23T16:16:16.016078,75.0,72.9
2025-06-23T16:16:26.018884,78.66,66.8
2025-06-23T16:16:36.022020,80.0,60.0
2025-06-23T16:16:46.025420,78.66,53.2
2025-06-23T16:16:56.028504,75.0,47.1
2025-06-23T16:17:06.031651,70.0,42.7
2025-06-23T16:17:16.034974,65.0,40.3
2025-06-23T16:17:26.038077,61.34,40.3
2025-06-23T16:17:36.041583,60.0,42.7
2025-06-23T16:17:46.044697,61.34,47.1
2025-06-23T16:17:56.048132,65.0,53.2
2025-06-23T16:18:06.050419,70.0,60.0
2025-06-23T16:18:16.052711,75.0,66.8
2025-06-23T16:18:26.057171,78.66,72.9
2025-06-23T16:18:36.060042,80.0,77.3
2025-06-23T16:18:46.061609,78.66,79.7
2025-06-23T16:18:56.065107,75.0,79.7
2025-06-23T16:19:06.066642,70.0,77.3
2025-06-23T16:19:16.068253,65.0,72.9
2025-06-23T16:19:26.071231,61.34,66.8
2025-06-23T16:19:36.073539,60.0,60.0
2025-06-23T16:19:46.075179,61.34,53.2
2025-06-23T16:19:56.089075,65.0,47.1
2025-06-23T16:20:06.090585,70.0,42.7
2025-06-23T16:20:16.092911,75.0,40.3
2025-06-23T16:20:26.094161,78.66,40.3
2025-06-23T16:20:36.097031,80.0,42.7
2025-06-23T16:20:46.100255,78.66,47.1
2025-06-23T16:20:56.101865,75.0,53.2
2025-06-23T16:21:06.103160,70.0,60.0
2025-06-23T16:21:16.105844,65.0,66.8
2025-06-23T16:21:26.108727,61.34,72.9
2025-06-23T16:21:36.113415,60.0,77.3
2025-06-23T16:21:46.114941,61.34,79.7
2025-06-23T16:21:56.117069,65.0,79.7
2025-06-23T16:22:06.119966,70.0,77.3
2025-06-23T16:22:16.121531,75.0,72.9
2025-06-23T16:22:26.124545,78.66,66.8
2025-06-23T16:22:36.125929,80.0,60.0
2025-06-23T16:22:46.127534,78.66,53.2
2025-06-23T16:22:56.129058,75.0,47.1
2025-06-23T16:23:06.133179,70.0,42.7
2025-06-23T16:23:16.136034,65.0,40.3
2025-06-23T16:23:26.138670,61.34,40.3
2025-06-23T16:23:36.139892,60.0,42.7
2025-06-23T16:23:46.141518,61.34,47.1
2025-06-23T16:23:56.144266,65.0,53.2
2025-06-23T16:24:06.147360,70.0,60.0
2025-06-23T16:24:16.150670,75.0,66.8
2025-06-23T16:24:26.154351,78.66,72.9
2025-06-23T16:24:36.155561,80.0,77.3
2025-06-23T16:24:46.158445,78.66,79.7
2025-06-23T16:24:56.160035,75.0,79.7
2025-06-23T16:25:06.161239,70.0,77.3
2025-06-23T16:25:16.165155,65.0,72.9
2025-06-23T16:25:26.166796,61.34,66.8
2025-06-23T16:25:36.168237,60.0,60.0
2025-06-23T16:25:46.171556,61.34,53.2
2025-06-23T16:25:56.173007,65.0,47.1
2025-06-23T16:26:06.174658,70.0,42.7
2025-06-23T16:26:16.177844,75.0,40.3
2025-06-23T16:26:26.181099,78.66,40.3
2025-06-23T16:26:36.184419,80.0,42.7
2025-06-23T16:26:46.186958,78.66,47.1
2025-06-23T16:26:56.189715,75.0,53.2
2025-06-23T16:27:06.193322,70.0,60.0
2025-06-23T16:27:16.196388,65.0,66.8
2025-06-23T16:27:26.199025,61.34,72.9
2025-06-23T16:27:36.202234,60.0,77.3
2025-06-23T16:27:46.203865,61.34,79.7
2025-06-23T16:27:56.207445,65.0,79.7
2025-06-23T16:28:06.209315,70.0,77.3
2025-06-23T16:28:16.211013,75.0,72.9
2025-06-23T16:28:26.213818,78.66,66.8
2025-06-23T16:28:36.215810,80.0,60.0
2025-06-23T16:28:46.219176,78.66,53.2
2025-06-23T16:28:56.221857,75.0,47.1
2025-06-23T16:29:06.224440,70.0,42.7
2025-06-23T16:29:16.226705,65.0,40.3
2025-06-23T16:29:26.230888,61.34,40.3
2025-06-23T16:29:36.233627,60.0,42.7
2025-06-23T16:29:46.236099,61.34,47.1
2025-06-23T16:29:56.237622,65.0,53.2
2025-06-23T16:30:06.239130,70.0,60.0
2025-06-23T16:30:16.240468,75.0,66.8
2025-06-23T16:30:26.242280,78.66,72.9
2025-06-23T16:30:36.244095,80.0,77.3
2025-06-23T16:30:46.247197,78.66,79.7
2025-06-23T16:30:56.250391,75.0,79.7
2025-06-23T16:31:06.253461,70.0,77.3
2025-06-23T16:31:16.255921,65.0,72.9
2025-06-23T16:31:26.257428,61.34,66.8
2025-06-23T16:31:36.312874,60.0,60.0
2025-06-23T16:31:46.320469,61.34,53.2
2025-06-23T16:31:56.322731,65.0,47.1
2025-06-23T16:32:06.328660,70.0,42.7
2025-06-23T16:32:16.342807,75.0,40.3
2025-06-23T16:32:26.362462,78.66,40.3
2025-06-23T16:32:36.367279,80.0,42.7
2025-06-23T16:32:46.370730,78.66,47.1
2025-06-23T16:32:56.372259,75.0,53.2
2025-06-23T16:33:06.374695,70.0,60.0
2025-06-23T16:33:16.376245,65.0,66.8
2025-06-23T16:33:26.377839,61.34,72.9
2025-06-23T16:33:36.380153,60.0,77.3
2025-06-23T16:33:46.381947,61.34,79.7
2025-06-23T16:41:17.396645,70.0,60.0
2025-06-23T16:41:27.403107,75.0,66.8
2025-06-23T16:41:37.408189,78.66,72.9
2025-06-23T16:41:47.411300,80.0,77.3
2025-06-23T16:41:57.417733,78.66,79.7
2025-06-23T16:42:07.422844,75.0,79.7
2025-06-23T16:42:17.427181,70.0,77.3
2025-06-23T16:42:27.431115,65.0,72.9
2025-06-23T16:42:37.435594,61.34,66.8
2025-06-23T16:42:47.441053,60.0,60.0
2025-06-23T16:42:57.446056,61.34,53.2
2025-06-23T16:43:07.451755,65.0,47.1
2025-06-23T16:43:17.454796,70.0,42.7
2025-06-23T16:43:27.458809,75.0,40.3
2025-06-23T16:43:37.465412,78.66,40.3
2025-06-23T16:43:47.468759,80.0,42.7
2025-06-23T16:43:57.471976,78.66,47.1
2025-06-23T16:44:07.477474,75.0,53.2
2025-06-23T16:44:17.482030,70.0,60.0
2025-06-23T16:44:27.487114,65.0,66.8
2025-06-23T16:44:37.493511,61.34,72.9
2025-06-23T16:44:47.496778,60.0,77.3
2025-06-23T16:44:57.501041,61.34,79.7
2025-06-23T16:45:07.508880,65.0,79.7
2025-06-23T16:45:17.512356,70.0,77.3
2025-06-23T16:45:27.517054,75.0,72.9
2025-06-23T16:45:37.519484,78.66,66.8
2025-06-23T16:45:47.526737,80.0,60.0
2025-06-23T16:45:57.534567,78.66,53.2
2025-06-23T16:46:07.541260,75.0,47.1
2025-06-23T16:46:17.546540,70.0,42.7
2025-06-23T16:46:27.551321,65.0,40.3
2025-06-23T16:46:37.562618,61.34,40.3
2025-06-23T16:46:47.573370,60.0,42.7
2025-06-23T16:46:57.580561,61.34,47.1
2025-06-23T16:47:07.592401,65.0,53.2
2025-06-23T16:47:17.597564,70.0,60.0
2025-06-23T16:47:27.604790,75.0,66.8
2025-06-23T16:47:37.631692,78.66,72.9
2025-06-23T16:47:47.637274,80.0,77.3
2025-06-23T16:47:57.644149,78.66,79.7
2025-06-23T16:48:07.655920,75.0,79.7
2025-06-23T16:48:17.660241,70.0,77.3
2025-06-23T16:48:27.662468,65.0,72.9
2025-06-23T16:48:37.736693,61.34,66.8
2025-06-23T16:48:47.747616,60.0,60.0
2025-06-23T16:48:57.750606,61.34,53.2
2025-06-23T16:49:07.790303,65.0,47.1
2025-06-23T16:49:17.821137,90.0,72.7
2025-06-23T16:49:27.823429,95.0,70.3
2025-06-23T16:49:37.850746,98.66,70.3
2025-06-23T16:49:47.901341,100.0,72.7
2025-06-23T16:49:57.904497,98.66,77.1
2025-06-23T16:50:07.926489,95.0,83.2
2025-06-23T16:50:17.941470,90.0,90.0
2025-06-23T16:50:27.944811,85.0,96.8
2025-06-23T16:50:38.119085,81.34,102.9
2025-06-23T16:50:48.121473,80.0,107.3
2025-06-23T16:50:58.126313,81.34,109.7
2025-06-23T16:51:08.129647,85.0,109.7
2025-06-23T16:51:18.132414,70.0,77.3
2025-06-23T16:51:28.136421,75.0,72.9
2025-06-23T16:51:38.140815,78.66,66.8
2025-06-23T16:51:48.144588,80.0,60.0
2025-06-23T16:51:58.146271,78.66,53.2
2025-06-23T16:55:42.733256,70.0,60.0
2025-06-23T16:55:52.738466,75.0,66.8
2025-06-23T16:56:02.743445,78.66,72.9
2025-06-23T16:56:12.746154,80.0,77.3
2025-06-23T16:56:22.755282,78.66,79.7
2025-06-23T16:56:32.760045,75.0,79.7
2025-06-23T16:56:42.762499,70.0,77.3
2025-06-23T16:56:52.766564,65.0,72.9
2025-06-23T16:57:02.772500,61.34,66.8
2025-06-23T16:57:12.776921,60.0,60.0
2025-06-23T16:57:22.783893,61.34,53.2
2025-06-23T17:02:31.132018,70.0,60.0
2025-06-23T17:02:41.138398,75.0,66.8
2025-06-23T17:02:51.140564,78.66,72.9
2025-06-23T17:03:01.145938,80.0,77.3
2025-06-23T17:03:11.153968,78.66,79.7
2025-06-23T17:03:21.157182,75.0,79.7
2025-06-23T17:03:31.166183,70.0,77.3
2025-06-23T17:03:41.172722,65.0,72.9
2025-06-23T17:03:51.174694,61.34,66.8
2025-06-23T17:04:01.180501,60.0,60.0
2025-06-23T17:04:11.200633,61.34,53.2
2025-06-23T17:04:21.211723,65.0,47.1
2025-06-23T17:04:31.213937,70.0,42.7
2025-06-23T17:04:41.219271,75.0,40.3
2025-06-23T17:04:51.223930,78.66,40.3
2025-06-23T17:09:37.383261,70.0,60.0
2025-06-23T17:09:47.387963,75.0,66.8
2025-06-23T17:09:57.395843,78.66,72.9
2025-06-23T17:10:07.400035,80.0,77.3
2025-06-23T17:10:16.076259,70.0,60.0
2025-06-23T17:10:26.084546,75.0,66.8
2025-06-23T17:10:36.090520,78.66,72.9
2025-06-23T17:10:46.098622,80.0,77.3
2025-06-23T17:10:56.105066,78.66,79.7
2025-06-23T17:11:06.111699,75.0,79.7
2025-06-23T17:11:16.113860,70.0,77.3
2025-06-23T17:11:26.124051,65.0,72.9
2025-06-23T17:11:36.131870,61.34,66.8
2025-06-23T17:11:46.140657,60.0,60.0
2025-06-23T17:11:56.148947,61.34,53.2
2025-06-23T17:12:05.165478,70.0,60.0
2025-06-23T17:12:15.170753,75.0,66.8
2025-06-23T17:12:25.179104,78.66,72.9
2025-06-23T17:12:35.188649,80.0,77.3
2025-06-23T17:12:45.195179,78.66,79.7
2025-06-23T17:12:55.202062,75.0,79.7
2025-06-23T17:13:05.209905,70.0,77.3
2025-06-23T17:13:15.214767,65.0,72.9
2025-06-23T17:13:25.224886,61.34,66.8
2025-06-23T17:13:35.231959,60.0,60.0
2025-06-23T17:13:45.239151,61.34,53.2
2025-06-23T17:13:55.245121,65.0,47.1
2025-06-23T17:14:05.251721,70.0,42.7
2025-06-23T17:14:15.256777,75.0,40.3
2025-06-23T17:14:25.262576,78.66,40.3
2025-06-23T17:14:35.272551,80.0,42.7
2025-06-23T17:14:45.276429,78.66,47.1
2025-06-23T17:14:55.279792,75.0,53.2
2025-06-23T17:15:05.287293,70.0,60.0
2025-06-23T17:15:15.292490,65.0,66.8
2025-06-23T17:15:25.298736,61.34,72.9
2025-06-23T17:15:35.304364,60.0,77.3
2025-06-23T17:15:45.312591,61.34,79.7
2025-06-23T17:15:55.316506,65.0,79.7
2025-06-23T17:16:05.326384,70.0,77.3
2025-06-23T17:16:15.328696,75.0,72.9
2025-06-23T17:16:25.332424,78.66,66.8
2025-06-23T17:16:35.335806,80.0,60.0
2025-06-23T17:16:45.343016,78.66,53.2
2025-06-23T17:16:55.345049,75.0,47.1
2025-06-23T17:17:05.347543,70.0,42.7
2025-06-23T17:17:15.350788,65.0,40.3
2025-06-23T17:17:25.354972,61.34,40.3
2025-06-23T17:17:35.359031,60.0,42.7
2025-06-23T17:17:45.362767,61.34,47.1
2025-06-23T17:17:55.367499,65.0,53.2
2025-06-23T17:18:05.373028,70.0,60.0
2025-06-23T17:18:15.377221,75.0,66.8
2025-06-23T17:18:25.383184,78.66,72.9
2025-06-23T17:18:35.388945,80.0,77.3
2025-06-23T17:18:45.394900,78.66,79.7
2025-06-23T17:18:55.402766,75.0,79.7
2025-06-23T17:19:05.408433,70.0,77.3
2025-06-23T17:19:15.413559,65.0,72.9
2025-06-23T17:19:25.418041,61.34,66.8
2025-06-23T17:19:35.421667,60.0,60.0
2025-06-23T17:19:45.426423,61.34,53.2
2025-06-23T17:19:55.429205,65.0,47.1
2025-06-23T17:20:05.435071,90.0,72.7
2025-06-23T17:20:15.437888,95.0,70.3
2025-06-23T17:20:25.442799,98.66,70.3
2025-06-23T17:20:35.446832,100.0,72.7
2025-06-23T17:20:45.450460,98.66,77.1
2025-06-23T17:20:55.455071,95.0,83.2
2025-06-23T17:21:05.459625,90.0,90.0
2025-06-23T17:21:15.466105,85.0,96.8
2025-06-23T17:21:25.470046,81.34,102.9
2025-06-23T17:21:35.476743,80.0,107.3
2025-06-23T17:21:45.489934,81.34,109.7
2025-06-23T17:21:55.493043,85.0,109.7
2025-06-23T17:22:05.495929,70.0,77.3
2025-06-23T17:22:15.499471,75.0,72.9
2025-06-23T17:22:25.502627,78.66,66.8
2025-06-23T17:22:35.504902,80.0,60.0
2025-06-23T17:22:45.506499,78.66,53.2
2025-06-23T17:22:55.509623,75.0,47.1
2025-06-23T17:23:05.512000,70.0,42.7
2025-06-23T17:23:15.513905,65.0,40.3
2025-06-23T17:23:25.516172,61.34,40.3
2025-06-23T17:23:35.519894,60.0,42.7
2025-06-23T17:23:45.547610,61.34,47.1
2025-06-23T17:23:55.550588,65.0,53.2
2025-06-23T17:24:05.553455,70.0,60.0
2025-06-23T17:24:15.557694,75.0,66.8
2025-06-23T17:24:25.562638,78.66,72.9
2025-06-23T17:24:35.568781,80.0,77.3
2025-06-23T17:24:45.571840,78.66,79.7
2025-06-23T17:24:55.575744,75.0,79.7
2025-06-23T17:25:05.578616,70.0,77.3
2025-06-23T17:25:15.581277,65.0,72.9
2025-06-23T17:25:25.584897,61.34,66.8
2025-06-23T17:25:35.590722,60.0,60.0
2025-06-23T17:25:45.593776,61.34,53.2
2025-06-23T17:25:55.596176,65.0,47.1
2025-06-23T17:26:05.599637,70.0,42.7
2025-06-23T17:26:15.602216,75.0,40.3
2025-06-23T17:26:25.629823,78.66,40.3
2025-06-23T17:26:35.632058,80.0,42.7
2025-06-23T17:26:45.635986,78.66,47.1
2025-06-23T17:26:55.638362,75.0,53.2
2025-06-23T17:27:05.641795,70.0,60.0
2025-06-23T17:27:15.646098,65.0,66.8
2025-06-23T17:27:25.648474,61.34,72.9
2025-06-23T17:27:35.651296,60.0,77.3
2025-06-23T17:27:45.654614,61.34,79.7
2025-06-23T17:27:55.656806,65.0,79.7
2025-06-23T17:28:05.661434,70.0,77.3
2025-06-23T17:28:15.665810,75.0,72.9
2025-06-23T17:28:25.671081,78.66,66.8
2025-06-23T17:28:35.674327,80.0,60.0
2025-06-23T17:28:45.678885,78.66,53.2
2025-06-23T17:28:55.684381,75.0,47.1
2025-06-23T17:29:05.689295,70.0,42.7
2025-06-23T17:29:15.693509,65.0,40.3
2025-06-23T17:29:25.696014,61.34,40.3
2025-06-23T17:29:35.698530,60.0,42.7
2025-06-23T17:29:45.703898,61.34,47.1
2025-06-23T17:29:55.706603,65.0,53.2
2025-06-23T17:30:05.708583,70.0,60.0
2025-06-23T17:30:15.718750,75.0,66.8
2025-06-23T17:30:25.724279,78.66,72.9
2025-06-23T17:30:35.726057,80.0,77.3
2025-06-23T17:30:45.727553,78.66,79.7
2025-06-23T17:30:55.729333,75.0,79.7
2025-06-23T17:31:05.731043,70.0,77.3
2025-06-23T17:31:15.791525,65.0,72.9
2025-06-23T17:31:25.798695,61.34,66.8
2025-06-23T17:31:35.801501,60.0,60.0
2025-06-23T17:31:45.976122,61.34,53.2
2025-06-23T17:31:56.061603,65.0,47.1
2025-06-23T17:32:06.063870,70.0,42.7
2025-06-23T17:32:16.151244,75.0,40.3
2025-06-23T17:32:26.153536,78.66,40.3
2025-06-23T17:32:36.155277,80.0,42.7
2025-06-23T17:32:46.157334,78.66,47.1
2025-06-23T17:32:56.160157,75.0,53.2
2025-06-23T17:33:06.162118,70.0,60.0
2025-06-23T17:33:16.164748,65.0,66.8
2025-06-23T17:33:26.167067,61.34,72.9
2025-06-23T17:33:36.170723,60.0,77.3
2025-06-23T17:33:46.173401,61.34,79.7
2025-06-23T17:33:56.179010,65.0,79.7
2025-06-23T17:34:06.183363,70.0,77.3
2025-06-23T17:34:16.185384,75.0,72.9
2025-06-23T17:34:26.188177,78.66,66.8
2025-06-23T17:34:36.190297,80.0,60.0
2025-06-23T17:34:46.192846,78.66,53.2
2025-06-23T17:34:56.195136,75.0,47.1
2025-06-23T17:35:06.197105,70.0,42.7
2025-06-23T17:35:16.199902,65.0,40.3
2025-06-23T17:35:26.201738,61.34,40.3
2025-06-23T17:35:36.203923,60.0,42.7
2025-06-23T17:35:46.206346,61.34,47.1
2025-06-23T17:35:56.209326,65.0,53.2
2025-06-23T17:36:06.213355,70.0,60.0
2025-06-23T17:36:16.215382,75.0,66.8
2025-06-23T17:36:26.219115,78.66,72.9
2025-06-23T17:36:36.220867,80.0,77.3
2025-06-23T17:36:46.226050,78.66,79.7
2025-06-23T17:36:56.229096,75.0,79.7
2025-06-23T17:37:06.231485,70.0,77.3
2025-06-23T17:37:16.234023,65.0,72.9
2025-06-23T17:37:26.236802,61.34,66.8
2025-06-23T17:37:36.239246,60.0,60.0
2025-06-23T17:37:46.244770,61.34,53.2
2025-06-23T17:37:56.250840,65.0,47.1
2025-06-23T17:38:06.253499,70.0,42.7
2025-06-23T17:38:16.604461,75.0,40.3
2025-06-23T17:38:26.699393,78.66,40.3
2025-06-23T17:38:36.702805,80.0,42.7
2025-06-23T17:38:46.704841,78.66,47.1
2025-06-23T17:38:56.712847,75.0,53.2
2025-06-23T17:39:06.714473,70.0,60.0
2025-06-23T17:39:16.749327,65.0,66.8
2025-06-23T17:39:26.753280,61.34,72.9
2025-06-23T17:39:36.754484,60.0,77.3
2025-06-23T17:39:46.757732,61.34,79.7
2025-06-23T17:39:56.762192,65.0,79.7
2025-06-23T17:40:06.763654,70.0,77.3
2025-06-23T17:40:17.127243,75.0,72.9
2025-06-23T17:40:27.136131,78.66,66.8
2025-06-23T17:40:37.137675,80.0,60.0
2025-06-23T17:40:47.140211,78.66,53.2
2025-06-23T17:40:57.142600,75.0,47.1
2025-06-23T17:41:07.144228,70.0,42.7
2025-06-23T17:41:17.145758,65.0,40.3
2025-06-23T17:41:27.155951,61.34,40.3
2025-06-23T17:41:37.162384,60.0,42.7
2025-06-23T17:41:47.163766,61.34,47.1
2025-06-23T17:41:57.166817,65.0,53.2
2025-06-23T17:42:07.173961,70.0,60.0
2025-06-23T17:42:17.457114,75.0,66.8
2025-06-23T17:42:27.470104,78.66,72.9
2025-06-23T17:42:37.482759,80.0,77.3
2025-06-23T17:42:47.585281,78.66,79.7
2025-06-23T17:42:57.588732,75.0,79.7
2025-06-23T17:43:07.628272,70.0,77.3
2025-06-23T17:43:17.630105,65.0,72.9
2025-06-23T17:43:27.631970,61.34,66.8
2025-06-23T17:43:37.635753,60.0,60.0
2025-06-23T17:43:47.639301,61.34,53.2
2025-06-23T17:43:57.642960,65.0,47.1
2025-06-23T17:44:07.645254,70.0,42.7
2025-06-23T17:44:17.647578,75.0,40.3
2025-06-23T17:44:27.652349,78.66,40.3
2025-06-23T17:44:37.654162,80.0,42.7
2025-06-23T17:44:47.696723,78.66,47.1
2025-06-23T17:44:57.711725,75.0,53.2
2025-06-23T17:45:07.713364,70.0,60.0
2025-06-23T17:45:17.715152,65.0,66.8
2025-06-23T17:45:27.717262,61.34,72.9
2025-06-23T17:45:37.718958,60.0,77.3
2025-06-23T17:45:47.722165,61.34,79.7
2025-06-23T17:45:57.724710,65.0,79.7
2025-06-23T17:46:07.726360,70.0,77.3
2025-06-23T17:46:17.729037,75.0,72.9
2025-06-23T17:46:27.730897,78.66,66.8
2025-06-23T17:46:37.732229,80.0,60.0
2025-06-23T17:46:47.734871,78.66,53.2
2025-06-23T17:46:57.737294,75.0,47.1
2025-06-23T17:47:07.739234,70.0,42.7
2025-06-23T17:47:17.740897,65.0,40.3
2025-06-23T17:47:27.742608,61.34,40.3
2025-06-23T17:47:37.744134,60.0,42.7
2025-06-23T17:47:47.750729,61.34,47.1
2025-06-23T17:47:57.753658,65.0,53.2
2025-06-23T17:48:07.755449,70.0,60.0
2025-06-23T17:48:17.758683,75.0,66.8
2025-06-23T17:48:27.761821,78.66,72.9
2025-06-23T17:48:37.765162,80.0,77.3
2025-06-23T17:48:47.768248,78.66,79.7
2025-06-23T17:48:57.772000,75.0,79.7
2025-06-23T17:49:07.774304,70.0,77.3
2025-06-23T17:49:17.777872,65.0,72.9
2025-06-23T17:49:27.780258,61.34,66.8
2025-06-23T17:49:37.782774,60.0,60.0
2025-06-23T17:49:47.785151,61.34,53.2
2025-06-23T17:49:57.789344,65.0,47.1
2025-06-23T17:50:07.792866,70.0,42.7
2025-06-23T17:50:17.795850,75.0,40.3
2025-06-23T17:50:27.800019,78.66,40.3
2025-06-23T17:50:37.804158,80.0,42.7
2025-06-23T17:50:47.805828,78.66,47.1
2025-06-23T17:50:57.808084,75.0,53.2
2025-06-23T17:51:07.811003,70.0,60.0
2025-06-23T17:51:17.813792,65.0,66.8
2025-06-23T17:51:27.817464,61.34,72.9
2025-06-23T17:51:37.819333,60.0,77.3
2025-06-23T17:51:47.822891,61.34,79.7
2025-06-23T17:51:57.827348,65.0,79.7
2025-06-23T17:52:07.831670,70.0,77.3
2025-06-23T17:52:17.834850,75.0,72.9
2025-06-23T17:52:27.837308,78.66,66.8
2025-06-23T17:52:37.838866,80.0,60.0
2025-06-23T17:52:47.843312,78.66,53.2
2025-06-23T17:52:57.846279,75.0,47.1
2025-06-23T17:53:07.848473,70.0,42.7
2025-06-23T17:53:17.851016,65.0,40.3
2025-06-23T17:53:27.854039,61.34,40.3
2025-06-23T17:53:37.855814,60.0,42.7
2025-06-23T17:53:47.859681,61.34,47.1
2025-06-23T17:53:57.862061,65.0,53.2
2025-06-23T17:54:07.863861,70.0,60.0
2025-06-23T17:54:17.866931,75.0,66.8
2025-06-23T17:54:27.869861,78.66,72.9
2025-06-23T17:54:37.872392,80.0,77.3
2025-06-23T17:54:47.876012,78.66,79.7
2025-06-23T17:54:57.877880,75.0,79.7
2025-06-23T17:55:07.881030,70.0,77.3
2025-06-23T17:55:17.884589,65.0,72.9
2025-06-23T17:55:27.888888,61.34,66.8
2025-06-23T17:55:37.891204,60.0,60.0
2025-06-23T17:55:47.893570,61.34,53.2
2025-06-23T17:55:57.896710,65.0,47.1
2025-06-23T17:56:07.900208,70.0,42.7
2025-06-23T17:56:17.902953,75.0,40.3
2025-06-23T17:56:27.906530,78.66,40.3
2025-06-23T17:56:37.909104,80.0,42.7
2025-06-23T17:56:47.913772,78.66,47.1
2025-06-23T17:56:57.915539,75.0,53.2
2025-06-23T17:57:07.917939,70.0,60.0
2025-06-23T17:57:17.921702,65.0,66.8
2025-06-23T17:57:27.924771,61.34,72.9
2025-06-23T17:57:37.929312,60.0,77.3
2025-06-23T17:57:47.932440,61.34,79.7
2025-06-23T17:57:57.935233,65.0,79.7
2025-06-23T17:58:07.937169,70.0,77.3
2025-06-23T17:58:17.940071,75.0,72.9
2025-06-23T17:58:27.944403,78.66,66.8
2025-06-23T17:58:37.946994,80.0,60.0
2025-06-23T17:58:47.949561,78.66,53.2
2025-06-23T17:58:57.953331,75.0,47.1
2025-06-23T17:59:07.955464,70.0,42.7
2025-06-23T17:59:17.957968,65.0,40.3
2025-06-23T17:59:27.960628,61.34,40.3
2025-06-23T17:59:37.964963,60.0,42.7
2025-06-23T17:59:47.969818,61.34,47.1
2025-06-23T17:59:57.974457,65.0,53.2
2025-06-23T18:00:07.977531,70.0,60.0
2025-06-23T18:00:17.983571,75.0,66.8
2025-06-23T18:00:27.986954,78.66,72.9
2025-06-23T18:00:37.990477,80.0,77.3
2025-06-23T18:00:47.993433,78.66,79.7
2025-06-23T18:00:57.995785,75.0,79.7
2025-06-23T18:01:07.999582,70.0,77.3
2025-06-23T18:01:18.001894,65.0,72.9
2025-06-23T18:01:28.005815,61.34,66.8
2025-06-23T18:01:38.008174,60.0,60.0
2025-06-23T18:01:48.034573,61.34,53.2
2025-06-23T18:01:58.041004,65.0,47.1
2025-06-23T18:02:08.042850,70.0,42.7
2025-06-23T18:02:18.094700,75.0,40.3
2025-06-23T18:02:28.102041,78.66,40.3
2025-06-23T18:02:38.105342,80.0,42.7
2025-06-23T18:02:48.174187,78.66,47.1
2025-06-23T18:02:58.179813,75.0,53.2
2025-06-23T18:03:08.182510,70.0,60.0
2025-06-23T18:03:18.186323,65.0,66.8
2025-06-23T18:03:28.189092,61.34,72.9
2025-06-23T18:03:38.191460,60.0,77.3
2025-06-23T18:03:48.205803,61.34,79.7
2025-06-23T18:03:58.211276,65.0,79.7
2025-06-23T18:04:08.213197,70.0,77.3
2025-06-23T18:04:18.226806,75.0,72.9
2025-06-23T18:04:28.231750,78.66,66.8
2025-06-23T18:04:38.233850,80.0,60.0
2025-06-23T18:04:48.274283,78.66,53.2
2025-06-23T18:04:58.345617,75.0,47.1
2025-06-23T18:05:08.349052,70.0,42.7
2025-06-23T18:05:18.363724,65.0,40.3
2025-06-23T18:05:28.369553,61.34,40.3
2025-06-23T18:05:38.372647,60.0,42.7
2025-06-23T18:05:48.396793,61.34,47.1
2025-06-23T18:05:58.400381,65.0,53.2
2025-06-23T18:06:08.402673,70.0,60.0
2025-06-23T18:06:18.457739,75.0,66.8
2025-06-23T18:06:28.461108,78.66,72.9
2025-06-23T18:06:38.463298,80.0,77.3
2025-06-23T18:06:48.523977,78.66,79.7
2025-06-23T18:06:58.528333,75.0,79.7
2025-06-23T18:07:08.531192,70.0,77.3
2025-06-23T18:07:18.721806,65.0,72.9
2025-06-23T18:07:28.727684,61.34,66.8
2025-06-23T18:07:38.730724,60.0,60.0
2025-06-23T18:07:48.738501,61.34,53.2
2025-06-23T18:07:58.740871,65.0,47.1
2025-06-23T18:08:08.742190,70.0,42.7
2025-06-23T18:08:18.765902,75.0,40.3
2025-06-23T18:08:28.769457,78.66,40.3
2025-06-23T18:08:38.771074,80.0,42.7
2025-06-23T18:08:48.784917,78.66,47.1
2025-06-23T18:08:58.788237,75.0,53.2
2025-06-23T18:09:08.789627,70.0,60.0
2025-06-23T18:09:18.791072,65.0,66.8
2025-06-23T18:09:28.802412,61.34,72.9
2025-06-23T18:09:38.805429,60.0,77.3
2025-06-23T18:09:48.875937,61.34,79.7
2025-06-23T18:09:58.908840,65.0,79.7
2025-06-23T18:10:08.911287,70.0,77.3
2025-06-23T18:10:19.025969,75.0,72.9
2025-06-23T18:10:29.028500,78.66,66.8
2025-06-23T18:10:39.029688,80.0,60.0
2025-06-23T18:10:49.032962,78.66,53.2
2025-06-23T18:10:59.063597,75.0,47.1
2025-06-23T18:11:09.065508,70.0,42.7
2025-06-23T18:11:19.095829,65.0,40.3
2025-06-23T18:11:29.099320,61.34,40.3
2025-06-23T18:11:39.101339,60.0,42.7
2025-06-23T18:11:49.108890,61.34,47.1
2025-06-23T18:11:59.127837,65.0,53.2
2025-06-23T18:12:09.130645,70.0,60.0
2025-06-23T18:12:19.145599,75.0,66.8
2025-06-23T18:12:29.149162,78.66,72.9
2025-06-23T18:12:39.151798,80.0,77.3
2025-06-23T18:12:49.282151,78.66,79.7
2025-06-23T18:12:59.284683,75.0,79.7
2025-06-23T18:13:09.286467,70.0,77.3
2025-06-23T18:13:19.308244,65.0,72.9
2025-06-23T18:13:29.322060,61.34,66.8
2025-06-23T18:13:39.324639,60.0,60.0
2025-06-23T18:13:49.346063,61.34,53.2
2025-06-23T18:13:59.349235,65.0,47.1
2025-06-23T18:14:09.353266,70.0,42.7
2025-06-23T18:14:19.368432,75.0,40.3
2025-06-23T18:14:29.378434,78.66,40.3
2025-06-23T18:14:39.381943,80.0,42.7
2025-06-23T18:14:49.434920,78.66,47.1
2025-06-23T18:14:59.447263,75.0,53.2
2025-06-23T18:15:09.449476,70.0,60.0
2025-06-23T18:15:19.459870,65.0,66.8
2025-06-23T18:15:29.491521,61.34,72.9
2025-06-23T18:15:39.493589,60.0,77.3
2025-06-23T18:15:49.508752,61.34,79.7
2025-06-23T18:15:59.513914,65.0,79.7
2025-06-23T18:16:09.517614,70.0,77.3
2025-06-23T18:16:19.528886,75.0,72.9
2025-06-23T18:16:29.531738,78.66,66.8
2025-06-23T18:16:39.535531,80.0,60.0
2025-06-23T18:16:49.572557,78.66,53.2
2025-06-23T18:16:59.655824,75.0,47.1
2025-06-23T18:17:09.657696,70.0,42.7
2025-06-23T18:17:19.661642,65.0,40.3
2025-06-23T18:17:29.664289,61.34,40.3
2025-06-23T18:17:39.668254,60.0,42.7
2025-06-23T18:17:49.689328,61.34,47.1
2025-06-23T18:17:59.695085,65.0,53.2
2025-06-23T18:18:09.696921,70.0,60.0
2025-06-23T18:18:19.843888,75.0,66.8
2025-06-23T18:18:29.847113,78.66,72.9
2025-06-23T18:18:39.849040,80.0,77.3
2025-06-23T18:18:49.875694,78.66,79.7
2025-06-23T18:18:59.878439,75.0,79.7
2025-06-23T18:19:09.880905,70.0,77.3
2025-06-23T18:19:20.031027,65.0,72.9
2025-06-23T18:19:30.033121,61.34,66.8
2025-06-23T18:19:40.035700,60.0,60.0
2025-06-23T18:19:50.037418,61.34,53.2
2025-06-23T18:20:00.039582,65.0,47.1
2025-06-23T18:20:10.041508,70.0,42.7
2025-06-23T18:20:20.044007,75.0,40.3
2025-06-23T18:20:30.046654,78.66,40.3
2025-06-23T18:20:40.048651,80.0,42.7
2025-06-23T18:20:50.051178,78.66,47.1
2025-06-23T18:21:00.053342,75.0,53.2
2025-06-23T18:21:10.054968,70.0,60.0
2025-06-23T18:21:20.056423,65.0,66.8
2025-06-23T18:21:30.058550,61.34,72.9
2025-06-23T18:21:40.060060,60.0,77.3
2025-06-23T18:21:50.062178,61.34,79.7
2025-06-23T18:22:00.064786,65.0,79.7
2025-06-23T18:22:10.072700,70.0,77.3
2025-06-23T18:22:20.404706,75.0,72.9
2025-06-23T18:22:30.413901,78.66,66.8
2025-06-23T18:22:40.416955,80.0,60.0
2025-06-23T18:22:50.424027,78.66,53.2
2025-06-23T18:23:00.445477,75.0,47.1
2025-06-23T18:23:10.447764,70.0,42.7
2025-06-23T18:23:20.468319,65.0,40.3
2025-06-23T18:23:30.471803,61.34,40.3
2025-06-23T18:23:40.475111,60.0,42.7
2025-06-23T18:23:50.503205,61.34,47.1
2025-06-23T18:24:00.511856,65.0,53.2
2025-06-23T18:24:10.514702,70.0,60.0
2025-06-23T18:24:20.625761,75.0,66.8
2025-06-23T18:24:30.634105,78.66,72.9
2025-06-23T18:24:40.637673,80.0,77.3
2025-06-23T18:24:50.721557,78.66,79.7
2025-06-23T18:25:00.724776,75.0,79.7
2025-06-23T18:25:10.728146,70.0,77.3
2025-06-23T18:25:20.738628,65.0,72.9
2025-06-23T18:25:30.746924,61.34,66.8
2025-06-23T18:25:40.749081,60.0,60.0
2025-06-23T18:25:50.888391,61.34,53.2
2025-06-23T18:26:00.892210,65.0,47.1
2025-06-23T18:26:10.894809,70.0,42.7
2025-06-23T18:26:20.911257,75.0,40.3
2025-06-23T18:26:30.914341,78.66,40.3
2025-06-23T18:26:40.918208,80.0,42.7
2025-06-23T18:26:50.924288,78.66,47.1
2025-06-23T18:27:00.939682,75.0,53.2
2025-06-23T18:27:10.943303,70.0,60.0
2025-06-23T18:27:20.947382,65.0,66.8
2025-06-23T18:27:30.952936,61.34,72.9
2025-06-23T18:27:40.956047,60.0,77.3
2025-06-23T18:27:51.019789,61.34,79.7
2025-06-23T18:28:01.022376,65.0,79.7
2025-06-23T18:28:11.026943,70.0,77.3
2025-06-23T18:28:21.061723,75.0,72.9
2025-06-23T18:28:31.096384,78.66,66.8
2025-06-23T18:28:41.098991,80.0,60.0
2025-06-23T18:28:51.108027,78.66,53.2
2025-06-23T18:29:01.115329,75.0,47.1
2025-06-23T18:29:11.117180,70.0,42.7
2025-06-23T18:29:21.126700,65.0,40.3
2025-06-23T18:29:31.204517,61.34,40.3
2025-06-23T18:29:41.207628,60.0,42.7
2025-06-23T18:29:51.345142,61.34,47.1
2025-06-23T18:30:01.348940,65.0,53.2
2025-06-23T18:30:11.351880,70.0,60.0
2025-06-23T18:30:21.492750,75.0,66.8
2025-06-23T18:30:31.523894,78.66,72.9
2025-06-23T18:30:41.526498,80.0,77.3
2025-06-23T18:30:51.546865,78.66,79.7
2025-06-23T18:31:01.561302,75.0,79.7
2025-06-23T18:31:11.564752,70.0,77.3
2025-06-23T18:31:21.626544,65.0,72.9
2025-06-23T18:31:31.632594,61.34,66.8
2025-06-23T18:31:41.635906,60.0,60.0
2025-06-23T18:31:51.671587,61.34,53.2
2025-06-23T18:32:01.681914,65.0,47.1
2025-06-23T18:32:11.684584,70.0,42.7
2025-06-23T18:32:21.699482,75.0,40.3
2025-06-23T18:32:31.707089,78.66,40.3
2025-06-23T18:32:41.711257,80.0,42.7
2025-06-23T18:32:51.727078,78.66,47.1
2025-06-23T18:33:01.757893,75.0,53.2
2025-06-23T18:33:11.760300,70.0,60.0
2025-06-23T18:33:21.764072,65.0,66.8
2025-06-23T18:33:31.770271,61.34,72.9
2025-06-23T18:33:41.774436,60.0,77.3
2025-06-23T18:33:51.789135,61.34,79.7
2025-06-23T18:34:01.794197,65.0,79.7
2025-06-23T18:34:11.796348,70.0,77.3
2025-06-23T18:34:21.799047,75.0,72.9
2025-06-23T18:34:31.805013,78.66,66.8
2025-06-23T18:34:41.808646,80.0,60.0
2025-06-23T18:34:52.227047,78.66,53.2
2025-06-23T18:35:02.257655,75.0,47.1
2025-06-23T18:35:12.261690,70.0,42.7
2025-06-23T18:35:22.267296,65.0,40.3
2025-06-23T18:35:32.270822,61.34,40.3
2025-06-23T18:35:42.272971,60.0,42.7
2025-06-23T18:35:52.283700,61.34,47.1
2025-06-23T18:36:02.289210,65.0,53.2
2025-06-23T18:36:12.291208,70.0,60.0
2025-06-23T18:36:22.297662,75.0,66.8
2025-06-23T18:36:32.300790,78.66,72.9
2025-06-23T18:36:42.303590,80.0,77.3
2025-06-23T18:36:52.309388,78.66,79.7
2025-06-23T18:37:02.313490,75.0,79.7
2025-06-23T18:37:12.317199,70.0,77.3
2025-06-23T18:37:22.352893,65.0,72.9
2025-06-23T18:37:32.371099,61.34,66.8
2025-06-23T18:37:42.374818,60.0,60.0
2025-06-23T18:37:52.386021,61.34,53.2
2025-06-23T18:38:02.388725,65.0,47.1
2025-06-23T18:38:12.391530,70.0,42.7
2025-06-23T18:38:22.413473,75.0,40.3
2025-06-23T18:38:32.418431,78.66,40.3
2025-06-23T18:38:42.420552,80.0,42.7
2025-06-23T18:38:52.436907,78.66,47.1
2025-06-23T18:39:02.443713,75.0,53.2
2025-06-23T18:39:12.445745,70.0,60.0
2025-06-23T18:39:22.564529,65.0,66.8
2025-06-23T18:39:32.575657,61.34,72.9
2025-06-23T18:39:42.578530,60.0,77.3
2025-06-23T18:39:52.583168,61.34,79.7
2025-06-23T18:40:02.586301,65.0,79.7
2025-06-23T18:40:12.589373,70.0,77.3
2025-06-23T18:40:22.645777,75.0,72.9
2025-06-23T18:40:32.649225,78.66,66.8
2025-06-23T18:40:42.652931,80.0,60.0
2025-06-23T18:40:52.676563,78.66,53.2
2025-06-23T18:41:02.731812,75.0,47.1
2025-06-23T18:41:12.734965,70.0,42.7
2025-06-23T18:41:22.738349,65.0,40.3
2025-06-23T18:41:32.741326,61.34,40.3
2025-06-23T18:41:42.744441,60.0,42.7
2025-06-23T18:41:52.754411,61.34,47.1
2025-06-23T18:42:02.758575,65.0,53.2
2025-06-23T18:42:12.761371,70.0,60.0
2025-06-23T18:42:22.848352,75.0,66.8
2025-06-23T18:42:32.853768,78.66,72.9
2025-06-23T18:42:42.856100,80.0,77.3
2025-06-23T18:42:52.886280,78.66,79.7
2025-06-23T18:43:02.890375,75.0,79.7
2025-06-23T18:43:12.894458,70.0,77.3
2025-06-23T18:43:23.120347,65.0,72.9
2025-06-23T18:43:33.135526,61.34,66.8
2025-06-23T18:43:43.139107,60.0,60.0
2025-06-23T18:43:53.165184,61.34,53.2
2025-06-23T18:44:03.184346,65.0,47.1
2025-06-23T18:44:13.186977,70.0,42.7
2025-06-23T18:44:23.194224,75.0,40.3
2025-06-23T18:44:33.199783,78.66,40.3
2025-06-23T18:44:43.201842,80.0,42.7
2025-06-23T18:44:53.220733,78.66,47.1
2025-06-23T18:45:03.226167,75.0,53.2
2025-06-23T18:45:13.229698,70.0,60.0
2025-06-23T18:45:23.256616,65.0,66.8
2025-06-23T18:45:33.259899,61.34,72.9
2025-06-23T18:45:43.262369,60.0,77.3
2025-06-23T18:45:53.353896,61.34,79.7
2025-06-23T18:46:03.357698,65.0,79.7
2025-06-23T18:46:13.360808,70.0,77.3
2025-06-23T18:46:23.465012,75.0,72.9
2025-06-23T18:46:33.471055,78.66,66.8
2025-06-23T18:46:43.472624,80.0,60.0
2025-06-23T18:46:53.482800,78.66,53.2
2025-06-23T18:47:03.484998,75.0,47.1
2025-06-23T18:47:13.488545,70.0,42.7
2025-06-23T18:47:23.493035,65.0,40.3
2025-06-23T18:47:33.496913,61.34,40.3
2025-06-23T18:47:43.500932,60.0,42.7
2025-06-23T18:47:53.535468,61.34,47.1
2025-06-23T18:48:03.540461,65.0,53.2
2025-06-23T18:48:13.541581,70.0,60.0
2025-06-23T18:48:23.584664,75.0,66.8
2025-06-23T18:48:33.589130,78.66,72.9
2025-06-23T18:48:43.592372,80.0,77.3
2025-06-23T18:48:53.609895,78.66,79.7
2025-06-23T18:49:03.619072,75.0,79.7
2025-06-23T18:49:13.621325,70.0,77.3
2025-06-23T18:49:23.730233,65.0,72.9
2025-06-23T18:49:33.740721,61.34,66.8
2025-06-23T18:49:43.743712,60.0,60.0
2025-06-23T18:49:53.813491,61.34,53.2
2025-06-23T18:50:03.817824,65.0,47.1
2025-06-23T18:50:13.821450,70.0,42.7
2025-06-23T18:50:23.823769,75.0,40.3
2025-06-23T18:50:33.827770,78.66,40.3
2025-06-23T18:50:43.830789,80.0,42.7
2025-06-23T18:50:53.881690,78.66,47.1
2025-06-23T18:51:03.893407,75.0,53.2
2025-06-23T18:51:13.896326,70.0,60.0
2025-06-23T18:51:23.919505,65.0,66.8
2025-06-23T18:51:33.925162,61.34,72.9
2025-06-23T18:51:43.928988,60.0,77.3
2025-06-23T18:51:54.000561,61.34,79.7
2025-06-23T18:52:04.004590,65.0,79.7
2025-06-23T18:52:14.006940,70.0,77.3
2025-06-23T18:52:24.016773,75.0,72.9
2025-06-23T18:52:34.022745,78.66,66.8
2025-06-23T18:52:44.026591,80.0,60.0
2025-06-23T18:52:54.155726,78.66,53.2
2025-06-23T18:53:04.185096,75.0,47.1
2025-06-23T18:53:14.186871,70.0,42.7
2025-06-23T18:53:24.191404,65.0,40.3
2025-06-23T18:53:34.194352,61.34,40.3
2025-06-23T18:53:44.196039,60.0,42.7
2025-06-23T18:53:54.301823,61.34,47.1
2025-06-23T18:54:04.325417,65.0,53.2
2025-06-23T18:54:14.328128,70.0,60.0
2025-06-23T18:54:24.336316,75.0,66.8
2025-06-23T18:54:34.342411,78.66,72.9
2025-06-23T18:54:44.343850,80.0,77.3
2025-06-23T18:54:54.347759,78.66,79.7
2025-06-23T18:55:04.351735,75.0,79.7
2025-06-23T18:55:14.357028,70.0,77.3
2025-06-23T18:55:24.421391,65.0,72.9
2025-06-23T18:55:34.431541,61.34,66.8
2025-06-23T18:55:44.434161,60.0,60.0
2025-06-23T18:55:54.555026,61.34,53.2
2025-06-23T18:56:04.557480,65.0,47.1
2025-06-23T18:56:14.559564,70.0,42.7
2025-06-23T18:56:24.561230,75.0,40.3
2025-06-23T18:56:34.564004,78.66,40.3
2025-06-23T18:56:44.565888,80.0,42.7
2025-06-23T18:56:54.567419,78.66,47.1
2025-06-23T18:57:04.574181,75.0,53.2
2025-06-23T18:57:14.575899,70.0,60.0
2025-06-23T18:57:24.577485,65.0,66.8
2025-06-23T18:57:34.579859,61.34,72.9
2025-06-23T18:57:44.581477,60.0,77.3
2025-06-23T18:57:54.583235,61.34,79.7
2025-06-23T18:58:04.586030,65.0,79.7
2025-06-23T18:58:14.587894,70.0,77.3
2025-06-23T18:58:24.589457,75.0,72.9
2025-06-23T18:58:34.592015,78.66,66.8
2025-06-23T18:58:44.593905,80.0,60.0
2025-06-23T18:58:54.595546,78.66,53.2
2025-06-23T18:59:04.597789,75.0,47.1
2025-06-23T18:59:14.599158,70.0,42.7
2025-06-23T18:59:24.681074,65.0,40.3
2025-06-23T18:59:34.701067,61.34,40.3
2025-06-23T18:59:44.702584,60.0,42.7
2025-06-23T18:59:54.802128,61.34,47.1
2025-06-23T19:00:04.819386,65.0,53.2
2025-06-23T19:00:14.820917,70.0,60.0
2025-06-23T19:00:24.826250,75.0,66.8
2025-06-23T19:00:34.829322,78.66,72.9
2025-06-23T19:00:44.831014,80.0,77.3
2025-06-23T19:00:54.874631,78.66,79.7
2025-06-23T19:01:04.893836,75.0,79.7
2025-06-23T19:01:14.895747,70.0,77.3
2025-06-23T19:01:25.064640,65.0,72.9
2025-06-23T19:01:35.067391,61.34,66.8
2025-06-23T19:01:45.069053,60.0,60.0
2025-06-23T19:01:55.070522,61.34,53.2
2025-06-23T19:02:05.072692,65.0,47.1
2025-06-23T19:02:15.074643,70.0,42.7
2025-06-23T19:02:25.076307,75.0,40.3
2025-06-23T19:02:35.078986,78.66,40.3
2025-06-23T19:02:45.080535,80.0,42.7
2025-06-23T19:02:55.082342,78.66,47.1
2025-06-23T19:03:05.084426,75.0,53.2
2025-06-23T19:03:15.086474,70.0,60.0
2025-06-23T19:03:25.088051,65.0,66.8
2025-06-23T19:03:35.090671,61.34,72.9
2025-06-23T19:03:45.092845,60.0,77.3
2025-06-23T19:03:55.094653,61.34,79.7
2025-06-23T19:04:05.097071,65.0,79.7
2025-06-23T19:04:15.098924,70.0,77.3
2025-06-23T19:04:25.100576,75.0,72.9
2025-06-23T19:04:35.103233,78.66,66.8
2025-06-23T19:04:45.104680,80.0,60.0
2025-06-23T19:04:55.574604,78.66,53.2
2025-06-23T19:05:05.576802,75.0,47.1
2025-06-23T19:05:15.578445,70.0,42.7
2025-06-23T19:05:25.579953,65.0,40.3
2025-06-23T19:05:35.582559,61.34,40.3
2025-06-23T19:05:45.584281,60.0,42.7
2025-06-23T19:05:55.588901,61.34,47.1
2025-06-23T19:06:05.591052,65.0,53.2
2025-06-23T19:06:15.592591,70.0,60.0
2025-06-23T19:06:25.594214,75.0,66.8
2025-06-23T19:06:35.596486,78.66,72.9
2025-06-23T19:06:45.598292,80.0,77.3
2025-06-23T19:06:55.600035,78.66,79.7
2025-06-23T19:07:05.602292,75.0,79.7
2025-06-23T19:07:15.603708,70.0,77.3
2025-06-23T19:07:25.695052,65.0,72.9
2025-06-23T19:07:35.698693,61.34,66.8
2025-06-23T19:07:45.700381,60.0,60.0
2025-06-23T19:07:55.702432,61.34,53.2
2025-06-23T19:08:05.704581,65.0,47.1
2025-06-23T19:08:15.705964,70.0,42.7
2025-06-23T19:08:25.747858,75.0,40.3
2025-06-23T19:08:35.774565,78.66,40.3
2025-06-23T19:08:45.776158,80.0,42.7
2025-06-23T19:08:55.820116,78.66,47.1
2025-06-23T19:09:05.824658,75.0,53.2
2025-06-23T19:09:15.826188,70.0,60.0
2025-06-23T19:09:25.988833,65.0,66.8
2025-06-23T19:09:35.991297,61.34,72.9
2025-06-23T19:09:45.993074,60.0,77.3
2025-06-23T19:09:55.994892,61.34,79.7
2025-06-23T19:10:05.997606,65.0,79.7
2025-06-23T19:10:15.999127,70.0,77.3
2025-06-27T10:37:05.660087,70.0,60.0
2025-06-27T10:37:15.669094,75.0,66.8
2025-06-27T10:37:25.677006,78.66,72.9
2025-06-27T10:37:35.680380,80.0,77.3
2025-06-27T10:37:45.683695,78.66,79.7
2025-06-27T10:37:55.687543,75.0,79.7
2025-06-27T10:38:05.693238,70.0,77.3
2025-06-27T10:38:15.701468,65.0,72.9
2025-06-27T10:38:25.703997,61.34,66.8
2025-06-27T10:38:35.709685,60.0,60.0
2025-06-27T10:38:45.712698,61.34,53.2
2025-06-27T10:38:55.716043,65.0,47.1
2025-06-27T10:39:05.722354,70.0,42.7
2025-06-27T10:39:15.725158,75.0,40.3
2025-06-27T10:39:25.728299,78.66,40.3
2025-06-27T10:39:35.734643,80.0,42.7
2025-06-27T10:39:45.740326,78.66,47.1
2025-06-27T10:39:55.749039,75.0,53.2
2025-06-27T10:40:05.755829,70.0,60.0
2025-06-27T10:40:15.759848,65.0,66.8
2025-06-27T10:40:25.765562,61.34,72.9
2025-06-27T10:40:35.771207,60.0,77.3
2025-06-27T10:40:45.777420,61.34,79.7
2025-06-27T10:40:55.781264,65.0,79.7
2025-06-27T10:41:05.784024,70.0,77.3
2025-06-27T10:41:15.790259,75.0,72.9
2025-06-27T10:41:25.796098,78.66,66.8
2025-06-27T10:41:35.803910,80.0,60.0
2025-06-27T10:41:45.808140,78.66,53.2
2025-06-27T10:41:55.813325,75.0,47.1
2025-06-27T10:42:05.817738,70.0,42.7
2025-06-27T10:42:15.826210,65.0,40.3
2025-06-27T10:42:25.832195,61.34,40.3
2025-06-27T10:42:35.837671,60.0,42.7
2025-06-27T10:42:45.842223,61.34,47.1
2025-06-27T10:42:55.848946,65.0,53.2
2025-06-27T10:43:05.855778,70.0,60.0
2025-06-27T10:43:15.862266,75.0,66.8
2025-06-27T10:43:25.867904,78.66,72.9
2025-06-27T10:43:35.872087,80.0,77.3
2025-06-27T10:43:45.878792,78.66,79.7
2025-06-27T10:43:55.883639,75.0,79.7
2025-06-27T10:44:05.891659,70.0,77.3
2025-06-27T10:44:15.898359,65.0,72.9
2025-06-27T10:44:25.903068,61.34,66.8
2025-06-27T10:44:35.908000,60.0,60.0
2025-06-27T10:44:45.915230,61.34,53.2
2025-06-27T10:44:55.919913,65.0,47.1
2025-06-27T10:45:05.927463,90.0,72.7
2025-06-27T10:45:15.930326,95.0,70.3
2025-06-27T10:45:25.935635,98.66,70.3
2025-06-27T10:45:35.941359,100.0,72.7
2025-06-27T10:45:45.947503,98.66,77.1
2025-06-27T10:45:55.953880,95.0,83.2
2025-06-27T10:46:05.958888,90.0,90.0
2025-06-27T10:46:15.964044,85.0,96.8
2025-06-27T10:46:25.969162,81.34,102.9
2025-06-27T10:46:35.975107,80.0,107.3
2025-06-27T10:46:45.980930,81.34,109.7
2025-06-27T10:46:55.986800,85.0,109.7
2025-06-27T10:47:05.991935,70.0,77.3
2025-06-27T10:47:15.999936,75.0,72.9
2025-06-27T10:47:26.005062,78.66,66.8
2025-06-27T10:47:36.012592,80.0,60.0
2025-06-27T10:47:46.016173,78.66,53.2
2025-06-27T10:47:56.024291,75.0,47.1
2025-06-27T10:48:06.031192,70.0,42.7
2025-06-27T10:48:16.037984,65.0,40.3
2025-06-27T10:48:26.043759,61.34,40.3
2025-06-27T10:48:36.049154,60.0,42.7
2025-06-27T10:48:46.055053,61.34,47.1
2025-06-27T10:48:56.063226,65.0,53.2
2025-06-27T10:49:06.068204,70.0,60.0
2025-06-27T10:49:16.075064,75.0,66.8
2025-06-27T10:49:26.080699,78.66,72.9
2025-06-27T10:49:36.087266,80.0,77.3
2025-06-27T10:49:46.095239,78.66,79.7
2025-06-27T10:49:56.100343,75.0,79.7
2025-06-27T10:50:06.107306,70.0,77.3
2025-06-27T10:50:16.112981,65.0,72.9
2025-06-27T10:50:26.118803,61.34,66.8
2025-06-27T10:50:36.126265,60.0,60.0
2025-06-27T10:50:46.132532,61.34,53.2
2025-06-27T10:50:56.137614,65.0,47.1
2025-06-27T10:51:06.138895,70.0,42.7
2025-06-27T10:51:16.145865,75.0,40.3
2025-06-27T10:51:26.151908,78.66,40.3
2025-06-27T10:51:36.158750,80.0,42.7
2025-06-27T10:51:46.165200,78.66,47.1
2025-06-27T10:51:56.173115,75.0,53.2
2025-06-27T10:52:06.176854,70.0,60.0
2025-06-27T10:52:16.180374,65.0,66.8
2025-06-27T10:52:26.183873,61.34,72.9
2025-06-27T10:52:36.188233,60.0,77.3
2025-06-27T10:52:46.193379,61.34,79.7
2025-06-27T10:52:56.199263,65.0,79.7
2025-06-27T10:53:06.205511,70.0,77.3
2025-06-27T10:53:16.211863,75.0,72.9
2025-06-27T10:53:26.217483,78.66,66.8
2025-06-27T10:53:36.223126,80.0,60.0
2025-06-27T10:53:46.227717,78.66,53.2
2025-06-27T10:53:56.234651,75.0,47.1
2025-06-27T10:54:06.241556,70.0,42.7
2025-06-27T10:54:16.248745,65.0,40.3
2025-06-27T10:54:26.253905,61.34,40.3
2025-06-27T10:54:36.263450,60.0,42.7
2025-06-27T10:54:46.267380,61.34,47.1
2025-06-27T10:54:56.274691,65.0,53.2
2025-06-27T10:55:06.281869,70.0,60.0
2025-06-27T10:55:16.287172,75.0,66.8
2025-06-27T10:55:26.290595,78.66,72.9
2025-06-27T10:55:36.295887,80.0,77.3
2025-06-27T10:55:46.304233,78.66,79.7
2025-06-27T10:55:56.310146,75.0,79.7
2025-06-27T10:56:06.313657,70.0,77.3
2025-06-27T10:56:16.319493,65.0,72.9
2025-06-27T10:56:26.325867,61.34,66.8
2025-06-27T10:56:36.332130,60.0,60.0
2025-06-27T10:56:46.337280,61.34,53.2
2025-06-27T10:56:56.343545,65.0,47.1
2025-06-27T10:57:06.347941,70.0,42.7
2025-06-27T10:57:16.355854,75.0,40.3
2025-06-27T10:57:26.360556,78.66,40.3
2025-06-27T10:57:36.367219,80.0,42.7
2025-06-27T10:57:46.371561,78.66,47.1
2025-06-27T10:57:56.377255,75.0,53.2
2025-06-27T10:58:06.382718,70.0,60.0
2025-06-27T10:58:16.391545,65.0,66.8
2025-06-27T10:58:26.398970,61.34,72.9
2025-06-27T10:58:36.405324,60.0,77.3
2025-06-27T10:58:46.410344,61.34,79.7
2025-06-27T10:58:56.413695,65.0,79.7
2025-06-27T10:59:06.420965,70.0,77.3
2025-06-27T10:59:16.424711,75.0,72.9
2025-06-27T10:59:26.431607,78.66,66.8
2025-06-27T10:59:36.437462,80.0,60.0
2025-06-27T10:59:46.443232,78.66,53.2
2025-06-27T10:59:56.448075,75.0,47.1
2025-06-27T11:00:06.451006,70.0,42.7
2025-06-27T11:00:16.456650,65.0,40.3
2025-06-27T11:00:26.463386,61.34,40.3
2025-06-27T11:00:36.469259,60.0,42.7
2025-06-27T11:00:46.475573,61.34,47.1
2025-06-27T11:00:56.481370,65.0,53.2
2025-06-27T11:01:06.492176,70.0,60.0
2025-06-27T11:01:16.497815,75.0,66.8
2025-06-27T11:01:26.503150,78.66,72.9
2025-06-27T11:01:36.507003,80.0,77.3
2025-06-27T11:01:46.513570,78.66,79.7
2025-06-27T11:01:56.520476,75.0,79.7
2025-06-27T11:02:06.527071,70.0,77.3
2025-06-27T11:02:16.531599,65.0,72.9
2025-06-27T11:02:26.536897,61.34,66.8
2025-06-27T11:02:36.543562,60.0,60.0
2025-06-27T11:02:46.549930,61.34,53.2
2025-06-27T11:02:56.555212,65.0,47.1
2025-06-27T11:03:06.563231,70.0,42.7
2025-06-27T11:03:16.566575,75.0,40.3
2025-06-27T11:03:26.572641,78.66,40.3
2025-06-27T11:03:36.581246,80.0,42.7
2025-06-27T11:03:46.590225,78.66,47.1
2025-06-27T11:03:56.595650,75.0,53.2
2025-06-27T11:04:06.600573,70.0,60.0
2025-06-27T11:04:16.606028,65.0,66.8
2025-06-27T11:04:26.611537,61.34,72.9
2025-06-27T11:04:36.619258,60.0,77.3
2025-06-27T11:04:46.625506,61.34,79.7
2025-06-27T11:04:56.632112,65.0,79.7
2025-06-27T11:05:06.636109,70.0,77.3
2025-06-27T11:05:16.645299,75.0,72.9
2025-06-27T11:05:26.650829,78.66,66.8
2025-06-27T11:05:36.657674,80.0,60.0
2025-06-27T11:05:46.664505,78.66,53.2
2025-06-27T11:05:56.670240,75.0,47.1
2025-06-27T11:06:06.676695,70.0,42.7
2025-06-27T11:06:16.682090,65.0,40.3
2025-06-27T11:06:26.688416,61.34,40.3
2025-06-27T11:06:36.696099,60.0,42.7
2025-06-27T11:06:46.702221,61.34,47.1
2025-06-27T11:06:56.706709,65.0,53.2
2025-06-27T11:07:06.713625,70.0,60.0
2025-06-27T11:07:16.719252,75.0,66.8
2025-06-27T11:07:26.725263,78.66,72.9
2025-06-27T11:07:36.729032,80.0,77.3
2025-06-27T11:07:46.732626,78.66,79.7
2025-06-27T11:07:56.739625,75.0,79.7
2025-06-27T11:08:06.744654,70.0,77.3
2025-06-27T11:08:16.753511,65.0,72.9
2025-06-27T11:08:26.759672,61.34,66.8
2025-06-27T11:08:36.765842,60.0,60.0
2025-06-27T11:08:46.769700,61.34,53.2
2025-06-27T11:08:56.776183,65.0,47.1
2025-06-27T11:09:06.784760,70.0,42.7
2025-06-27T11:09:16.790014,75.0,40.3
2025-06-27T11:09:26.794951,78.66,40.3
2025-06-27T11:09:36.800516,80.0,42.7
2025-06-27T11:09:46.805390,78.66,47.1
2025-06-27T11:09:56.810927,75.0,53.2
2025-06-27T11:10:06.817266,70.0,60.0
2025-06-27T11:10:16.824558,65.0,66.8
2025-06-27T11:10:26.831388,61.34,72.9
2025-06-27T11:10:36.838014,60.0,77.3
2025-06-27T11:10:46.842284,61.34,79.7
2025-06-27T11:10:56.847434,65.0,79.7
2025-06-27T11:11:06.855333,70.0,77.3
2025-06-27T11:11:16.861655,75.0,72.9
2025-06-27T11:11:26.866416,78.66,66.8
2025-06-27T11:11:36.870498,80.0,60.0
2025-06-27T11:11:46.873131,78.66,53.2
2025-06-27T11:11:56.879434,75.0,47.1
2025-06-27T11:12:06.883975,70.0,42.7
2025-06-27T11:12:16.889741,65.0,40.3
2025-06-27T11:12:26.894807,61.34,40.3
2025-06-27T11:12:36.899461,60.0,42.7
2025-06-27T11:12:46.905671,61.34,47.1
2025-06-27T11:12:56.912599,65.0,53.2
2025-06-27T11:13:06.921807,70.0,60.0
2025-06-27T11:13:16.927491,75.0,66.8
2025-06-27T11:13:26.929997,78.66,72.9
2025-06-27T11:13:36.934162,80.0,77.3
2025-06-27T11:13:46.940155,78.66,79.7
2025-06-27T11:13:56.948559,75.0,79.7
2025-06-27T11:14:06.953783,70.0,77.3
2025-06-27T11:14:16.960095,65.0,72.9
2025-06-27T11:14:26.965117,61.34,66.8
2025-06-27T11:14:36.971358,60.0,60.0
2025-06-27T11:14:46.975839,61.34,53.2
2025-06-27T11:14:56.981079,65.0,47.1
2025-06-27T11:15:06.988156,70.0,42.7
2025-06-27T11:15:16.990695,75.0,40.3
2025-06-27T11:15:26.997133,78.66,40.3
2025-06-27T11:15:37.004442,80.0,42.7
2025-06-27T11:15:47.010050,78.66,47.1
2025-06-27T11:15:57.014801,75.0,53.2
2025-06-27T11:16:07.019476,70.0,60.0
2025-06-27T11:16:17.025787,65.0,66.8
2025-06-27T11:16:27.032257,61.34,72.9
2025-06-27T11:16:37.038696,60.0,77.3
2025-06-27T11:16:47.045924,61.34,79.7
2025-06-27T11:16:57.052380,65.0,79.7
2025-06-27T11:17:07.058760,70.0,77.3
2025-06-27T11:17:17.064392,75.0,72.9
2025-06-27T11:17:27.072154,78.66,66.8
2025-06-27T11:17:37.078386,80.0,60.0
2025-06-27T12:48:22.224141,78.66,53.2
2025-06-27T12:48:32.504068,75.0,47.1
2025-06-27T12:48:42.507315,70.0,42.7
2025-06-27T12:48:52.508736,65.0,40.3
2025-06-27T12:49:02.510293,61.34,40.3
2025-06-27T12:49:12.511995,60.0,42.7
2025-06-27T12:49:22.513266,61.34,47.1
2025-06-27T12:49:32.515152,65.0,53.2
2025-06-27T12:49:42.518879,70.0,60.0
2025-06-27T12:49:52.522479,75.0,66.8
2025-06-27T12:50:02.525965,78.66,72.9
2025-06-27T12:50:12.528814,80.0,77.3
2025-06-27T12:50:22.532014,78.66,79.7
2025-06-27T12:50:32.535905,75.0,79.7
2025-06-27T12:50:42.539517,70.0,77.3
2025-06-27T12:50:52.543206,65.0,72.9
2025-06-27T12:51:02.544894,61.34,66.8
2025-06-27T12:51:12.548269,60.0,60.0
2025-06-27T12:51:22.551568,61.34,53.2
2025-06-27T12:51:32.554617,65.0,47.1
2025-06-27T12:51:42.557885,70.0,42.7
2025-06-27T12:51:52.561035,75.0,40.3
2025-06-27T12:52:02.564822,78.66,40.3
2025-06-27T12:52:12.568092,80.0,42.7
2025-06-27T12:52:22.571567,78.66,47.1
2025-06-27T12:52:32.575015,75.0,53.2
2025-06-27T12:52:42.578842,70.0,60.0
2025-06-27T12:52:52.582333,65.0,66.8
2025-06-27T12:53:02.585469,61.34,72.9
2025-06-27T12:53:12.587542,60.0,77.3
