timestamp,temperature_c,event,rul
2025-06-21 18:45:31.987683,39.2,0,73
2025-06-21 18:45:21.977628,38.9,0,72
2025-06-21 18:45:11.971494,38.6,0,71
2025-06-21 18:45:01.962502,38.3,0,70
2025-06-21 18:44:51.959422,38.0,0,69
2025-06-21 18:44:41.955006,37.7,0,68
2025-06-21 18:44:31.941063,37.4,0,67
2025-06-21 18:44:21.938220,37.1,0,66
2025-06-21 18:44:11.933316,36.8,0,65
2025-06-21 18:44:01.926225,36.5,0,64
2025-06-21 18:43:51.918379,36.2,0,63
2025-06-21 18:43:41.912887,35.9,0,62
2025-06-21 18:43:31.910229,35.6,0,61
2025-06-21 18:43:21.901366,35.3,0,60
2025-06-21 18:43:11.896125,35.0,0,59
2025-06-21 18:42:40.760979,42.5,0,58
2025-06-21 18:42:30.757574,42.2,0,57
2025-06-21 18:42:20.755912,41.9,0,56
2025-06-21 18:42:10.751805,41.6,0,55
2025-06-21 18:42:00.746651,41.3,0,54
2025-06-21 18:41:50.740029,41.0,0,53
2025-06-21 18:41:40.733930,40.7,0,52
2025-06-21 18:41:30.730809,40.4,0,51
2025-06-21 18:41:20.727524,40.1,0,50
2025-06-21 18:41:10.725347,39.8,0,49
2025-06-21 18:41:00.718671,39.5,0,48
2025-06-21 18:40:50.715219,39.2,0,47
2025-06-21 18:40:40.712853,38.9,0,46
2025-06-21 18:40:30.710078,38.6,0,45
2025-06-21 18:40:20.705503,38.3,0,44
2025-06-21 18:40:10.704238,38.0,0,43
2025-06-21 18:40:00.700696,37.7,0,42
2025-06-21 18:39:50.697431,37.4,0,41
2025-06-21 18:39:40.689857,37.1,0,40
2025-06-21 18:39:30.683170,36.8,0,39
2025-06-21 18:39:20.676556,36.5,0,38
2025-06-21 18:39:10.666865,36.2,0,37
2025-06-21 18:39:00.658403,35.9,0,36
2025-06-21 18:38:50.654006,35.6,0,35
2025-06-21 18:38:40.649385,35.3,0,34
2025-06-21 18:38:30.645300,35.0,0,33
2025-06-21 18:33:30.051900,44.6,0,32
2025-06-21 18:33:20.049057,44.3,0,31
2025-06-21 18:33:10.045829,44.0,0,30
2025-06-21 18:33:00.043849,43.7,0,29
2025-06-21 18:32:50.041594,43.4,0,28
2025-06-21 18:32:40.040142,43.1,0,27
2025-06-21 18:32:30.037827,42.8,0,26
2025-06-21 18:32:20.033955,42.5,0,25
2025-06-21 18:32:10.030525,42.2,0,24
2025-06-21 18:32:00.028862,41.9,0,23
2025-06-21 18:31:50.026061,41.6,0,22
2025-06-21 18:31:40.023134,41.3,0,21
2025-06-21 18:31:30.019919,41.0,0,20
2025-06-21 18:31:20.011242,40.7,0,19
2025-06-21 18:31:10.007394,40.4,0,18
2025-06-21 18:31:00.003063,40.1,0,17
2025-06-21 18:30:50.000959,39.8,0,16
2025-06-21 18:30:39.998561,39.5,0,15
2025-06-21 18:30:29.995868,39.2,0,14
2025-06-21 18:30:19.993612,38.9,0,13
2025-06-21 18:30:09.989928,38.6,0,12
2025-06-21 18:29:59.986538,38.3,0,11
2025-06-21 18:29:49.983828,38.0,0,10
2025-06-21 18:29:39.981626,37.7,0,9
2025-06-21 18:29:29.980160,37.4,0,8
2025-06-21 18:29:19.976801,37.1,0,7
2025-06-21 18:29:09.974164,36.8,0,6
2025-06-21 18:28:59.970957,36.5,0,5
2025-06-21 18:28:49.967833,36.2,0,4
2025-06-21 18:28:39.965077,35.9,0,3
2025-06-21 18:28:29.961606,35.6,0,2
2025-06-21 18:28:19.959794,35.3,0,1
2025-06-21 18:28:09.955398,35.0,0,0
2025-06-21T18:45:40.676555,120.0,1,0
2025-06-21T18:45:41.995550,39.5
2025-06-21T18:45:52.004608,39.8
2025-06-21T18:46:02.012523,40.1
2025-06-21T18:46:12.020352,40.4
2025-06-21T18:46:22.025099,40.7
2025-06-21T18:49:15.701364,35.0
2025-06-21T18:49:25.707585,35.3
2025-06-21T18:49:35.711626,35.6
2025-06-21T18:49:45.720470,35.9
2025-06-21T18:49:55.727711,36.2
2025-06-21T19:19:15.455992,35.0
2025-06-21T19:19:25.464157,35.3
2025-06-21T19:19:35.466219,35.6
2025-06-21T19:19:45.472546,35.9
2025-06-21T19:19:55.477398,36.2
2025-06-21T19:20:05.485581,36.5
2025-06-21T19:20:15.487874,36.8
2025-06-21T19:20:25.495037,37.1
2025-06-21T19:20:35.502484,37.4
2025-06-21T19:20:45.509327,37.7
2025-06-21T19:20:55.516295,38.0
2025-06-21T19:21:05.521338,38.3
2025-06-21T19:21:15.524160,38.6
2025-06-21T19:21:25.529057,38.9
2025-06-21T19:21:35.531882,39.2
2025-06-21T19:21:45.536014,39.5
2025-06-21T19:21:55.542448,39.8
2025-06-21T19:22:05.548517,40.1
2025-06-21T19:22:15.556591,40.4
2025-06-21T19:22:25.558883,40.7
2025-06-21T19:22:35.562104,41.0
2025-06-21T19:22:45.565272,41.3
2025-06-21T19:22:55.570257,41.6
2025-06-21T19:23:05.573739,41.9
2025-06-21T19:23:15.578919,42.2
2025-06-21T19:23:25.584307,42.5
2025-06-21T19:23:35.590275,42.8
2025-06-21T19:23:45.594234,43.1
2025-06-21T19:23:55.599269,43.4
2025-06-21T19:24:05.603476,43.7
2025-06-21T19:24:15.606633,44.0
2025-06-21T19:24:25.612551,44.3
2025-06-21T19:24:35.617745,44.6
2025-06-21T19:24:45.621585,44.9
2025-06-21T19:24:55.626620,45.2
2025-06-21T19:25:05.630846,45.5
2025-06-21T19:25:15.634070,45.8
2025-06-21T19:25:25.642746,46.1
2025-06-21T19:25:35.648323,46.4
2025-06-21T19:25:45.651583,46.7
2025-06-21T19:25:55.659196,47.0
2025-06-21T19:26:05.666460,47.3
2025-06-21T19:26:15.670392,47.6
2025-06-21T19:26:25.676309,47.9
2025-06-21T19:26:35.683237,48.2
2025-06-21T19:26:45.686298,48.5
2025-06-21T19:26:55.691161,48.8
2025-06-21T19:27:05.707738,49.1
2025-06-21T19:27:15.710259,49.4
2025-06-21T19:27:25.715676,49.7
2025-06-21T19:27:35.722078,50.0
2025-06-21T19:27:45.723534,50.3
2025-06-21T19:27:55.727729,50.6
2025-06-21T19:28:05.734095,50.9
2025-06-21T19:28:15.740417,51.2
2025-06-21T19:28:25.745851,51.5
2025-06-21T19:28:35.751918,51.8
2025-06-21T19:28:45.756167,52.1
2025-06-21T19:28:55.763758,52.4
2025-06-21T19:29:05.769584,52.7
2025-06-21T19:29:15.775472,53.0
2025-06-21T19:29:25.780315,53.3
2025-06-21T19:29:35.787518,53.6
2025-06-21T19:29:45.794093,53.9
2025-06-21T19:29:55.799097,54.2
2025-06-21T19:30:05.813401,54.5
2025-06-21T19:30:15.816641,54.8
2025-06-21T19:30:25.821663,55.1
2025-06-21T19:30:35.824236,55.4
2025-06-21T19:30:45.827179,55.7
2025-06-21T19:30:55.829370,56.0
2025-06-21T19:31:05.831374,56.3
2025-06-21T19:31:15.835620,56.6
2025-06-21T19:31:25.839846,56.9
2025-06-21T19:31:35.844625,57.2
2025-06-21T19:31:45.851753,57.5
2025-06-21T19:31:55.859460,57.8
2025-06-21T19:32:05.866003,58.1
2025-06-21T19:32:15.872737,58.4
2025-06-21T19:32:25.880654,58.7
2025-06-21T19:32:35.886441,59.0
2025-06-21T19:32:45.892955,59.3
2025-06-21T19:32:55.901028,59.6
2025-06-21T19:33:05.906352,59.9
2025-06-21T19:33:15.912252,60.2
2025-06-21T19:33:25.920043,60.5
2025-06-21T19:33:35.927650,60.8
2025-06-21T22:27:00.031235,61.1
2025-06-21T22:27:10.442409,61.4
2025-06-23T11:03:21.186013,35.0
2025-06-23T11:03:31.192388,35.3
2025-06-23T11:03:41.198629,35.6
2025-06-23T11:03:51.203502,35.9
2025-06-23T11:04:01.211862,36.2
2025-06-23T11:04:11.219104,36.5
2025-06-23T11:04:21.223593,36.8
2025-06-23T11:04:31.229482,37.1
2025-06-23T11:04:41.238992,37.4
2025-06-23T11:04:51.246110,37.7
2025-06-23T11:05:01.253854,38.0
2025-06-23T11:05:11.262982,38.3
2025-06-23T11:05:21.272104,38.6
2025-06-23T11:05:31.280720,38.9
2025-06-23T11:05:41.288167,39.2
2025-06-23T11:05:51.291557,39.5
2025-06-23T11:06:01.298193,39.8
2025-06-23T11:06:11.304275,40.1
2025-06-23T11:06:21.307305,40.4
2025-06-23T11:06:31.311071,40.7
2025-06-23T11:06:41.314464,41.0
2025-06-23T11:06:51.317754,41.3
2025-06-23T11:07:01.319704,41.6
2025-06-23T11:07:11.323804,41.9
2025-06-23T11:07:21.326538,42.2
2025-06-23T11:07:31.329605,42.5
2025-06-23T11:07:41.330999,42.8
2025-06-23T11:07:51.332605,43.1
2025-06-23T11:08:01.335618,43.4
2025-06-23T11:08:11.339092,43.7
2025-06-23T11:08:21.342276,44.0
2025-06-23T11:08:31.345639,44.3
2025-06-23T11:08:41.347354,44.6
2025-06-23T11:08:51.350188,44.9
2025-06-23T11:09:01.353603,45.2
2025-06-23T11:09:11.356002,45.5
2025-06-23T11:09:21.359256,45.8
2025-06-23T11:09:31.366276,46.1
2025-06-23T11:09:41.424589,46.4
2025-06-23T11:09:51.428893,46.7
2025-06-23T11:10:01.436302,47.0
2025-06-23T11:10:11.441704,47.3
2025-06-23T11:10:21.445568,47.6
2025-06-23T11:10:31.454032,47.9
2025-06-23T11:10:41.459524,48.2
2025-06-23T11:10:51.463048,48.5
2025-06-23T11:11:01.468864,48.8
2025-06-23T11:11:11.475558,49.1
2025-06-23T11:11:21.483308,49.4
2025-06-23T11:11:31.491579,49.7
2025-06-23T11:11:41.498257,50.0
2025-06-23T11:11:51.503066,50.3
2025-06-23T11:12:01.506853,50.6
2025-06-23T11:12:11.515810,50.9
2025-06-23T11:12:21.520022,51.2
2025-06-23T11:12:31.526506,51.5
2025-06-23T11:12:41.531155,51.8
2025-06-23T11:12:51.537089,52.1
2025-06-23T11:13:01.541928,52.4
2025-06-23T11:13:11.548772,52.7
2025-06-23T11:13:21.552890,53.0
2025-06-23T11:13:31.557883,53.3
2025-06-23T11:13:41.564784,53.6
2025-06-23T11:13:51.574045,53.9
2025-06-23T11:14:01.577642,54.2
2025-06-23T11:14:11.580412,54.5
2025-06-23T11:14:21.588255,54.8
2025-06-23T11:14:31.591174,55.1
2025-06-23T11:14:41.594008,55.4
2025-06-23T11:14:51.596918,55.7
2025-06-23T11:15:01.601676,56.0
2025-06-23T11:15:11.609146,56.3
2025-06-23T11:15:21.613553,56.6
2025-06-23T11:15:31.620327,56.9
2025-06-23T11:15:41.627878,57.2
2025-06-23T11:15:51.633513,57.5
2025-06-23T11:16:01.639576,57.8
2025-06-23T11:16:11.644913,58.1
2025-06-23T11:16:21.651474,58.4
2025-06-23T11:16:31.656557,58.7
2025-06-23T11:16:41.662209,59.0
2025-06-23T11:16:51.670205,59.3
2025-06-23T11:17:01.675420,59.6
2025-06-23T11:17:11.680954,59.9
2025-06-23T11:17:21.686065,60.2
2025-06-23T11:17:31.694903,60.5
2025-06-23T11:17:41.699969,60.8
2025-06-23T11:17:51.707363,61.1
2025-06-23T11:18:01.711700,61.4
2025-06-23T11:18:11.716790,61.7
2025-06-23T11:18:21.721818,102.0
2025-06-23T11:18:31.727998,102.3
2025-06-23T11:18:41.730745,102.6
2025-06-23T11:18:51.737600,102.9
2025-06-23T11:19:01.739628,103.2
2025-06-23T11:19:11.746269,103.5
2025-06-23T11:19:21.751497,103.8
2025-06-23T11:19:31.753927,104.1
2025-06-23T11:19:41.756620,104.4
2025-06-23T11:19:51.761042,104.7
2025-06-23T11:20:01.764104,105.0
2025-06-23T11:20:11.767378,105.3
2025-06-23T11:20:21.775057,105.6
2025-06-23T11:20:31.780195,105.8
2025-06-23T11:20:41.788208,106.0
2025-06-23T11:20:51.794919,106.2
2025-06-23T11:21:01.801089,106.4
2025-06-23T11:21:11.807653,106.6
2025-06-23T11:21:21.812908,106.8
2025-06-23T11:21:31.819509,107.0
2025-06-23T11:21:41.826152,107.2
2025-06-23T11:21:51.831747,107.4
2025-06-23T11:22:01.838764,107.6
2025-06-23T11:22:11.843481,107.8
2025-06-23T11:22:21.846536,108.0
2025-06-23T11:22:31.852240,108.2
2025-06-23T11:22:41.856517,108.4
2025-06-23T11:22:51.863327,108.6
2025-06-23T11:23:01.868538,108.8
2025-06-23T11:23:11.875299,109.0
2025-06-23T11:23:21.890485,109.2
2025-06-23T11:23:31.895560,109.4
2025-06-23T11:23:41.900849,109.6
2025-06-23T11:23:51.906088,109.8
2025-06-23T11:24:01.911586,110.0
2025-06-23T11:24:11.914754,110.2
2025-06-23T11:24:21.920214,110.4
2025-06-23T11:24:31.924450,110.6
2025-06-23T11:24:41.931302,110.8
2025-06-23T11:24:51.936042,111.0
2025-06-23T11:25:01.940660,111.2
2025-06-23T11:25:11.942331,111.4
2025-06-23T11:25:21.947626,111.6
2025-06-23T11:25:31.950615,111.8
2025-06-23T11:25:41.954762,112.0
2025-06-23T11:25:51.960503,112.2
2025-06-23T11:26:01.968213,112.4
2025-06-23T11:26:11.970235,112.6
2025-06-23T11:26:21.974397,112.8
2025-06-23T11:26:31.978539,113.0
2025-06-23T11:26:41.984479,113.2
2025-06-23T11:26:51.990880,113.4
2025-06-23T11:27:01.992713,113.6
2025-06-23T11:27:11.997342,113.8
2025-06-23T11:27:22.002274,114.0
2025-06-23T11:27:32.009247,114.2
2025-06-23T11:27:42.015137,114.4
2025-06-23T11:27:52.020629,114.6
2025-06-23T11:28:02.023755,114.8
2025-06-23T11:28:12.029942,115.0
2025-06-23T11:28:22.035724,115.2
2025-06-23T11:28:32.041333,115.4
2025-06-23T11:28:42.048838,115.6
2025-06-23T11:28:52.054566,115.8
2025-06-23T11:29:02.063469,116.0
2025-06-23T11:29:12.068027,116.2
2025-06-23T11:29:22.074982,116.4
2025-06-23T11:29:32.081153,116.6
2025-06-23T11:29:42.086264,116.8
2025-06-23T11:29:52.088663,117.0
2025-06-23T11:30:02.090888,117.2
2025-06-23T11:30:12.097362,117.4
2025-06-23T11:30:22.099914,117.6
2025-06-23T11:30:32.103540,117.8
2025-06-23T11:30:42.107269,118.0
2025-06-23T11:30:52.110797,118.2
2025-06-23T11:31:02.113475,118.4
2025-06-23T11:31:12.115772,118.6
2025-06-23T11:31:22.119803,118.8
2025-06-23T11:31:32.126494,119.0
2025-06-23T11:31:42.132376,119.2
2025-06-23T11:31:52.137738,119.4
2025-06-23T11:32:02.139766,119.6
2025-06-23T11:32:12.145767,119.8
2025-06-23T11:32:22.152248,120.0
2025-06-23T11:32:32.156392,120.2
2025-06-23T11:32:42.165616,120.4
2025-06-23T11:32:52.171953,120.6
2025-06-23T11:33:02.176730,120.8
2025-06-23T11:33:12.181683,121.0
2025-06-23T11:33:22.189592,121.2
2025-06-23T11:33:32.194148,121.4
2025-06-23T11:33:42.197954,121.6
2025-06-23T11:33:52.204267,121.8
2025-06-23T11:34:02.206000,122.0
2025-06-23T11:34:12.208813,122.2
2025-06-23T11:34:22.216197,122.4
2025-06-23T11:34:32.222763,122.6
2025-06-23T11:34:42.227452,122.8
2025-06-23T11:34:52.230939,123.0
2025-06-23T11:35:02.234458,123.2
2025-06-23T13:40:49.724621,35.0
2025-06-23T13:40:59.733168,35.3
2025-06-23T13:41:09.739754,35.6
2025-06-23T13:41:19.748906,35.9
2025-06-23T13:41:29.755041,36.2
2025-06-23T13:41:39.763893,36.5
2025-06-23T13:41:49.770620,36.8
2025-06-23T13:41:59.775908,37.1
2025-06-23T13:42:09.778175,37.4
2025-06-23T13:42:19.781892,37.7
2025-06-23T13:42:29.787037,38.0
2025-06-23T13:42:39.790569,38.3
2025-06-23T13:42:49.819426,38.6
2025-06-23T13:42:59.823917,38.9
2025-06-23T13:43:09.828436,39.2
2025-06-23T13:43:19.830895,39.5
2025-06-23T13:43:29.836354,39.8
2025-06-23T13:43:39.841092,40.1
2025-06-23T13:43:49.849432,40.4
2025-06-23T13:43:59.855530,40.7
2025-06-23T13:44:09.862392,41.0
2025-06-23T13:44:19.868951,41.3
2025-06-23T13:44:29.872836,41.6
2025-06-23T13:44:39.881432,41.9
2025-06-23T13:44:49.891522,42.2
2025-06-23T13:44:59.898080,42.5
2025-06-23T13:45:09.901324,42.8
2025-06-23T13:45:19.910007,43.1
2025-06-23T13:45:29.916198,43.4
2025-06-23T13:45:39.923472,43.7
2025-06-23T13:45:49.934627,44.0
2025-06-23T13:45:59.942261,44.3
2025-06-23T13:46:09.950920,44.6
2025-06-23T13:46:19.955426,44.9
2025-06-23T13:46:29.963421,45.2
2025-06-23T13:46:39.972676,45.5
2025-06-23T13:46:49.980148,45.8
2025-06-23T13:46:59.986298,46.1
2025-06-23T13:47:09.996448,46.4
2025-06-23T13:47:20.004063,46.7
2025-06-23T13:47:30.010921,47.0
2025-06-23T13:47:40.021754,47.3
2025-06-23T13:47:50.028965,47.6
2025-06-23T13:48:00.037757,47.9
2025-06-23T13:48:10.040242,48.2
2025-06-23T14:29:39.448884,35.0
2025-06-23T14:29:49.456604,35.3
2025-06-23T14:29:59.481492,35.6
2025-06-23T14:30:09.484216,35.9
2025-06-23T14:30:19.485964,36.2
2025-06-23T14:30:29.615560,36.5
2025-06-23T14:30:39.626925,36.8
2025-06-23T14:30:49.629469,37.1
2025-06-23T14:30:59.630962,37.4
2025-06-23T14:31:09.635520,37.7
2025-06-23T14:31:19.639504,38.0
2025-06-23T14:31:29.738525,38.3
2025-06-23T14:31:39.740790,38.6
2025-06-23T14:31:49.743783,38.9
2025-06-23T14:31:58.498993,35.0
2025-06-23T14:32:08.503616,35.3
2025-06-23T14:32:18.512166,35.6
2025-06-23T14:32:28.517883,35.9
2025-06-23T14:32:38.519500,36.2
2025-06-23T14:32:48.522703,36.5
2025-06-23T14:32:58.526243,36.8
2025-06-23T14:33:08.528701,37.1
2025-06-23T14:33:18.757355,37.4
2025-06-23T14:33:29.042232,37.7
2025-06-23T14:33:39.045340,38.0
2025-06-23T14:33:49.050961,38.3
2025-06-23T14:33:59.052991,38.6
2025-06-23T14:34:09.055577,38.9
2025-06-23T14:34:19.058407,39.2
2025-06-23T14:37:06.992842,35.0
2025-06-23T14:37:16.999150,35.3
2025-06-23T14:37:27.007511,35.6
2025-06-23T14:37:37.013081,35.9
2025-06-23T14:37:47.016557,36.2
2025-06-23T14:37:57.018274,36.5
2025-06-23T14:38:07.019860,36.8
2025-06-23T14:38:17.022764,37.1
2025-06-23T14:38:27.025004,37.4
2025-06-23T14:38:37.028763,37.7
2025-06-23T14:38:47.032281,38.0
2025-06-23T14:38:57.034091,38.3
2025-06-23T14:39:07.038422,38.6
2025-06-23T14:39:17.041963,38.9
2025-06-23T14:39:27.043703,39.2
2025-06-23T14:39:37.045380,39.5
2025-06-23T14:39:47.047086,39.8
2025-06-23T14:39:57.048800,40.1
2025-06-23T14:40:07.050607,40.4
2025-06-23T14:40:17.052425,40.7
2025-06-23T14:40:27.054422,41.0
2025-06-23T14:40:37.055759,41.3
2025-06-23T14:40:47.057535,41.6
2025-06-23T14:40:57.060838,41.9
2025-06-23T14:41:07.062774,42.2
2025-06-23T14:41:17.065805,42.5
2025-06-23T14:41:27.068733,42.8
2025-06-23T14:41:37.071384,43.1
2025-06-23T14:41:47.075305,43.4
2025-06-23T14:41:57.078349,43.7
2025-06-23T14:42:07.080802,44.0
2025-06-23T14:42:17.082319,44.3
2025-06-23T14:42:27.084453,44.6
2025-06-23T14:42:37.085868,44.9
2025-06-23T14:42:47.088124,45.2
2025-06-23T14:42:57.091629,45.5
2025-06-23T14:43:07.093709,45.8
2025-06-23T14:43:17.095833,46.1
2025-06-23T14:43:27.097899,46.4
2025-06-23T14:43:37.100784,46.7
2025-06-23T14:43:47.103673,47.0
2025-06-23T14:43:57.107418,47.3
2025-06-23T14:44:07.110734,47.6
2025-06-23T14:44:17.114215,47.9
2025-06-23T14:44:27.115708,48.2
2025-06-23T14:44:37.119521,48.5
2025-06-23T14:44:47.121648,48.8
2025-06-23T14:44:57.124929,49.1
2025-06-23T14:45:07.128357,49.4
2025-06-23T14:45:17.131576,49.7
2025-06-23T14:45:27.133449,50.0
2025-06-23T14:45:37.137275,50.3
2025-06-23T14:45:47.139749,50.6
2025-06-23T14:45:57.143070,50.9
2025-06-23T14:46:07.145145,51.2
2025-06-23T14:46:17.146616,51.5
2025-06-23T14:46:27.155314,51.8
2025-06-23T14:46:37.160550,52.1
2025-06-23T14:46:47.163393,52.4
2025-06-23T14:46:57.165518,52.7
2025-06-23T14:47:07.167195,53.0
2025-06-23T14:47:17.170467,53.3
2025-06-23T14:47:27.172651,53.6
2025-06-23T14:47:37.177241,53.9
2025-06-23T14:47:47.180884,54.2
2025-06-23T14:47:57.182802,54.5
2025-06-23T14:48:07.185393,54.8
2025-06-23T14:48:17.187357,55.1
2025-06-23T14:48:27.191073,55.4
2025-06-23T14:48:37.193556,55.7
2025-06-23T14:48:47.197602,56.0
2025-06-23T14:48:57.200768,56.3
2025-06-23T14:49:07.202326,56.6
2025-06-23T14:49:17.205234,56.9
2025-06-23T14:49:27.206592,57.2
2025-06-23T14:49:37.207987,57.5
2025-06-23T14:49:47.210967,57.8
2025-06-23T14:49:57.214455,58.1
2025-06-23T14:50:07.216768,58.4
2025-06-23T14:50:17.219836,58.7
2025-06-23T14:50:27.223397,59.0
2025-06-23T14:50:37.225432,59.3
2025-06-23T14:50:47.228529,59.6
2025-06-23T14:50:57.230844,59.9
2025-06-23T14:51:07.234313,60.2
2025-06-23T14:51:17.237228,60.5
2025-06-23T14:51:27.239966,60.8
2025-06-23T14:51:37.242128,61.1
2025-06-23T14:51:47.244660,61.4
2025-06-23T14:51:57.247419,61.7
2025-06-23T14:52:07.249815,102.0
2025-06-23T14:52:17.253411,102.3
2025-06-23T14:52:27.256325,102.6
2025-06-23T14:52:37.258603,102.9
2025-06-23T14:52:47.262484,103.2
2025-06-23T14:52:57.266477,103.5
2025-06-23T14:53:07.268849,103.8
2025-06-23T14:53:17.272192,104.1
2025-06-23T14:53:27.275890,104.4
2025-06-23T14:53:37.278782,104.7
2025-06-23T14:53:47.282297,105.0
2025-06-23T14:53:57.378193,105.3
2025-06-23T14:54:07.380247,105.6
2025-06-23T14:54:17.383041,105.8
2025-06-23T14:54:27.385801,106.0
2025-06-23T14:54:37.389108,106.2
2025-06-23T14:54:47.390661,106.4
2025-06-23T14:54:57.392953,106.6
2025-06-23T14:55:07.394436,106.8
2025-06-23T14:55:17.395769,107.0
2025-06-23T14:55:27.397749,107.2
2025-06-23T14:55:37.399405,107.4
2025-06-23T14:55:47.400901,107.6
2025-06-23T14:55:57.401602,107.8
2025-06-23T14:56:07.404052,108.0
2025-06-23T14:56:17.408773,108.2
2025-06-23T14:56:27.412101,108.4
2025-06-23T14:56:37.417319,108.6
2025-06-23T14:56:47.425007,108.8
2025-06-23T14:56:57.428723,109.0
2025-06-23T15:08:43.388204,35.0
2025-06-23T15:08:53.395652,35.3
2025-06-23T15:09:03.399775,35.6
2025-06-23T15:09:13.407539,35.9
2025-06-23T15:09:23.411275,36.2
2025-06-23T15:09:33.415639,36.5
2025-06-23T15:09:43.419980,36.8
2025-06-23T15:09:53.423892,37.1
2025-06-23T15:10:03.429177,37.4
2025-06-23T15:10:13.434611,37.7
2025-06-23T15:10:23.438151,38.0
2025-06-23T15:10:33.442384,38.3
2025-06-23T15:10:43.447336,38.6
2025-06-23T15:10:53.451772,38.9
2025-06-23T16:01:46.283455,35.0
2025-06-23T16:01:56.290684,35.3
2025-06-23T16:02:06.298723,35.6
2025-06-23T16:06:05.708451,35.0
2025-06-23T16:06:15.722773,35.3
2025-06-23T16:06:25.728534,35.6
2025-06-23T16:06:35.733355,35.9
2025-06-23T16:06:45.742637,36.2
2025-06-23T16:06:55.748019,36.5
2025-06-23T16:07:05.756519,36.8
2025-06-23T16:07:15.766451,37.1
2025-06-23T16:07:25.774221,37.4
2025-06-23T16:07:35.784068,37.7
2025-06-23T16:07:45.790742,38.0
2025-06-23T16:07:55.797991,38.3
2025-06-23T16:08:05.805993,38.6
2025-06-23T16:08:15.809749,38.9
2025-06-23T16:08:25.818421,39.2
2025-06-23T16:08:35.826930,39.5
2025-06-23T16:08:45.832554,39.8
2025-06-23T16:08:55.840931,40.1
2025-06-23T16:09:05.847921,40.4
2025-06-23T16:09:15.855416,40.7
2025-06-23T16:09:25.866077,41.0
2025-06-23T16:09:35.874390,41.3
2025-06-23T16:09:45.881908,41.6
2025-06-23T16:09:55.885067,41.9
2025-06-23T16:10:05.886032,42.2
2025-06-23T16:10:15.895708,42.5
2025-06-23T16:10:25.903478,42.8
2025-06-23T16:10:35.909865,43.1
2025-06-23T16:10:45.918397,43.4
2025-06-23T16:10:55.924849,43.7
2025-06-23T16:11:05.932040,44.0
2025-06-23T16:11:15.939285,44.3
2025-06-23T16:11:25.943625,44.6
2025-06-23T16:11:35.948078,44.9
2025-06-23T16:11:45.951590,45.2
2025-06-23T16:11:55.959487,45.5
2025-06-23T16:12:05.966879,45.8
2025-06-23T16:12:15.973205,46.1
2025-06-23T16:12:25.978407,46.4
2025-06-23T16:12:35.984454,46.7
2025-06-23T16:12:45.991179,47.0
2025-06-23T16:12:55.998377,47.3
2025-06-23T16:13:06.004535,47.6
2025-06-23T16:13:16.011695,47.9
2025-06-23T16:13:26.019083,48.2
2025-06-23T16:13:36.021967,48.5
2025-06-23T16:13:46.026803,48.8
2025-06-23T16:13:56.033171,49.1
2025-06-23T16:14:06.038039,49.4
2025-06-23T16:14:16.040789,49.7
2025-06-23T16:14:26.046262,50.0
2025-06-23T16:14:36.049363,50.3
2025-06-23T16:14:46.051944,50.6
2025-06-23T16:14:56.058957,50.9
2025-06-23T16:15:06.065842,51.2
2025-06-23T16:15:16.072425,51.5
2025-06-23T16:15:26.077912,51.8
2025-06-23T16:15:36.085959,52.1
2025-06-23T16:15:46.091707,52.4
2025-06-23T16:15:56.097750,52.7
2025-06-23T16:16:06.101937,53.0
2025-06-23T16:16:16.105819,53.3
2025-06-23T16:16:26.114279,53.6
2025-06-23T16:16:36.119384,53.9
2025-06-23T16:16:46.126087,54.2
2025-06-23T16:16:56.131032,54.5
2025-06-23T16:17:06.137361,54.8
2025-06-23T16:17:16.142193,55.1
2025-06-23T16:17:26.147081,55.4
2025-06-23T16:17:36.151947,55.7
2025-06-23T16:17:46.157887,56.0
2025-06-23T16:17:56.161182,56.3
2025-06-23T16:18:06.164698,56.6
2025-06-23T16:18:16.169967,56.9
2025-06-23T16:18:26.173539,57.2
2025-06-23T16:18:36.180205,57.5
2025-06-23T16:18:46.199156,57.8
2025-06-23T16:18:56.204400,58.1
2025-06-23T16:19:06.208272,58.4
2025-06-23T16:19:16.215701,58.7
2025-06-23T16:19:26.220352,59.0
2025-06-23T16:19:36.222724,59.3
2025-06-23T16:19:46.226449,59.6
2025-06-23T16:19:56.233014,59.9
2025-06-23T16:20:06.235013,60.2
2025-06-23T16:20:16.238425,60.5
2025-06-23T16:20:26.240627,60.8
2025-06-23T16:20:36.243789,61.1
2025-06-23T16:20:46.247361,61.4
2025-06-23T16:20:56.250350,61.7
2025-06-23T16:21:06.253417,102.0
2025-06-23T16:21:16.255641,102.3
2025-06-23T16:21:26.261098,102.6
2025-06-23T16:21:36.264007,102.9
2025-06-23T16:21:46.266126,103.2
2025-06-23T16:21:56.269135,103.5
2025-06-23T16:22:06.272736,103.8
2025-06-23T16:22:16.275274,104.1
2025-06-23T16:22:26.277238,104.4
2025-06-23T16:22:36.281152,104.7
2025-06-23T16:22:46.285948,105.0
2025-06-23T16:22:56.288724,105.3
2025-06-23T16:23:06.292819,105.6
2025-06-23T16:23:16.295408,105.8
2025-06-23T16:23:26.300475,106.0
2025-06-23T16:23:36.305770,106.2
2025-06-23T16:23:46.307760,106.4
2025-06-23T16:23:56.312997,106.6
2025-06-23T16:24:06.316910,106.8
2025-06-23T16:24:16.320309,107.0
2025-06-23T16:24:26.322239,107.2
2025-06-23T16:24:36.327082,107.4
2025-06-23T16:24:46.331596,107.6
2025-06-23T16:24:56.335037,107.8
2025-06-23T16:25:06.338073,108.0
2025-06-23T16:25:16.339728,108.2
2025-06-23T16:25:26.343013,108.4
2025-06-23T16:25:36.346722,108.6
2025-06-23T16:25:46.351408,108.8
2025-06-23T16:25:56.353804,109.0
2025-06-23T16:26:06.355572,109.2
2025-06-23T16:26:16.359330,109.4
2025-06-23T16:26:26.363942,109.6
2025-06-23T16:26:36.366626,109.8
2025-06-23T16:26:46.368271,110.0
2025-06-23T16:26:56.372955,110.2
2025-06-23T16:27:06.377370,110.4
2025-06-23T16:27:16.382344,110.6
2025-06-23T16:27:26.385813,110.8
2025-06-23T16:27:36.390911,111.0
2025-06-23T16:27:46.392783,111.2
2025-06-23T16:27:56.395972,111.4
2025-06-23T16:28:06.399401,111.6
2025-06-23T16:28:16.402547,111.8
2025-06-23T16:28:26.407010,112.0
2025-06-23T16:28:36.411850,112.2
2025-06-23T16:28:46.415933,112.4
2025-06-23T16:28:56.419435,112.6
2025-06-23T16:29:06.421459,112.8
2025-06-23T16:29:16.423655,113.0
2025-06-23T16:29:26.426214,113.2
2025-06-23T16:29:36.431081,113.4
2025-06-23T16:29:46.434292,113.6
2025-06-23T16:29:56.437010,113.8
2025-06-23T16:30:06.440018,114.0
2025-06-23T16:30:16.441910,114.2
2025-06-23T16:30:26.444509,114.4
2025-06-23T16:30:36.446448,114.6
2025-06-23T16:30:46.450783,114.8
2025-06-23T16:30:56.455322,115.0
2025-06-23T16:31:06.459244,115.2
2025-06-23T16:31:16.463201,115.4
2025-06-23T16:31:26.467096,115.6
2025-06-23T16:31:36.602968,115.8
2025-06-23T16:31:46.604878,116.0
2025-06-23T16:31:56.608582,116.2
2025-06-23T16:32:06.612585,116.4
2025-06-23T16:32:16.614498,116.6
2025-06-23T16:32:26.615685,116.8
2025-06-23T16:32:36.619808,117.0
2025-06-23T16:32:46.623623,117.2
2025-06-23T16:32:56.625446,117.4
2025-06-23T16:33:06.631369,117.6
2025-06-23T16:33:16.636493,117.8
2025-06-23T16:33:26.638211,118.0
2025-06-23T16:33:36.647024,118.2
2025-06-23T16:33:46.648927,118.4
2025-06-23T16:41:17.398645,35.0
2025-06-23T16:41:27.404708,35.3
2025-06-23T16:41:37.407686,35.6
2025-06-23T16:41:47.412307,35.9
2025-06-23T16:41:57.416057,36.2
2025-06-23T16:42:07.422844,36.5
2025-06-23T16:42:17.426176,36.8
2025-06-23T16:42:27.430058,37.1
2025-06-23T16:42:37.435594,37.4
2025-06-23T16:42:47.440540,37.7
2025-06-23T16:42:57.446056,38.0
2025-06-23T16:43:07.450749,38.3
2025-06-23T16:43:17.454796,38.6
2025-06-23T16:43:27.460803,38.9
2025-06-23T16:43:37.466920,39.2
2025-06-23T16:43:47.470448,39.5
2025-06-23T16:43:57.475016,39.8
2025-06-23T16:44:07.477999,40.1
2025-06-23T16:44:17.484180,40.4
2025-06-23T16:44:27.488128,40.7
2025-06-23T16:44:37.494029,41.0
2025-06-23T16:44:47.497305,41.3
2025-06-23T16:44:57.502077,41.6
2025-06-23T16:45:07.508375,41.9
2025-06-23T16:45:17.513362,42.2
2025-06-23T16:45:27.515419,42.5
2025-06-23T16:45:37.520790,42.8
2025-06-23T16:45:47.525705,43.1
2025-06-23T16:45:57.533561,43.4
2025-06-23T16:46:07.540250,43.7
2025-06-23T16:46:17.543975,44.0
2025-06-23T16:46:27.553436,44.3
2025-06-23T16:46:37.566129,44.6
2025-06-23T16:46:47.572258,44.9
2025-06-23T16:46:57.579530,45.2
2025-06-23T16:47:07.589876,45.5
2025-06-23T16:47:17.601877,45.8
2025-06-23T16:47:27.606854,46.1
2025-06-23T16:47:37.637206,46.4
2025-06-23T16:47:47.638841,46.7
2025-06-23T16:47:57.645247,47.0
2025-06-23T16:48:07.653913,47.3
2025-06-23T16:48:17.658524,47.6
2025-06-23T16:48:27.660344,47.9
2025-06-23T16:48:37.675807,48.2
2025-06-23T16:48:47.677815,48.5
2025-06-23T16:48:57.680035,48.8
2025-06-23T16:49:07.748238,49.1
2025-06-23T16:49:17.751369,49.4
2025-06-23T16:49:27.753266,49.7
2025-06-23T16:49:37.929843,50.0
2025-06-23T16:49:47.932110,50.3
2025-06-23T16:49:57.936012,50.6
2025-06-23T16:50:07.944078,50.9
2025-06-23T16:50:17.953067,51.2
2025-06-23T16:50:27.956118,51.5
2025-06-23T16:50:38.134368,51.8
2025-06-23T16:50:48.138749,52.1
2025-06-23T16:50:58.143351,52.4
2025-06-23T16:51:08.145993,52.7
2025-06-23T16:51:18.148477,53.0
2025-06-23T16:51:28.151974,53.3
2025-06-23T16:51:38.155938,53.6
2025-06-23T16:51:48.160230,53.9
2025-06-23T16:51:58.163349,54.2
2025-06-23T16:55:42.733256,35.0
2025-06-23T16:55:52.737430,35.3
2025-06-23T16:56:02.742916,35.6
2025-06-23T16:56:12.745584,35.9
2025-06-23T16:56:22.753654,36.2
2025-06-23T16:56:32.758680,36.5
2025-06-23T16:56:42.761963,36.8
2025-06-23T16:56:52.765536,37.1
2025-06-23T16:57:02.769704,37.4
2025-06-23T16:57:12.774858,37.7
2025-06-23T16:57:22.780695,38.0
2025-06-23T17:02:31.133019,35.0
2025-06-23T17:02:41.137357,35.3
2025-06-23T17:02:51.141589,35.6
2025-06-23T17:03:01.147039,35.9
2025-06-23T17:03:11.151639,36.2
2025-06-23T17:03:21.156168,36.5
2025-06-23T17:03:31.164159,36.8
2025-06-23T17:03:41.170713,37.1
2025-06-23T17:03:51.173615,37.4
2025-06-23T17:04:01.204319,37.7
2025-06-23T17:04:11.224246,38.0
2025-06-23T17:04:21.225696,38.3
2025-06-23T17:04:31.228053,38.6
2025-06-23T17:04:41.233206,38.9
2025-06-23T17:04:51.238334,39.2
2025-06-23T17:09:37.384261,35.0
2025-06-23T17:09:47.389504,35.3
2025-06-23T17:09:57.396944,35.6
2025-06-23T17:10:07.401044,35.9
2025-06-23T17:10:16.078261,35.0
2025-06-23T17:10:26.082954,35.3
2025-06-23T17:10:36.089508,35.6
2025-06-23T17:10:46.096518,35.9
2025-06-23T17:10:56.106080,36.2
2025-06-23T17:11:06.112209,36.5
2025-06-23T17:11:16.115427,36.8
2025-06-23T17:11:26.122527,37.1
2025-06-23T17:11:36.134569,37.4
2025-06-23T17:11:46.141702,37.7
2025-06-23T17:11:56.145749,38.0
2025-06-23T17:12:05.166478,35.0
2025-06-23T17:12:15.171779,35.3
2025-06-23T17:12:25.181173,35.6
2025-06-23T17:12:35.188649,35.9
2025-06-23T17:12:45.194065,36.2
2025-06-23T17:12:55.203128,36.5
2025-06-23T17:13:05.208311,36.8
2025-06-23T17:13:15.217427,37.1
2025-06-23T17:13:25.223797,37.4
2025-06-23T17:13:35.230243,37.7
2025-06-23T17:13:45.235864,38.0
2025-06-23T17:13:55.241844,38.3
2025-06-23T17:14:05.252251,38.6
2025-06-23T17:14:15.258559,38.9
2025-06-23T17:14:25.265308,39.2
2025-06-23T17:14:35.271546,39.5
2025-06-23T17:14:45.275377,39.8
2025-06-23T17:14:55.282087,40.1
2025-06-23T17:15:05.287809,40.4
2025-06-23T17:15:15.291494,40.7
2025-06-23T17:15:25.298736,41.0
2025-06-23T17:15:35.301024,41.3
2025-06-23T17:15:45.309025,41.6
2025-06-23T17:15:55.318107,41.9
2025-06-23T17:16:05.325455,42.2
2025-06-23T17:16:15.328168,42.5
2025-06-23T17:16:25.331901,42.8
2025-06-23T17:16:35.335203,43.1
2025-06-23T17:16:45.340993,43.4
2025-06-23T17:16:55.342522,43.7
2025-06-23T17:17:05.345009,44.0
2025-06-23T17:17:15.346246,44.3
2025-06-23T17:17:25.349438,44.6
2025-06-23T17:17:35.352305,44.9
2025-06-23T17:17:45.354136,45.2
2025-06-23T17:17:55.355880,45.5
2025-06-23T17:18:05.358875,45.8
2025-06-23T17:18:15.361110,46.1
2025-06-23T17:18:25.364152,46.4
2025-06-23T17:18:35.367890,46.7
2025-06-23T17:18:45.371063,47.0
2025-06-23T17:18:55.374690,47.3
2025-06-23T17:19:05.377814,47.6
2025-06-23T17:19:15.379375,47.9
2025-06-23T17:19:25.381332,48.2
2025-06-23T17:19:35.383049,48.5
2025-06-23T17:19:45.384590,48.8
2025-06-23T17:19:55.385984,49.1
2025-06-23T17:20:05.388702,49.4
2025-06-23T17:20:15.390234,49.7
2025-06-23T17:20:25.392356,50.0
2025-06-23T17:20:35.395729,50.3
2025-06-23T17:20:45.397433,50.6
2025-06-23T17:20:55.401285,50.9
2025-06-23T17:21:05.403609,51.2
2025-06-23T17:21:15.407089,51.5
2025-06-23T17:21:25.410545,51.8
2025-06-23T17:21:35.428894,52.1
2025-06-23T17:21:45.433016,52.4
2025-06-23T17:21:55.435872,52.7
2025-06-23T17:22:05.445109,53.0
2025-06-23T17:22:15.446945,53.3
2025-06-23T17:22:25.450486,53.6
2025-06-23T17:22:35.451689,53.9
2025-06-23T17:22:45.453627,54.2
2025-06-23T17:22:55.456778,54.5
2025-06-23T17:23:05.458900,54.8
2025-06-23T17:23:15.462056,55.1
2025-06-23T17:23:25.464699,55.4
2025-06-23T17:23:35.468222,55.7
2025-06-23T17:23:45.471598,56.0
2025-06-23T17:23:55.473393,56.3
2025-06-23T17:24:05.477304,56.6
2025-06-23T17:24:15.479263,56.9
2025-06-23T17:24:25.482736,57.2
2025-06-23T17:24:35.485059,57.5
2025-06-23T17:24:45.487265,57.8
2025-06-23T17:24:55.488989,58.1
2025-06-23T17:25:05.491069,58.4
2025-06-23T17:25:15.494682,58.7
2025-06-23T17:25:25.497311,59.0
2025-06-23T17:25:35.498540,59.3
2025-06-23T17:25:45.501177,59.6
2025-06-23T17:25:55.503665,59.9
2025-06-23T17:26:05.505636,60.2
2025-06-23T17:26:15.524784,60.5
2025-06-23T17:26:25.528386,60.8
2025-06-23T17:26:35.530005,61.1
2025-06-23T17:26:45.531618,61.4
2025-06-23T17:26:55.534454,61.7
2025-06-23T17:27:05.538683,102.0
2025-06-23T17:27:15.540089,102.3
2025-06-23T17:27:25.542491,102.6
2025-06-23T17:27:35.544172,102.9
2025-06-23T17:27:45.546072,103.2
2025-06-23T17:27:55.547570,103.5
2025-06-23T17:28:05.550561,103.8
2025-06-23T17:28:15.553252,104.1
2025-06-23T17:28:25.559402,104.4
2025-06-23T17:28:35.561782,104.7
2025-06-23T17:28:45.564340,105.0
2025-06-23T17:28:55.565767,105.3
2025-06-23T17:29:05.568717,105.6
2025-06-23T17:29:15.571832,105.8
2025-06-23T17:29:25.594775,106.0
2025-06-23T17:29:35.598241,106.2
2025-06-23T17:29:45.600696,106.4
2025-06-23T17:29:55.602621,106.6
2025-06-23T17:30:05.605023,106.8
2025-06-23T17:30:15.606343,107.0
2025-06-23T17:30:25.609895,107.2
2025-06-23T17:30:35.612804,107.4
2025-06-23T17:30:45.615161,107.6
2025-06-23T17:30:55.617522,107.8
2025-06-23T17:31:05.619715,108.0
2025-06-23T17:31:15.685092,108.2
2025-06-23T17:31:25.689057,108.4
2025-06-23T17:31:35.691341,108.6
2025-06-23T17:31:45.812553,108.8
2025-06-23T17:31:55.815403,109.0
2025-06-23T17:32:05.818044,109.2
2025-06-23T17:32:15.850647,109.4
2025-06-23T17:32:25.899420,109.6
2025-06-23T17:32:35.900913,109.8
2025-06-23T17:32:45.902282,110.0
2025-06-23T17:32:55.903741,110.2
2025-06-23T17:33:05.905107,110.4
2025-06-23T17:33:15.906377,110.6
2025-06-23T17:33:25.908782,110.8
2025-06-23T17:33:35.911201,111.0
2025-06-23T17:33:45.946842,111.2
2025-06-23T17:33:55.951175,111.4
2025-06-23T17:34:05.952883,111.6
2025-06-23T17:34:15.954363,111.8
2025-06-23T17:34:25.959813,112.0
2025-06-23T17:34:35.961100,112.2
2025-06-23T17:34:45.962985,112.4
2025-06-23T17:34:55.964892,112.6
2025-06-23T17:35:05.967268,112.8
2025-06-23T17:35:15.969277,113.0
2025-06-23T17:35:25.971778,113.2
2025-06-23T17:35:35.973528,113.4
2025-06-23T17:35:45.974891,113.6
2025-06-23T17:35:55.976471,113.8
2025-06-23T17:36:05.979198,114.0
2025-06-23T17:36:15.981381,114.2
2025-06-23T17:36:25.983381,114.4
2025-06-23T17:36:35.984841,114.6
2025-06-23T17:36:45.986591,114.8
2025-06-23T17:36:55.989300,115.0
2025-06-23T17:37:05.991411,115.2
2025-06-23T17:37:15.993701,115.4
2025-06-23T17:37:25.995607,115.6
2025-06-23T17:37:35.997017,115.8
2025-06-23T17:37:46.065480,116.0
2025-06-23T17:37:56.068544,116.2
2025-06-23T17:38:06.069942,116.4
2025-06-23T17:38:16.789673,116.6
2025-06-23T17:38:26.794798,116.8
2025-06-23T17:38:36.796684,117.0
2025-06-23T17:38:46.798011,117.2
2025-06-23T17:38:56.800397,117.4
2025-06-23T17:39:06.802076,117.6
2025-06-23T17:39:16.816498,117.8
2025-06-23T17:39:26.819381,118.0
2025-06-23T17:39:36.820881,118.2
2025-06-23T17:39:46.822453,118.4
2025-06-23T17:39:56.827996,118.6
2025-06-23T17:40:06.830232,118.8
2025-06-23T17:40:17.215949,119.0
2025-06-23T17:40:27.243248,119.2
2025-06-23T17:40:37.245292,119.4
2025-06-23T17:40:47.248341,119.6
2025-06-23T17:40:57.250204,119.8
2025-06-23T17:41:07.252063,120.0
2025-06-23T17:41:17.391261,120.2
2025-06-23T17:41:27.415861,120.4
2025-06-23T17:41:37.419987,120.6
2025-06-23T17:41:47.421580,120.8
2025-06-23T17:41:57.424396,121.0
2025-06-23T17:42:07.438503,121.2
2025-06-23T17:42:17.928390,121.4
2025-06-23T17:42:28.413620,121.6
2025-06-23T17:42:38.418041,121.8
2025-06-23T17:42:48.421069,122.0
2025-06-23T17:42:58.503550,122.2
2025-06-23T17:43:08.506485,122.4
2025-06-23T17:43:18.508767,122.6
2025-06-23T17:43:28.510140,122.8
2025-06-23T17:43:38.512891,123.0
2025-06-23T17:43:48.515346,123.2
2025-06-23T17:43:58.517133,123.4
2025-06-23T17:44:08.519973,123.6
2025-06-23T17:44:18.521861,123.8
2025-06-23T17:44:28.525591,124.0
2025-06-23T17:44:38.535642,124.2
2025-06-23T17:44:48.537381,124.4
2025-06-23T17:44:58.596862,124.6
2025-06-23T17:45:08.613434,124.8
2025-06-23T17:45:18.615933,125.0
2025-06-23T17:45:28.643896,125.2
2025-06-23T17:45:38.647179,125.4
2025-06-23T17:45:48.649725,125.6
2025-06-23T17:45:58.688659,125.8
2025-06-23T17:46:08.692645,126.0
2025-06-23T17:46:18.695421,126.2
2025-06-23T17:46:28.780221,126.4
2025-06-23T17:46:38.785252,126.6
2025-06-23T17:46:48.788049,126.8
2025-06-23T17:46:58.815246,127.0
2025-06-23T17:47:08.818651,127.2
2025-06-23T17:47:18.834849,127.4
2025-06-23T17:47:28.881643,127.6
2025-06-23T17:47:38.884823,127.8
2025-06-23T17:47:48.886082,128.0
2025-06-23T17:47:58.987262,128.2
2025-06-23T17:48:08.990893,128.4
2025-06-23T17:48:18.992315,128.6
2025-06-23T17:48:29.020986,128.8
2025-06-23T17:48:39.024323,129.0
2025-06-23T17:48:49.026252,129.2
2025-06-23T17:48:59.045429,129.4
2025-06-23T17:49:09.048386,129.6
2025-06-23T17:49:19.051218,129.8
2025-06-23T17:49:29.365748,130.0
2025-06-23T17:49:39.369408,130.2
2025-06-23T17:49:49.370936,130.4
2025-06-23T17:49:59.477247,130.6
2025-06-23T17:50:09.480883,130.8
2025-06-23T17:50:19.483414,131.0
2025-06-23T17:50:30.141362,131.2
2025-06-23T17:50:40.239294,131.4
2025-06-23T17:50:50.242031,131.6
2025-06-23T17:51:00.417684,131.8
2025-06-23T17:51:10.422593,132.0
2025-06-23T17:51:20.424341,132.2
2025-06-23T17:51:30.447312,132.4
2025-06-23T17:51:40.450716,132.6
2025-06-23T17:51:50.452553,132.8
2025-06-23T17:52:00.721342,133.0
2025-06-23T17:52:10.724047,133.2
2025-06-23T17:52:20.726428,133.4
2025-06-23T17:52:30.728001,133.6
2025-06-23T17:52:40.730742,133.8
2025-06-23T17:52:50.733174,134.0
2025-06-23T17:53:00.738729,134.2
2025-06-23T17:53:10.741369,134.4
2025-06-23T17:53:20.742975,134.6
2025-06-23T17:53:30.761134,134.8
2025-06-23T17:53:40.763662,135.0
2025-06-23T17:53:50.766336,135.2
2025-06-23T17:54:00.768759,135.4
2025-06-23T17:54:10.770809,135.6
2025-06-23T17:54:20.772813,135.8
2025-06-23T17:54:30.773914,136.0
2025-06-23T17:54:40.776937,136.2
2025-06-23T17:54:50.779392,136.4
2025-06-23T17:55:01.335779,136.6
2025-06-23T17:55:11.460854,136.8
2025-06-23T17:55:21.462189,137.0
2025-06-23T17:55:31.463913,137.2
2025-06-23T17:55:41.466113,137.4
2025-06-23T17:55:51.467746,137.6
2025-06-23T17:56:01.469992,137.8
2025-06-23T17:56:11.472065,138.0
2025-06-23T17:56:21.474759,138.2
2025-06-23T17:56:31.490851,138.4
2025-06-23T17:56:41.494353,138.6
2025-06-23T17:56:51.495912,138.8
2025-06-23T17:57:01.498205,139.0
2025-06-23T17:57:11.500576,139.2
2025-06-23T17:57:21.501948,139.4
2025-06-23T17:57:31.504863,139.6
2025-06-23T17:57:41.507091,139.8
2025-06-23T17:57:51.508478,140.0
2025-06-23T17:58:01.510458,140.2
2025-06-23T17:58:11.512673,140.4
2025-06-23T17:58:21.514326,140.6
2025-06-23T17:58:31.534241,140.8
2025-06-23T17:58:41.537664,141.0
2025-06-23T17:58:51.539984,141.2
2025-06-23T17:59:01.575754,141.4
2025-06-23T17:59:11.578221,141.6
2025-06-23T17:59:21.580024,141.8
2025-06-23T17:59:31.888169,142.0
2025-06-23T17:59:41.890894,142.2
2025-06-23T17:59:51.892526,142.4
2025-06-23T18:00:01.893904,142.6
2025-06-23T18:00:11.895987,142.8
2025-06-23T18:00:21.897702,143.0
2025-06-23T18:00:31.899428,143.2
2025-06-23T18:00:41.901345,143.4
2025-06-23T18:00:51.903898,143.6
2025-06-23T18:01:01.906201,143.8
2025-06-23T18:01:11.908934,144.0
2025-06-23T18:01:21.910391,144.2
2025-06-23T18:01:31.912628,144.4
2025-06-23T18:01:41.914633,144.6
2025-06-23T18:01:51.917133,144.8
2025-06-23T18:02:01.918672,145.0
2025-06-23T18:02:11.920983,145.2
2025-06-23T18:02:21.922552,145.4
2025-06-23T18:02:31.923900,145.6
2025-06-23T18:02:41.926287,145.8
2025-06-23T18:02:51.928382,146.0
2025-06-23T18:03:02.139309,146.2
2025-06-23T18:03:12.142321,146.4
2025-06-23T18:03:22.144089,146.6
2025-06-23T18:03:32.166965,146.8
2025-06-23T18:03:42.169837,147.0
2025-06-23T18:03:52.172658,147.2
2025-06-23T18:04:02.904613,147.4
2025-06-23T18:04:12.907398,147.6
2025-06-23T18:04:22.909708,147.8
2025-06-23T18:04:32.974930,148.0
2025-06-23T18:04:42.977872,148.2
2025-06-23T18:04:52.980130,148.4
2025-06-23T18:05:03.037242,148.6
2025-06-23T18:05:13.039886,148.8
2025-06-23T18:05:23.042320,149.0
2025-06-23T18:05:33.087802,149.2
2025-06-23T18:05:43.090939,149.4
2025-06-23T18:05:53.092842,149.6
2025-06-23T18:06:03.178928,149.8
2025-06-23T18:06:13.182067,150.0
2025-06-23T18:06:23.184831,150
2025-06-23T18:06:33.206083,150
2025-06-23T18:06:43.211800,150
2025-06-23T18:06:53.214394,150
2025-06-23T18:07:03.263202,150
2025-06-23T18:07:13.265851,150
2025-06-23T18:07:23.268140,150
2025-06-23T18:07:33.274768,150
2025-06-23T18:07:43.277899,150
2025-06-23T18:07:53.280436,150
2025-06-23T18:08:03.319485,150
2025-06-23T18:08:13.322123,150
2025-06-23T18:08:23.324788,150
2025-06-23T18:08:33.400764,150
2025-06-23T18:08:43.403060,150
2025-06-23T18:08:53.404154,150
2025-06-23T18:09:03.472372,150
2025-06-23T18:09:13.475218,150
2025-06-23T18:09:23.478857,150
2025-06-23T18:09:33.577451,150
2025-06-23T18:09:43.603760,150
2025-06-23T18:09:53.605262,150
2025-06-23T18:10:03.646043,150
2025-06-23T18:10:13.656798,150
2025-06-23T18:10:23.660868,150
2025-06-23T18:10:33.669567,150
2025-06-23T18:10:43.723586,150
2025-06-23T18:10:53.725503,150
2025-06-23T18:11:03.753562,150
2025-06-23T18:11:13.756060,150
2025-06-23T18:11:23.759529,150
2025-06-23T18:11:33.764715,150
2025-06-23T18:11:43.767467,150
2025-06-23T18:11:53.768815,150
2025-06-23T18:12:03.926695,150
2025-06-23T18:12:13.971959,150
2025-06-23T18:12:23.974542,150
2025-06-23T18:12:33.998258,150
2025-06-23T18:12:44.001145,150
2025-06-23T18:12:54.003691,150
2025-06-23T18:13:04.005843,150
2025-06-23T18:13:14.011942,150
2025-06-23T18:13:24.014690,150
2025-06-23T18:13:34.067820,150
2025-06-23T18:13:44.070376,150
2025-06-23T18:13:54.071998,150
2025-06-23T18:14:04.089429,150
2025-06-23T18:14:14.172090,150
2025-06-23T18:14:24.175091,150
2025-06-23T18:14:34.179005,150
2025-06-23T18:14:44.181987,150
2025-06-23T18:14:54.184170,150
2025-06-23T18:15:04.220309,150
2025-06-23T18:15:14.223699,150
2025-06-23T18:15:24.225914,150
2025-06-23T18:15:34.244790,150
2025-06-23T18:15:44.246848,150
2025-06-23T18:15:54.248984,150
2025-06-23T18:16:04.365102,150
2025-06-23T18:16:14.367981,150
2025-06-23T18:16:24.369916,150
2025-06-23T18:16:34.525680,150
2025-06-23T18:16:44.527913,150
2025-06-23T18:16:54.531508,150
2025-06-23T18:17:04.549666,150
2025-06-23T18:17:14.552508,150
2025-06-23T18:17:24.555249,150
2025-06-23T18:17:34.560867,150
2025-06-23T18:17:44.563036,150
2025-06-23T18:17:54.565255,150
2025-06-23T18:18:04.592858,150
2025-06-23T18:18:14.595729,150
2025-06-23T18:18:24.597214,150
2025-06-23T18:18:34.626472,150
2025-06-23T18:18:44.629377,150
2025-06-23T18:18:54.631120,150
2025-06-23T18:19:04.657266,150
2025-06-23T18:19:14.659355,150
2025-06-23T18:19:24.661021,150
2025-06-23T18:19:34.686682,150
2025-06-23T18:19:44.689236,150
2025-06-23T18:19:54.690543,150
2025-06-23T18:20:04.808286,150
2025-06-23T18:20:14.811024,150
2025-06-23T18:20:24.814489,150
2025-06-23T18:20:34.894392,150
2025-06-23T18:20:44.896619,150
2025-06-23T18:20:54.899394,150
2025-06-23T18:21:04.920378,150
2025-06-23T18:21:15.167930,150
2025-06-23T18:21:25.170556,150
2025-06-23T18:21:35.265985,150
2025-06-23T18:21:45.269318,150
2025-06-23T18:21:55.271474,150
2025-06-23T18:22:05.429976,150
2025-06-23T18:22:15.435049,150
2025-06-23T18:22:25.437680,150
2025-06-23T18:22:35.449377,150
2025-06-23T18:22:45.452236,150
2025-06-23T18:22:55.453615,150
2025-06-23T18:23:05.457876,150
2025-06-23T18:23:15.463792,150
2025-06-23T18:23:25.465281,150
2025-06-23T18:23:35.567621,150
2025-06-23T18:23:45.572801,150
2025-06-23T18:23:55.574713,150
2025-06-23T18:24:05.594520,150
2025-06-23T18:24:15.597122,150
2025-06-23T18:24:25.599564,150
2025-06-23T18:24:35.603287,150
2025-06-23T18:24:45.607685,150
2025-06-23T18:24:55.609620,150
2025-06-23T18:25:05.644300,150
2025-06-23T18:25:15.646728,150
2025-06-23T18:25:25.647762,150
2025-06-23T18:25:35.680240,150
2025-06-23T18:25:45.684206,150
2025-06-23T18:25:55.686156,150
2025-06-23T18:26:05.714945,150
2025-06-23T18:26:15.718072,150
2025-06-23T18:26:25.719211,150
2025-06-23T18:26:35.780794,150
2025-06-23T18:26:45.783021,150
2025-06-23T18:26:55.785371,150
2025-06-23T18:27:05.862115,150
2025-06-23T18:27:15.865186,150
2025-06-23T18:27:25.867174,150
2025-06-23T18:27:35.873935,150
2025-06-23T18:27:46.119708,150
2025-06-23T18:27:56.121794,150
2025-06-23T18:28:06.147848,150
2025-06-23T18:28:16.150016,150
2025-06-23T18:28:26.152574,150
2025-06-23T18:28:36.155725,150
2025-06-23T18:28:46.158680,150
2025-06-23T18:28:56.161090,150
2025-06-23T18:29:06.181741,150
2025-06-23T18:29:16.184254,150
2025-06-23T18:29:26.185859,150
2025-06-23T18:29:36.200088,150
2025-06-23T18:29:46.202034,150
2025-06-23T18:29:56.203658,150
2025-06-23T18:30:06.239490,150
2025-06-23T18:30:16.242646,150
2025-06-23T18:30:26.244039,150
2025-06-23T18:30:36.272397,150
2025-06-23T18:30:46.275194,150
2025-06-23T18:30:56.277206,150
2025-06-23T18:31:06.352244,150
2025-06-23T18:31:16.354390,150
2025-06-23T18:31:26.356696,150
2025-06-23T18:31:36.397661,150
2025-06-23T18:31:46.399369,150
2025-06-23T18:31:56.400986,150
2025-06-23T18:32:06.421420,150
2025-06-23T18:32:16.423279,150
2025-06-23T18:32:26.424895,150
2025-06-23T18:32:36.464937,150
2025-06-23T18:32:46.468093,150
2025-06-23T18:32:56.469842,150
2025-06-23T18:33:06.955259,150
2025-06-23T18:33:16.957866,150
2025-06-23T18:33:26.960115,150
2025-06-23T18:33:36.962589,150
2025-06-23T18:33:46.965522,150
2025-06-23T18:33:56.966786,150
2025-06-23T18:34:07.007568,150
2025-06-23T18:34:17.009963,150
2025-06-23T18:34:27.011445,150
2025-06-23T18:34:37.013404,150
2025-06-23T18:34:47.015651,150
2025-06-23T18:34:57.017331,150
2025-06-23T18:35:07.019216,150
2025-06-23T18:35:17.021466,150
2025-06-23T18:35:27.023726,150
2025-06-23T18:35:37.025242,150
2025-06-23T18:35:47.027763,150
2025-06-23T18:35:57.029558,150
2025-06-23T18:36:07.031632,150
2025-06-23T18:36:17.086317,150
2025-06-23T18:36:27.089332,150
2025-06-23T18:36:37.098117,150
2025-06-23T18:36:47.100891,150
2025-06-23T18:36:57.102335,150
2025-06-23T18:37:07.146504,150
2025-06-23T18:37:17.152997,150
2025-06-23T18:37:27.154172,150
2025-06-23T18:37:37.178751,150
2025-06-23T18:37:47.181778,150
2025-06-23T18:37:57.184070,150
2025-06-23T18:38:07.237739,150
2025-06-23T18:38:17.240501,150
2025-06-23T18:38:27.242804,150
2025-06-23T18:38:37.266030,150
2025-06-23T18:38:47.305447,150
2025-06-23T18:38:57.308534,150
2025-06-23T18:39:07.434216,150
2025-06-23T18:39:17.437250,150
2025-06-23T18:39:27.439989,150
2025-06-23T18:39:37.442021,150
2025-06-23T18:39:47.444810,150
2025-06-23T18:39:57.446634,150
2025-06-23T18:40:07.448487,150
2025-06-23T18:40:17.450880,150
2025-06-23T18:40:27.452821,150
2025-06-23T18:40:37.454749,150
2025-06-23T18:40:47.456953,150
2025-06-23T18:40:57.459360,150
2025-06-23T18:41:07.461919,150
2025-06-23T18:41:17.463816,150
2025-06-23T18:41:27.465628,150
2025-06-23T18:41:37.468092,150
2025-06-23T18:41:47.470318,150
2025-06-23T18:41:57.472385,150
2025-06-23T18:42:07.501224,150
2025-06-23T18:42:17.504360,150
2025-06-23T18:42:27.506695,150
2025-06-23T18:42:37.569629,150
2025-06-23T18:42:47.573223,150
2025-06-23T18:42:57.576064,150
2025-06-23T18:43:07.634435,150
2025-06-23T18:43:17.639312,150
2025-06-23T18:43:27.640596,150
2025-06-23T18:43:37.707117,150
2025-06-23T18:43:47.709767,150
2025-06-23T18:43:57.711567,150
2025-06-23T18:44:07.765210,150
2025-06-23T18:44:17.767457,150
2025-06-23T18:44:27.769967,150
2025-06-23T18:44:37.799921,150
2025-06-23T18:44:47.802718,150
2025-06-23T18:44:57.804396,150
2025-06-23T18:45:07.964598,150
2025-06-23T18:45:17.966194,150
2025-06-23T18:45:27.968787,150
2025-06-23T18:45:37.970209,150
2025-06-23T18:45:47.972578,150
2025-06-23T18:45:57.974565,150
2025-06-23T18:46:07.976702,150
2025-06-23T18:46:17.979486,150
2025-06-23T18:46:27.981992,150
2025-06-23T18:46:37.984600,150
2025-06-23T18:46:47.986689,150
2025-06-23T18:46:57.989021,150
2025-06-23T18:47:07.991181,150
2025-06-23T18:47:17.993761,150
2025-06-23T18:47:27.995114,150
2025-06-23T18:47:37.996654,150
2025-06-23T18:47:47.998919,150
2025-06-23T18:47:58.000990,150
2025-06-23T18:48:08.252342,150
2025-06-23T18:48:18.255481,150
2025-06-23T18:48:28.257794,150
2025-06-23T18:48:38.278920,150
2025-06-23T18:48:48.281874,150
2025-06-23T18:48:58.284134,150
2025-06-23T18:49:08.303316,150
2025-06-23T18:49:18.307260,150
2025-06-23T18:49:28.309982,150
2025-06-23T18:49:38.366520,150
2025-06-23T18:49:48.369266,150
2025-06-23T18:49:58.370974,150
2025-06-23T18:50:08.710154,150
2025-06-23T18:50:18.713776,150
2025-06-23T18:50:28.715651,150
2025-06-23T18:50:38.816363,150
2025-06-23T18:50:48.838811,150
2025-06-23T18:50:58.840262,150
2025-06-23T18:51:08.896529,150
2025-06-23T18:51:18.901638,150
2025-06-23T18:51:28.903313,150
2025-06-23T18:51:38.927064,150
2025-06-23T18:51:48.929542,150
2025-06-23T18:51:58.931559,150
2025-06-23T18:52:09.084445,150
2025-06-23T18:52:19.088653,150
2025-06-23T18:52:29.090439,150
2025-06-23T18:52:39.120046,150
2025-06-23T18:52:49.122558,150
2025-06-23T18:52:59.124164,150
2025-06-23T18:53:09.145745,150
2025-06-23T18:53:19.148026,150
2025-06-23T18:53:29.152127,150
2025-06-23T18:53:39.171588,150
2025-06-23T18:53:49.173689,150
2025-06-23T18:53:59.175456,150
2025-06-23T18:54:09.185778,150
2025-06-23T18:54:19.191633,150
2025-06-23T18:54:29.193020,150
2025-06-23T18:54:39.214702,150
2025-06-23T18:54:49.217270,150
2025-06-23T18:54:59.219740,150
2025-06-23T18:55:09.287397,150
2025-06-23T18:55:19.289882,150
2025-06-23T18:55:29.292115,150
2025-06-23T18:55:39.532195,150
2025-06-23T18:55:49.534346,150
2025-06-23T18:55:59.537095,150
2025-06-23T18:56:09.571052,150
2025-06-23T18:56:19.573600,150
2025-06-23T18:56:29.574967,150
2025-06-23T18:56:39.587892,150
2025-06-23T18:56:49.590934,150
2025-06-23T18:56:59.592789,150
2025-06-23T18:57:09.598308,150
2025-06-23T18:57:19.611133,150
2025-06-23T18:57:29.612291,150
2025-06-23T18:57:39.641750,150
2025-06-23T18:57:49.644141,150
2025-06-23T18:57:59.645280,150
2025-06-23T18:58:09.672873,150
2025-06-23T18:58:19.675286,150
2025-06-23T18:58:29.677790,150
2025-06-23T18:58:39.886235,150
2025-06-23T18:58:49.888462,150
2025-06-23T18:58:59.889846,150
2025-06-23T18:59:09.891399,150
2025-06-23T18:59:19.894055,150
2025-06-23T18:59:29.895431,150
2025-06-23T18:59:39.896736,150
2025-06-23T18:59:49.899439,150
2025-06-23T18:59:59.901350,150
2025-06-23T19:00:09.903413,150
2025-06-23T19:00:19.906187,150
2025-06-23T19:00:29.907622,150
2025-06-23T19:00:39.909380,150
2025-06-23T19:00:49.911853,150
2025-06-23T19:00:59.913688,150
2025-06-23T19:01:09.914966,150
2025-06-23T19:01:19.917388,150
2025-06-23T19:01:29.919078,150
2025-06-23T19:01:40.052803,150
2025-06-23T19:01:50.055310,150
2025-06-23T19:02:00.056808,150
2025-06-23T19:02:10.058359,150
2025-06-23T19:02:20.060600,150
2025-06-23T19:02:30.062057,150
2025-06-23T19:02:40.136409,150
2025-06-23T19:02:50.139292,150
2025-06-23T19:03:00.140670,150
2025-06-23T19:03:10.161265,150
2025-06-23T19:03:20.164164,150
2025-06-23T19:03:30.165601,150
2025-06-23T19:03:40.324323,150
2025-06-23T19:03:50.336602,150
2025-06-23T19:04:00.338336,150
2025-06-23T19:04:10.374669,150
2025-06-23T19:04:20.381090,150
2025-06-23T19:04:30.382508,150
2025-06-23T19:04:40.725505,150
2025-06-23T19:04:50.728370,150
2025-06-23T19:05:00.729890,150
2025-06-23T19:05:10.731605,150
2025-06-23T19:05:20.734328,150
2025-06-23T19:05:30.735946,150
2025-06-23T19:05:40.737576,150
2025-06-23T19:05:50.739720,150
2025-06-23T19:06:00.741084,150
2025-06-23T19:06:10.742983,150
2025-06-23T19:06:20.745549,150
2025-06-23T19:06:30.747263,150
2025-06-23T19:06:40.749318,150
2025-06-23T19:06:50.751532,150
2025-06-23T19:07:00.753043,150
2025-06-23T19:07:10.754433,150
2025-06-23T19:07:20.756439,150
2025-06-23T19:07:30.758449,150
2025-06-23T19:07:40.760176,150
2025-06-23T19:07:50.762658,150
2025-06-23T19:08:00.764860,150
2025-06-23T19:08:11.068950,150
2025-06-23T19:08:21.073255,150
2025-06-23T19:08:31.075960,150
2025-06-23T19:08:41.099885,150
2025-06-23T19:08:51.101901,150
2025-06-23T19:09:01.103359,150
2025-06-23T19:09:11.325181,150
2025-06-23T19:09:21.327740,150
2025-06-23T19:09:31.329245,150
2025-06-23T19:09:41.330754,150
2025-06-23T19:09:51.333037,150
2025-06-23T19:10:01.334758,150
2025-06-23T19:10:11.336158,150
2025-06-23T19:10:21.338351,150
2025-06-27T10:37:05.661092,35.0
2025-06-27T10:37:15.670626,35.3
2025-06-27T10:37:25.675445,35.6
2025-06-27T10:37:35.680380,35.9
2025-06-27T10:37:45.684326,36.2
2025-06-27T10:37:55.688548,36.5
2025-06-27T10:38:05.691673,36.8
2025-06-27T10:38:15.699326,37.1
2025-06-27T10:38:25.700880,37.4
2025-06-27T10:38:35.704067,37.7
2025-06-27T10:38:45.706323,38.0
2025-06-27T10:38:55.708101,38.3
2025-06-27T10:39:05.711993,38.6
2025-06-27T10:39:15.714370,38.9
2025-06-27T10:39:25.716372,39.2
2025-06-27T10:39:35.719350,39.5
2025-06-27T10:39:45.722192,39.8
2025-06-27T10:39:55.725762,40.1
2025-06-27T10:40:05.730119,40.4
2025-06-27T10:40:15.732036,40.7
2025-06-27T10:40:25.733924,41.0
2025-06-27T10:40:35.736866,41.3
2025-06-27T10:40:45.740209,41.6
2025-06-27T10:40:55.741410,41.9
2025-06-27T10:41:05.743064,42.2
2025-06-27T10:41:15.745420,42.5
2025-06-27T10:41:25.748946,42.8
2025-06-27T10:41:35.752208,43.1
2025-06-27T10:41:45.755677,43.4
2025-06-27T10:41:55.758401,43.7
2025-06-27T10:42:05.760292,44.0
2025-06-27T10:42:15.764708,44.3
2025-06-27T10:42:25.766989,44.6
2025-06-27T10:42:35.770512,44.9
2025-06-27T10:42:45.773466,45.2
2025-06-27T10:42:55.775666,45.5
2025-06-27T10:43:05.778199,45.8
2025-06-27T10:43:15.780855,46.1
2025-06-27T10:43:25.784145,46.4
2025-06-27T10:43:35.786951,46.7
2025-06-27T10:43:45.789876,47.0
2025-06-27T10:43:55.792602,47.3
2025-06-27T10:44:05.795715,47.6
2025-06-27T10:44:15.798860,47.9
2025-06-27T10:44:25.801986,48.2
2025-06-27T10:44:35.805241,48.5
2025-06-27T10:44:45.808455,48.8
2025-06-27T10:44:55.811939,49.1
2025-06-27T10:45:05.815526,49.4
2025-06-27T10:45:15.818700,49.7
2025-06-27T10:45:25.822096,50.0
2025-06-27T10:45:35.825833,50.3
2025-06-27T10:45:45.829543,50.6
2025-06-27T10:45:55.832547,50.9
2025-06-27T10:46:05.835636,51.2
2025-06-27T10:46:15.838892,51.5
2025-06-27T10:46:25.842387,51.8
2025-06-27T10:46:35.844803,52.1
2025-06-27T10:46:45.846896,52.4
2025-06-27T10:46:55.850424,52.7
2025-06-27T10:47:05.853842,53.0
2025-06-27T10:47:15.857016,53.3
2025-06-27T10:47:25.860638,53.6
2025-06-27T10:47:35.864682,53.9
2025-06-27T10:47:45.867854,54.2
2025-06-27T10:47:55.871600,54.5
2025-06-27T10:48:05.875326,54.8
2025-06-27T10:48:15.878465,55.1
2025-06-27T10:48:25.880929,55.4
2025-06-27T10:48:35.884148,55.7
2025-06-27T10:48:45.887482,56.0
2025-06-27T10:48:55.890659,56.3
2025-06-27T10:49:05.893985,56.6
2025-06-27T10:49:15.897015,56.9
2025-06-27T10:49:25.900034,57.2
2025-06-27T10:49:35.902833,57.5
2025-06-27T10:49:45.905707,57.8
2025-06-27T10:49:55.908017,58.1
2025-06-27T10:50:05.912269,58.4
2025-06-27T10:50:15.915977,58.7
2025-06-27T10:50:25.919044,59.0
2025-06-27T10:50:35.921780,59.3
2025-06-27T10:50:45.924685,59.6
2025-06-27T10:50:55.928318,59.9
2025-06-27T10:51:05.932719,60.2
2025-06-27T10:51:15.935215,60.5
2025-06-27T10:51:25.939641,60.8
2025-06-27T10:51:35.943002,61.1
2025-06-27T10:51:45.944593,61.4
2025-06-27T10:51:55.947626,61.7
2025-06-27T10:52:05.951018,102.0
2025-06-27T10:52:15.953961,102.3
2025-06-27T10:52:25.957113,102.6
2025-06-27T10:52:35.960416,102.9
2025-06-27T10:52:45.963010,103.2
2025-06-27T10:52:55.964664,103.5
2025-06-27T10:53:05.968184,103.8
2025-06-27T10:53:15.971332,104.1
2025-06-27T10:53:25.974378,104.4
2025-06-27T10:53:35.978205,104.7
2025-06-27T10:53:45.982333,105.0
2025-06-27T10:53:55.986002,105.3
2025-06-27T10:54:05.989160,105.6
2025-06-27T10:54:15.992157,105.8
2025-06-27T10:54:25.995782,106.0
2025-06-27T10:54:35.999537,106.2
2025-06-27T10:54:46.001672,106.4
2025-06-27T10:54:56.004736,106.6
2025-06-27T10:55:06.008592,106.8
2025-06-27T10:55:16.010064,107.0
2025-06-27T10:55:26.013287,107.2
2025-06-27T10:55:36.016454,107.4
2025-06-27T10:55:46.018173,107.6
2025-06-27T10:55:56.021136,107.8
2025-06-27T10:56:06.024431,108.0
2025-06-27T10:56:16.026199,108.2
2025-06-27T10:56:26.029287,108.4
2025-06-27T10:56:36.033101,108.6
2025-06-27T10:56:46.035935,108.8
2025-06-27T10:56:56.038087,109.0
2025-06-27T10:57:06.041688,109.2
2025-06-27T10:57:16.043167,109.4
2025-06-27T10:57:26.047162,109.6
2025-06-27T10:57:36.050540,109.8
2025-06-27T10:57:46.053275,110.0
2025-06-27T10:57:56.056833,110.2
2025-06-27T10:58:06.059865,110.4
2025-06-27T10:58:16.063446,110.6
2025-06-27T10:58:26.066486,110.8
2025-06-27T10:58:36.069804,111.0
2025-06-27T10:58:46.071266,111.2
2025-06-27T10:58:56.074852,111.4
2025-06-27T10:59:06.078156,111.6
2025-06-27T10:59:16.080554,111.8
2025-06-27T10:59:26.083842,112.0
2025-06-27T10:59:36.087525,112.2
2025-06-27T10:59:46.091359,112.4
2025-06-27T10:59:56.094599,112.6
2025-06-27T11:00:06.097683,112.8
2025-06-27T11:00:16.100831,113.0
2025-06-27T11:00:26.104007,113.2
2025-06-27T11:00:36.107478,113.4
2025-06-27T11:00:46.110652,113.6
2025-06-27T11:00:56.113583,113.8
2025-06-27T11:01:06.116433,114.0
2025-06-27T11:01:16.119394,114.2
2025-06-27T11:01:26.120899,114.4
2025-06-27T11:01:36.124620,114.6
2025-06-27T11:01:46.128155,114.8
2025-06-27T11:01:56.131158,115.0
2025-06-27T11:02:06.133492,115.2
2025-06-27T11:02:16.137040,115.4
2025-06-27T11:02:26.140065,115.6
2025-06-27T11:02:36.143894,115.8
2025-06-27T11:02:46.147038,116.0
2025-06-27T11:02:56.150466,116.2
2025-06-27T11:03:06.153669,116.4
2025-06-27T11:03:16.155848,116.6
2025-06-27T11:03:26.158722,116.8
2025-06-27T11:03:36.161687,117.0
2025-06-27T11:03:46.163559,117.2
2025-06-27T11:03:56.166855,117.4
2025-06-27T11:04:06.168678,117.6
2025-06-27T11:04:16.172345,117.8
2025-06-27T11:04:26.175976,118.0
2025-06-27T11:04:36.179619,118.2
2025-06-27T11:04:46.183499,118.4
2025-06-27T11:04:56.187320,118.6
2025-06-27T11:05:06.190714,118.8
2025-06-27T11:05:16.192814,119.0
2025-06-27T11:05:26.195992,119.2
2025-06-27T11:05:36.199252,119.4
2025-06-27T11:05:46.202794,119.6
2025-06-27T11:05:56.205972,119.8
2025-06-27T11:06:06.209255,120.0
2025-06-27T11:06:16.210965,120.2
2025-06-27T11:06:26.214011,120.4
2025-06-27T11:06:36.217102,120.6
2025-06-27T11:06:46.219491,120.8
2025-06-27T11:06:56.223636,121.0
2025-06-27T11:07:06.227121,121.2
2025-06-27T11:07:16.231131,121.4
2025-06-27T11:07:26.234419,121.6
2025-06-27T11:07:36.238009,121.8
2025-06-27T11:07:46.241478,122.0
2025-06-27T11:07:56.244968,122.2
2025-06-27T11:08:06.248449,122.4
2025-06-27T11:08:16.251907,122.6
2025-06-27T11:08:26.255055,122.8
2025-06-27T11:08:36.258062,123.0
2025-06-27T11:08:46.259938,123.2
2025-06-27T11:08:56.263564,123.4
2025-06-27T11:09:06.266683,123.6
2025-06-27T11:09:16.270095,123.8
2025-06-27T11:09:26.273462,124.0
2025-06-27T11:09:36.276899,124.2
2025-06-27T11:09:46.279880,124.4
2025-06-27T11:09:56.283033,124.6
2025-06-27T11:10:06.286390,124.8
2025-06-27T11:10:16.289232,125.0
2025-06-27T11:10:26.292299,125.2
2025-06-27T11:10:36.295413,125.4
2025-06-27T11:10:46.298779,125.6
2025-06-27T11:10:56.302502,125.8
2025-06-27T11:11:06.306014,126.0
2025-06-27T11:11:16.308941,126.2
2025-06-27T11:11:26.310219,126.4
2025-06-27T11:11:36.313408,126.6
2025-06-27T11:11:46.316844,126.8
2025-06-27T11:11:56.319564,127.0
2025-06-27T11:12:06.323132,127.2
2025-06-27T11:12:16.325309,127.4
2025-06-27T11:12:26.328413,127.6
2025-06-27T11:12:36.330773,127.8
2025-06-27T11:12:46.333968,128.0
2025-06-27T11:12:56.337546,128.2
2025-06-27T11:13:06.341136,128.4
2025-06-27T11:13:16.344076,128.6
2025-06-27T11:13:26.346246,128.8
2025-06-27T11:13:36.348144,129.0
2025-06-27T11:13:46.351795,129.2
2025-06-27T11:13:56.355455,129.4
2025-06-27T11:14:06.359279,129.6
2025-06-27T11:14:16.361150,129.8
2025-06-27T11:14:26.364050,130.0
2025-06-27T11:14:36.367155,130.2
2025-06-27T11:14:46.370490,130.4
2025-06-27T11:14:56.374302,130.6
2025-06-27T11:15:06.377585,130.8
2025-06-27T11:15:16.380370,131.0
2025-06-27T11:15:26.383598,131.2
2025-06-27T11:15:36.386879,131.4
2025-06-27T11:15:46.388595,131.6
2025-06-27T11:15:56.392384,131.8
2025-06-27T11:16:06.395819,132.0
2025-06-27T11:16:16.398704,132.2
2025-06-27T11:16:26.401733,132.4
2025-06-27T11:16:36.405012,132.6
2025-06-27T11:16:46.408090,132.8
2025-06-27T11:16:56.411171,133.0
2025-06-27T11:17:06.413730,133.2
2025-06-27T11:17:16.417020,133.4
2025-06-27T11:17:26.418656,133.6
2025-06-27T11:17:36.421783,133.8
2025-06-27T11:17:46.424870,134.0
2025-06-27T12:48:22.154791,134.2
2025-06-27T12:48:32.206156,134.4
2025-06-27T12:48:42.246107,134.6
2025-06-27T12:48:52.248372,134.8
2025-06-27T12:49:02.250592,135.0
2025-06-27T12:49:12.252478,135.2
2025-06-27T12:49:22.257530,135.4
2025-06-27T12:49:32.261315,135.6
2025-06-27T12:49:42.266860,135.8
2025-06-27T12:49:52.270495,136.0
2025-06-27T12:50:02.275443,136.2
2025-06-27T12:50:12.281982,136.4
2025-06-27T12:50:22.286242,136.6
2025-06-27T12:50:32.290638,136.8
2025-06-27T12:50:42.296199,137.0
2025-06-27T12:50:52.300002,137.2
2025-06-27T12:51:02.301935,137.4
2025-06-27T12:51:12.307300,137.6
2025-06-27T12:51:22.312580,137.8
2025-06-27T12:51:32.317519,138.0
2025-06-27T12:51:42.323664,138.2
2025-06-27T12:51:52.328386,138.4
2025-06-27T12:52:02.333353,138.6
2025-06-27T12:52:12.339367,138.8
2025-06-27T12:52:22.343446,139.0
2025-06-27T12:52:32.348519,139.2
2025-06-27T12:52:42.351240,139.4
2025-06-27T12:52:52.356231,139.6
2025-06-27T12:53:02.359915,139.8
2025-06-27T12:53:12.364400,140.0
