timestamp,accel_x_g,accel_y_g,accel_z_g
2025-06-21T16:29:06.789773,0.0,1.0607,1.0
2025-06-21T16:29:16.792015,1.7321,1.4943,0.866
2025-06-21T16:29:26.794546,1.7321,1.2287,0.5
2025-06-21T16:29:36.798159,0.0,0.3882,0.0
2025-06-21T16:29:46.800723,-1.7321,-0.6339,-0.5
2025-06-21T16:29:56.802550,-1.7321,-1.3595,-0.866
2025-06-21T16:30:06.805880,-0.0,-1.4489,-1.0
2025-06-21T16:30:16.809179,1.7321,-0.8604,-0.866
2025-06-21T16:30:26.811725,1.7321,0.1307,-0.5
2025-06-21T16:30:36.814705,0.0,1.0607,-0.0
2025-06-21T16:30:46.817451,-1.7321,1.4943,0.5
2025-06-21T16:30:56.825545,-1.7321,1.2287,0.866
2025-06-21T16:31:06.827718,-0.0,0.3882,1.0
2025-06-21T16:31:16.831078,1.7321,-0.6339,0.866
2025-06-21T16:31:26.840318,1.7321,-1.3595,0.5
2025-06-21T16:31:36.842407,0.0,-1.4489,0.0
2025-06-21T16:31:46.844762,-1.7321,-0.8604,-0.5
2025-06-21T16:31:56.847861,-1.7321,0.1307,-0.866
2025-06-21T16:32:06.850843,-0.0,1.0607,-1.0
2025-06-21T16:32:16.853822,1.7321,1.4943,-0.866
2025-06-21T16:32:26.858729,1.7321,1.2287,-0.5
2025-06-21T16:32:36.862311,0.0,0.3882,-0.0
2025-06-21T16:32:46.864819,-1.7321,-0.6339,0.5
2025-06-21T16:32:56.867907,-1.7321,-1.3595,0.866
2025-06-21T16:33:06.870710,-0.0,-1.4489,1.0
2025-06-21T16:33:16.874161,1.7321,-0.8604,0.866
2025-06-21T16:33:26.877282,1.7321,0.1307,0.5
2025-06-21T16:33:36.880368,0.0,1.0607,0.0
2025-06-21T16:33:46.883653,-1.7321,1.4943,-0.5
2025-06-21T16:33:56.886987,-1.7321,1.2287,-0.866
2025-06-21T16:34:06.890284,-0.0,0.3882,-1.0
2025-06-21T16:34:16.893568,1.7321,-0.6339,-0.866
2025-06-21T16:34:26.897049,1.7321,-1.3595,-0.5
2025-06-21T16:34:36.900415,0.0,-1.4489,-0.0
2025-06-21T16:34:46.903631,-1.7321,-0.8604,0.5
2025-06-21T16:34:56.906589,-1.7321,0.1307,0.866
2025-06-21T16:35:06.909550,-0.0,1.0607,1.0
2025-06-21T16:35:16.912136,1.7321,1.4943,0.866
2025-06-21T16:35:26.915368,1.7321,1.2287,0.5
2025-06-21T16:35:36.918395,-0.0,0.3882,-0.0
2025-06-21T16:35:46.921859,-1.7321,-0.6339,-0.5
2025-06-21T16:35:56.925014,-1.7321,-1.3595,-0.866
2025-06-21T16:36:06.926682,-0.0,-1.4489,-1.0
2025-06-21T16:36:16.929537,1.7321,-0.8604,-0.866
2025-06-21T16:36:26.932063,1.7321,0.1307,-0.5
2025-06-21T16:36:36.935391,0.0,1.0607,-0.0
2025-06-21T16:36:46.937706,-1.7321,1.4943,0.5
2025-06-21T16:36:56.940819,-1.7321,1.2287,0.866
2025-06-21T16:37:06.944684,-0.0,0.3882,1.0
2025-06-21T16:42:26.574832,0.0,1.0607,1.0
2025-06-21T16:42:36.583974,1.7321,1.4943,0.866
2025-06-21T16:42:46.590905,1.7321,1.2287,0.5
2025-06-21T16:42:56.596922,0.0,0.3882,0.0
2025-06-21T16:43:06.601418,-1.7321,-0.6339,-0.5
2025-06-21T16:43:16.603505,-1.7321,-1.3595,-0.866
2025-06-21T16:43:26.607983,-0.0,-1.4489,-1.0
2025-06-21T16:43:36.611157,1.7321,-0.8604,-0.866
2025-06-21T16:43:46.614953,1.7321,0.1307,-0.5
2025-06-21T16:43:56.618608,0.0,1.0607,-0.0
2025-06-21T16:44:06.623778,-1.7321,1.4943,0.5
2025-06-21T16:44:16.629726,-1.7321,1.2287,0.866
2025-06-21T16:44:26.633799,-0.0,0.3882,1.0
2025-06-21T16:44:36.638769,1.7321,-0.6339,0.866
2025-06-21T16:44:46.644513,1.7321,-1.3595,0.5
2025-06-21T16:44:56.647635,0.0,-1.4489,0.0
2025-06-21T16:45:06.650396,-1.7321,-0.8604,-0.5
2025-06-21T16:45:16.654948,-1.7321,0.1307,-0.866
2025-06-21T16:54:25.327267,0.0,1.0607,1.0
2025-06-21T16:54:35.331719,1.7321,1.4943,0.866
2025-06-21T16:54:45.336885,1.7321,1.2287,0.5
2025-06-21T16:54:55.361525,0.0,0.3882,0.0
2025-06-21T16:55:05.364623,-1.7321,-0.6339,-0.5
2025-06-21T16:55:15.369166,-1.7321,-1.3595,-0.866
2025-06-21T16:55:25.375910,-0.0,-1.4489,-1.0
2025-06-21T16:55:35.379124,1.7321,-0.8604,-0.866
2025-06-21T16:55:45.392002,1.7321,0.1307,-0.5
2025-06-21T16:55:55.400750,0.0,1.0607,-0.0
2025-06-21T16:56:05.402266,-1.7321,1.4943,0.5
2025-06-21T16:56:15.417973,-1.7321,1.2287,0.866
2025-06-21T16:56:25.423167,-0.0,0.3882,1.0
2025-06-21T16:56:35.426566,1.7321,-0.6339,0.866
2025-06-21T16:56:45.444288,1.7321,-1.3595,0.5
2025-06-21T16:56:55.453693,0.0,-1.4489,0.0
2025-06-21T16:57:05.463153,-1.7321,-0.8604,-0.5
2025-06-21T16:57:15.496098,-1.7321,0.1307,-0.866
2025-06-21T16:57:25.499885,-0.0,1.0607,-1.0
2025-06-21T16:57:35.503210,1.7321,1.4943,-0.866
2025-06-21T16:57:45.508633,1.7321,1.2287,-0.5
2025-06-21T16:57:55.514350,0.0,0.3882,-0.0
2025-06-21T16:58:05.517478,-1.7321,-0.6339,0.5
2025-06-21T16:58:15.521045,-1.7321,-1.3595,0.866
2025-06-21T16:58:25.524292,-0.0,-1.4489,1.0
2025-06-21T16:58:35.681889,1.7321,-0.8604,0.866
2025-06-21T16:58:45.687496,1.7321,0.1307,0.5
2025-06-21T16:58:55.689749,0.0,1.0607,0.0
2025-06-21T16:59:05.691519,-1.7321,1.4943,-0.5
2025-06-21T16:59:15.694738,-1.7321,1.2287,-0.866
2025-06-21T16:59:25.696144,-0.0,0.3882,-1.0
2025-06-21T16:59:35.698318,1.7321,-0.6339,-0.866
2025-06-21T16:59:45.700323,1.7321,-1.3595,-0.5
2025-06-21T16:59:55.702987,0.0,-1.4489,-0.0
2025-06-21T17:00:05.707071,-1.7321,-0.8604,0.5
2025-06-21T17:00:15.710683,-1.7321,0.1307,0.866
2025-06-21T17:00:25.712089,-0.0,1.0607,1.0
2025-06-21T17:00:35.714108,1.7321,1.4943,0.866
2025-06-21T17:00:45.718163,1.7321,1.2287,0.5
2025-06-21T17:00:55.720604,-0.0,0.3882,-0.0
2025-06-21T17:01:05.724237,-1.7321,-0.6339,-0.5
2025-06-21T17:01:15.739096,-1.7321,-1.3595,-0.866
2025-06-21T17:01:25.745369,-0.0,-1.4489,-1.0
2025-06-21T17:01:35.747762,1.7321,-0.8604,-0.866
2025-06-21T17:01:45.750600,1.7321,0.1307,-0.5
2025-06-21T17:01:55.752869,0.0,1.0607,-0.0
2025-06-21T17:02:05.929343,-1.7321,1.4943,0.5
2025-06-21T17:02:15.931573,-1.7321,1.2287,0.866
2025-06-21T17:02:25.933505,-0.0,0.3882,1.0
2025-06-21T17:02:35.936900,1.7321,-0.6339,0.866
2025-06-21T17:02:45.939364,1.7321,-1.3595,0.5
2025-06-21T17:02:55.941502,-0.0,-1.4489,-0.0
2025-06-21T17:03:05.943807,-1.7321,-0.8604,-0.5
2025-06-21T17:03:15.945936,-1.7321,0.1307,-0.866
2025-06-21T17:03:25.949064,-0.0,1.0607,-1.0
2025-06-21T17:03:35.953300,1.7321,1.4943,-0.866
2025-06-21T17:03:45.956584,1.7321,1.2287,-0.5
2025-06-21T17:03:55.959895,0.0,0.3882,-0.0
2025-06-21T17:04:05.960963,-1.7321,-0.6339,0.5
2025-06-21T17:04:15.962795,-1.7321,-1.3595,0.866
2025-06-21T17:04:25.964989,-0.0,-1.4489,1.0
2025-06-21T17:04:36.661402,0.0,1.0607,1.0
2025-06-21T17:04:46.666550,1.7321,1.4943,0.866
2025-06-21T17:04:56.669976,1.7321,1.2287,0.5
2025-06-21T17:05:06.673624,0.0,0.3882,0.0
2025-06-21T17:05:16.676955,-1.7321,-0.6339,-0.5
2025-06-21T17:05:26.684338,-1.7321,-1.3595,-0.866
2025-06-21T17:05:36.691788,-0.0,-1.4489,-1.0
2025-06-21T17:05:46.699393,1.7321,-0.8604,-0.866
2025-06-21T17:05:56.703137,1.7321,0.1307,-0.5
2025-06-21T17:06:06.707387,0.0,1.0607,-0.0
2025-06-21T17:06:16.714639,-1.7321,1.4943,0.5
2025-06-21T17:06:26.721455,-1.7321,1.2287,0.866
2025-06-21T17:06:36.728108,-0.0,0.3882,1.0
2025-06-21T17:06:46.735123,1.7321,-0.6339,0.866
2025-06-21T17:16:52.547864,0.0,1.0607,1.0
2025-06-21T17:17:02.554990,1.7321,1.4943,0.866
2025-06-21T17:17:12.558023,1.7321,1.2287,0.5
2025-06-21T17:17:22.564549,0.0,0.3882,0.0
2025-06-21T17:17:32.569365,-1.7321,-0.6339,-0.5
2025-06-21T17:17:42.572741,-1.7321,-1.3595,-0.866
2025-06-21T17:17:52.576064,-0.0,-1.4489,-1.0
2025-06-21T17:18:02.583357,1.7321,-0.8604,-0.866
2025-06-21T17:18:12.590934,1.7321,0.1307,-0.5
2025-06-21T17:18:22.597506,0.0,1.0607,-0.0
2025-06-21T17:18:32.603449,-1.7321,1.4943,0.5
2025-06-21T18:38:30.644279,0.0,1.0607,1.0
2025-06-21T18:38:40.650961,1.7321,1.4943,0.866
2025-06-21T18:38:50.654006,1.7321,1.2287,0.5
2025-06-21T18:39:00.657292,0.0,0.3882,0.0
2025-06-21T18:39:10.664684,-1.7321,-0.6339,-0.5
2025-06-21T18:39:20.673392,-1.7321,-1.3595,-0.866
2025-06-21T18:39:30.683170,-0.0,-1.4489,-1.0
2025-06-21T18:39:40.691619,1.7321,-0.8604,-0.866
2025-06-21T18:39:50.698538,1.7321,0.1307,-0.5
2025-06-21T18:40:00.701763,0.0,1.0607,-0.0
2025-06-21T18:40:10.705244,-1.7321,1.4943,0.5
2025-06-21T18:40:20.707035,-1.7321,1.2287,0.866
2025-06-21T18:40:30.711732,-0.0,0.3882,1.0
2025-06-21T18:40:40.713382,1.7321,-0.6339,0.866
2025-06-21T18:40:50.715219,1.7321,-1.3595,0.5
2025-06-21T18:41:00.718116,0.0,-1.4489,0.0
2025-06-21T18:41:10.723824,-1.7321,-0.8604,-0.5
2025-06-21T18:41:20.726496,-1.7321,0.1307,-0.866
2025-06-21T18:41:30.730283,-0.0,1.0607,-1.0
2025-06-21T18:41:40.733329,1.7321,1.4943,-0.866
2025-06-21T18:41:50.740652,1.7321,1.2287,-0.5
2025-06-21T18:42:00.744947,0.0,0.3882,-0.0
2025-06-21T18:42:10.752084,-1.7321,-0.6339,0.5
2025-06-21T18:42:20.754902,-1.7321,-1.3595,0.866
2025-06-21T18:42:30.757023,-0.0,-1.4489,1.0
2025-06-21T18:42:40.762004,1.7321,-0.8604,0.866
2025-06-21T18:43:11.895124,0.0,1.0607,1.0
2025-06-21T18:43:21.899579,1.7321,1.4943,0.866
2025-06-21T18:43:31.908666,1.7321,1.2287,0.5
2025-06-21T18:43:41.912887,0.0,0.3882,0.0
2025-06-21T18:43:51.916829,-1.7321,-0.6339,-0.5
2025-06-21T18:44:01.927313,-1.7321,-1.3595,-0.866
2025-06-21T18:44:11.935832,-0.0,-1.4489,-1.0
2025-06-21T18:44:21.939240,1.7321,-0.8604,-0.866
2025-06-21T18:44:31.942162,1.7321,0.1307,-0.5
2025-06-21T18:44:41.952552,0.0,1.0607,-0.0
2025-06-21T18:44:51.960029,-1.7321,1.4943,0.5
2025-06-21T18:45:01.964647,-1.7321,1.2287,0.866
2025-06-21T18:45:11.973433,-0.0,0.3882,1.0
2025-06-21T18:45:21.979813,1.7321,-0.6339,0.866
2025-06-21T18:45:31.986549,1.7321,-1.3595,0.5
2025-06-21T18:45:41.995550,0.0,-1.4489,0.0
2025-06-21T18:45:52.005121,-1.7321,-0.8604,-0.5
2025-06-21T18:46:02.010910,-1.7321,0.1307,-0.866
2025-06-21T18:46:12.016773,-0.0,1.0607,-1.0
2025-06-21T18:46:22.022726,1.7321,1.4943,-0.866
2025-06-21T18:49:15.701364,0.0,1.0607,1.0
2025-06-21T18:49:25.707063,1.7321,1.4943,0.866
2025-06-21T18:49:35.712320,1.7321,1.2287,0.5
2025-06-21T18:49:45.718824,0.0,0.3882,0.0
2025-06-21T18:49:55.727711,-1.7321,-0.6339,-0.5
2025-06-21T19:19:15.454987,0.0,1.0607,1.0
2025-06-21T19:19:25.461511,1.7321,1.4943,0.866
2025-06-21T19:19:35.466219,1.7321,1.2287,0.5
2025-06-21T19:19:45.471512,0.0,0.3882,0.0
2025-06-21T19:19:55.476336,-1.7321,-0.6339,-0.5
2025-06-21T19:20:05.484442,-1.7321,-1.3595,-0.866
2025-06-21T19:20:15.487874,-0.0,-1.4489,-1.0
2025-06-21T19:20:25.495037,1.7321,-0.8604,-0.866
2025-06-21T19:20:35.500340,1.7321,0.1307,-0.5
2025-06-21T19:20:45.507722,0.0,1.0607,-0.0
2025-06-21T19:20:55.515138,-1.7321,1.4943,0.5
2025-06-21T19:21:05.521338,-1.7321,1.2287,0.866
2025-06-21T19:21:15.524160,-0.0,0.3882,1.0
2025-06-21T19:21:25.528451,1.7321,-0.6339,0.866
2025-06-21T19:21:35.531882,1.7321,-1.3595,0.5
2025-06-21T19:21:45.536565,0.0,-1.4489,0.0
2025-06-21T19:21:55.543087,-1.7321,-0.8604,-0.5
2025-06-21T19:22:05.549076,-1.7321,0.1307,-0.866
2025-06-21T19:22:15.556591,-0.0,1.0607,-1.0
2025-06-21T19:22:25.559400,1.7321,1.4943,-0.866
2025-06-21T19:22:35.562104,1.7321,1.2287,-0.5
2025-06-21T19:22:45.565272,0.0,0.3882,-0.0
2025-06-21T19:22:55.571291,-1.7321,-0.6339,0.5
2025-06-21T19:23:05.573739,-1.7321,-1.3595,0.866
2025-06-21T19:23:15.577121,-0.0,-1.4489,1.0
2025-06-21T19:23:25.584307,1.7321,-0.8604,0.866
2025-06-21T19:23:35.590275,1.7321,0.1307,0.5
2025-06-21T19:23:45.594234,0.0,1.0607,0.0
2025-06-21T19:23:55.599817,-1.7321,1.4943,-0.5
2025-06-21T19:24:05.602442,-1.7321,1.2287,-0.866
2025-06-21T19:24:15.605551,-0.0,0.3882,-1.0
2025-06-21T19:24:25.612551,1.7321,-0.6339,-0.866
2025-06-21T19:24:35.617745,1.7321,-1.3595,-0.5
2025-06-21T19:24:45.620968,0.0,-1.4489,-0.0
2025-06-21T19:24:55.624514,-1.7321,-0.8604,0.5
2025-06-21T19:25:05.631884,-1.7321,0.1307,0.866
2025-06-21T19:25:15.636086,-0.0,1.0607,1.0
2025-06-21T19:25:25.641687,1.7321,1.4943,0.866
2025-06-21T19:25:35.647792,1.7321,1.2287,0.5
2025-06-21T19:25:45.651583,-0.0,0.3882,-0.0
2025-06-21T19:25:55.658582,-1.7321,-0.6339,-0.5
2025-06-21T19:26:05.666460,-1.7321,-1.3595,-0.866
2025-06-21T19:26:15.670392,-0.0,-1.4489,-1.0
2025-06-21T19:26:25.676309,1.7321,-0.8604,-0.866
2025-06-21T19:26:35.683749,1.7321,0.1307,-0.5
2025-06-21T19:26:45.687356,0.0,1.0607,-0.0
2025-06-21T19:26:55.691161,-1.7321,1.4943,0.5
2025-06-21T19:27:05.707738,-1.7321,1.2287,0.866
2025-06-21T19:27:15.711380,-0.0,0.3882,1.0
2025-06-21T19:27:25.715676,1.7321,-0.6339,0.866
2025-06-21T19:27:35.720548,1.7321,-1.3595,0.5
2025-06-21T19:27:45.722369,-0.0,-1.4489,-0.0
2025-06-21T19:27:55.728748,-1.7321,-0.8604,-0.5
2025-06-21T19:28:05.734095,-1.7321,0.1307,-0.866
2025-06-21T19:28:15.741560,-0.0,1.0607,-1.0
2025-06-21T19:28:25.745851,1.7321,1.4943,-0.866
2025-06-21T19:28:35.750900,1.7321,1.2287,-0.5
2025-06-21T19:28:45.755553,0.0,0.3882,-0.0
2025-06-21T19:28:55.762137,-1.7321,-0.6339,0.5
2025-06-21T19:29:05.769584,-1.7321,-1.3595,0.866
2025-06-21T19:29:15.776635,-0.0,-1.4489,1.0
2025-06-21T19:29:25.780960,1.7321,-0.8604,0.866
2025-06-21T19:29:35.787518,1.7321,0.1307,0.5
2025-06-21T19:29:45.793453,-0.0,1.0607,-0.0
2025-06-21T19:29:55.799737,-1.7321,1.4943,-0.5
2025-06-21T19:30:05.809376,-1.7321,1.2287,-0.866
2025-06-21T19:30:15.815993,-0.0,0.3882,-1.0
2025-06-21T19:30:25.821041,1.7321,-0.6339,-0.866
2025-06-21T19:30:35.824236,1.7321,-1.3595,-0.5
2025-06-21T19:30:45.828305,0.0,-1.4489,-0.0
2025-06-21T19:30:55.829988,-1.7321,-0.8604,0.5
2025-06-21T19:31:05.833555,-1.7321,0.1307,0.866
2025-06-21T19:31:15.835620,5.0,6.0607,6.0
2025-06-21T19:31:25.839846,6.7321,6.4943,5.866
2025-06-21T19:31:35.844625,6.7321,6.2287,5.5
2025-06-21T19:31:45.852358,5.0,5.3882,5.0
2025-06-21T19:31:55.859460,3.2679,4.3661,4.5
2025-06-21T19:32:05.866650,3.2679,3.6405,4.134
2025-06-21T19:32:15.872737,5.0,3.5511,4.0
2025-06-21T19:32:25.880654,6.7321,4.1396,4.134
2025-06-21T19:32:35.886441,6.7321,5.1307,4.5
2025-06-21T19:32:45.895034,5.0,6.0607,5.0
2025-06-21T19:32:55.898671,3.2679,6.4943,5.5
2025-06-21T19:33:05.906352,3.2679,6.2287,5.866
2025-06-21T19:33:15.912252,-0.0,0.3882,1.0
2025-06-21T19:33:25.920577,1.7321,-0.6339,0.866
2025-06-21T19:33:35.926522,1.7321,-1.3595,0.5
2025-06-21T22:27:00.040748,-0.0,-1.4489,-0.0
2025-06-21T22:27:10.458043,-1.7321,-0.8604,-0.5
2025-06-23T11:03:21.184012,0.0,1.0607,1.0
2025-06-23T11:03:31.193347,1.7321,1.4943,0.866
2025-06-23T11:03:41.199145,1.7321,1.2287,0.5
2025-06-23T11:03:51.202483,0.0,0.3882,0.0
2025-06-23T11:04:01.210110,-1.7321,-0.6339,-0.5
2025-06-23T11:04:11.217462,-1.7321,-1.3595,-0.866
2025-06-23T11:04:21.224718,-0.0,-1.4489,-1.0
2025-06-23T11:04:31.232074,1.7321,-0.8604,-0.866
2025-06-23T11:04:41.240091,1.7321,0.1307,-0.5
2025-06-23T11:04:51.247758,0.0,1.0607,-0.0
2025-06-23T11:05:01.256131,-1.7321,1.4943,0.5
2025-06-23T11:05:11.264123,-1.7321,1.2287,0.866
2025-06-23T11:05:21.273062,-0.0,0.3882,1.0
2025-06-23T11:05:31.279183,1.7321,-0.6339,0.866
2025-06-23T11:05:41.287060,1.7321,-1.3595,0.5
2025-06-23T11:05:51.293900,0.0,-1.4489,0.0
2025-06-23T11:06:01.302097,-1.7321,-0.8604,-0.5
2025-06-23T11:06:11.307602,-1.7321,0.1307,-0.866
2025-06-23T11:06:21.310642,-0.0,1.0607,-1.0
2025-06-23T11:06:31.318566,1.7321,1.4943,-0.866
2025-06-23T11:06:41.323768,1.7321,1.2287,-0.5
2025-06-23T11:06:51.331217,0.0,0.3882,-0.0
2025-06-23T11:07:01.340696,-1.7321,-0.6339,0.5
2025-06-23T11:07:11.345360,-1.7321,-1.3595,0.866
2025-06-23T11:07:21.352683,-0.0,-1.4489,1.0
2025-06-23T11:07:31.357031,1.7321,-0.8604,0.866
2025-06-23T11:07:41.359695,1.7321,0.1307,0.5
2025-06-23T11:07:51.363081,0.0,1.0607,0.0
2025-06-23T11:08:01.371776,-1.7321,1.4943,-0.5
2025-06-23T11:08:11.377270,-1.7321,1.2287,-0.866
2025-06-23T11:08:21.383515,-0.0,0.3882,-1.0
2025-06-23T11:08:31.390219,1.7321,-0.6339,-0.866
2025-06-23T11:08:41.393008,1.7321,-1.3595,-0.5
2025-06-23T11:08:51.395736,0.0,-1.4489,-0.0
2025-06-23T11:09:01.403610,-1.7321,-0.8604,0.5
2025-06-23T11:09:11.406187,-1.7321,0.1307,0.866
2025-06-23T11:09:21.412198,-0.0,1.0607,1.0
2025-06-23T11:09:31.435828,1.7321,1.4943,0.866
2025-06-23T11:09:41.447865,1.7321,1.2287,0.5
2025-06-23T11:09:51.451538,-0.0,0.3882,-0.0
2025-06-23T11:10:01.454372,-1.7321,-0.6339,-0.5
2025-06-23T11:10:11.457764,-1.7321,-1.3595,-0.866
2025-06-23T11:10:21.460891,-0.0,-1.4489,-1.0
2025-06-23T11:10:31.463045,1.7321,-0.8604,-0.866
2025-06-23T11:10:41.466051,1.7321,0.1307,-0.5
2025-06-23T11:10:51.467719,0.0,1.0607,-0.0
2025-06-23T11:11:01.473459,-1.7321,1.4943,0.5
2025-06-23T11:11:11.478297,-1.7321,1.2287,0.866
2025-06-23T11:11:21.485039,-0.0,0.3882,1.0
2025-06-23T11:11:31.489048,1.7321,-0.6339,0.866
2025-06-23T11:11:41.497679,1.7321,-1.3595,0.5
2025-06-23T11:11:51.504075,-0.0,-1.4489,-0.0
2025-06-23T11:12:01.508392,-1.7321,-0.8604,-0.5
2025-06-23T11:12:11.516323,-1.7321,0.1307,-0.866
2025-06-23T11:12:21.518761,-0.0,1.0607,-1.0
2025-06-23T11:12:31.524784,1.7321,1.4943,-0.866
2025-06-23T11:12:41.531754,1.7321,1.2287,-0.5
2025-06-23T11:12:51.536530,0.0,0.3882,-0.0
2025-06-23T11:13:01.542527,-1.7321,-0.6339,0.5
2025-06-23T11:13:11.547691,-1.7321,-1.3595,0.866
2025-06-23T11:13:21.552261,-0.0,-1.4489,1.0
2025-06-23T11:13:31.558522,1.7321,-0.8604,0.866
2025-06-23T11:13:41.567804,1.7321,0.1307,0.5
2025-06-23T11:13:51.573035,-0.0,1.0607,-0.0
2025-06-23T11:14:01.577108,-1.7321,1.4943,-0.5
2025-06-23T11:14:11.581465,-1.7321,1.2287,-0.866
2025-06-23T11:14:21.588255,-0.0,0.3882,-1.0
2025-06-23T11:14:31.591718,1.7321,-0.6339,-0.866
2025-06-23T11:14:41.595529,1.7321,-1.3595,-0.5
2025-06-23T11:14:51.598486,0.0,-1.4489,-0.0
2025-06-23T11:15:01.603859,-1.7321,-0.8604,0.5
2025-06-23T11:15:11.608589,-1.7321,0.1307,0.866
2025-06-23T11:15:21.614572,5.0,6.0607,6.0
2025-06-23T11:15:31.619301,6.7321,6.4943,5.866
2025-06-23T11:15:41.626862,6.7321,6.2287,5.5
2025-06-23T11:15:51.634497,5.0,5.3882,5.0
2025-06-23T11:16:01.638552,3.2679,4.3661,4.5
2025-06-23T11:16:11.645938,3.2679,3.6405,4.134
2025-06-23T11:16:21.652488,5.0,3.5511,4.0
2025-06-23T11:16:31.656004,6.7321,4.1396,4.134
2025-06-23T11:16:41.663168,6.7321,5.1307,4.5
2025-06-23T11:16:51.668560,5.0,6.0607,5.0
2025-06-23T11:17:01.674442,3.2679,6.4943,5.5
2025-06-23T11:17:11.681967,3.2679,6.2287,5.866
2025-06-23T11:17:21.687033,-0.0,0.3882,1.0
2025-06-23T11:17:31.692186,1.7321,-0.6339,0.866
2025-06-23T11:17:41.700988,1.7321,-1.3595,0.5
2025-06-23T11:17:51.705615,-0.0,-1.4489,-0.0
2025-06-23T11:18:01.713240,-1.7321,-0.8604,-0.5
2025-06-23T11:18:11.716790,-1.7321,0.1307,-0.866
2025-06-23T11:18:21.722804,-0.0,1.0607,-1.0
2025-06-23T11:18:31.727998,1.7321,1.4943,-0.866
2025-06-23T11:18:41.731491,1.7321,1.2287,-0.5
2025-06-23T11:18:51.737600,0.0,0.3882,-0.0
2025-06-23T11:19:01.740248,-1.7321,-0.6339,0.5
2025-06-23T11:19:11.744691,-1.7321,-1.3595,0.866
2025-06-23T11:19:21.751497,-0.0,-1.4489,1.0
2025-06-23T11:19:31.753927,1.7321,-0.8604,0.866
2025-06-23T11:19:41.758213,1.7321,0.1307,0.5
2025-06-23T11:19:51.761630,0.0,1.0607,-0.0
2025-06-23T11:20:01.764104,-1.7321,1.4943,-0.5
2025-06-23T11:20:11.769126,-1.7321,1.2287,-0.866
2025-06-23T11:20:21.774041,0.0,0.3882,-1.0
2025-06-23T11:20:31.780822,1.7321,-0.6339,-0.866
2025-06-23T11:20:41.787126,1.7321,-1.3595,-0.5
2025-06-23T11:20:51.793822,0.0,-1.4489,-0.0
2025-06-23T11:21:01.800074,-1.7321,-0.8604,0.5
2025-06-23T11:21:11.805554,-1.7321,0.1307,0.866
2025-06-23T11:21:21.812263,-0.0,1.0607,1.0
2025-06-23T11:21:31.820538,1.7321,1.4943,0.866
2025-06-23T11:21:41.824618,1.7321,1.2287,0.5
2025-06-23T11:21:51.831747,0.0,0.3882,-0.0
2025-06-23T11:22:01.837095,-1.7321,-0.6339,-0.5
2025-06-23T11:22:11.842978,-1.7321,-1.3595,-0.866
2025-06-23T11:22:21.847141,-0.0,-1.4489,-1.0
2025-06-23T11:22:31.851228,1.7321,-0.8604,-0.866
2025-06-23T11:22:41.857488,1.7321,0.1307,-0.5
2025-06-23T11:22:51.865104,0.0,1.0607,-0.0
2025-06-23T11:23:01.870072,-1.7321,1.4943,0.5
2025-06-23T11:23:11.874272,-1.7321,1.2287,0.866
2025-06-23T11:23:21.890485,-0.0,0.3882,1.0
2025-06-23T11:23:31.894541,1.7321,-0.6339,0.866
2025-06-23T11:23:41.901868,1.7321,-1.3595,0.5
2025-06-23T11:23:51.908133,0.0,-1.4489,0.0
2025-06-23T11:24:01.912098,-1.7321,-0.8604,-0.5
2025-06-23T11:24:11.915772,-1.7321,0.1307,-0.866
2025-06-23T11:24:21.920214,0.0,1.0607,-1.0
2025-06-23T11:24:31.922885,1.7321,1.4943,-0.866
2025-06-23T11:24:41.930304,1.7321,1.2287,-0.5
2025-06-23T11:24:51.936042,0.0,0.3882,-0.0
2025-06-23T11:25:01.939648,-1.7321,-0.6339,0.5
2025-06-23T11:25:11.943352,-1.7321,-1.3595,0.866
2025-06-23T11:25:21.946402,-0.0,-1.4489,1.0
2025-06-23T11:25:31.949609,1.7321,-0.8604,0.866
2025-06-23T11:25:41.955732,1.7321,0.1307,0.5
2025-06-23T11:25:51.962893,0.0,1.0607,0.0
2025-06-23T11:26:01.967202,-1.7321,1.4943,-0.5
2025-06-23T11:26:11.971761,-1.7321,1.2287,-0.866
2025-06-23T11:26:21.974397,-0.0,0.3882,-1.0
2025-06-23T11:26:31.976943,1.7321,-0.6339,-0.866
2025-06-23T11:26:41.982944,1.7321,-1.3595,-0.5
2025-06-23T11:26:51.989853,-0.0,-1.4489,-0.0
2025-06-23T11:27:01.992079,-1.7321,-0.8604,0.5
2025-06-23T11:27:11.995823,-1.7321,0.1307,0.866
2025-06-23T11:27:22.003294,-0.0,1.0607,1.0
2025-06-23T11:27:32.007760,1.7321,1.4943,0.866
2025-06-23T11:27:42.014535,1.7321,1.2287,0.5
2025-06-23T11:27:52.020109,0.0,0.3882,0.0
2025-06-23T11:28:02.023130,-1.7321,-0.6339,-0.5
2025-06-23T11:28:12.029942,-1.7321,-1.3595,-0.866
2025-06-23T11:28:22.034667,0.0,-1.4489,-1.0
2025-06-23T11:28:32.042390,1.7321,-0.8604,-0.866
2025-06-23T11:28:42.049862,1.7321,0.1307,-0.5
2025-06-23T11:28:52.055585,0.0,1.0607,-0.0
2025-06-23T11:29:02.062485,-1.7321,1.4943,0.5
2025-06-23T11:29:12.068552,-1.7321,1.2287,0.866
2025-06-23T11:29:22.074371,0.0,0.3882,1.0
2025-06-23T11:29:32.080054,1.7321,-0.6339,0.866
2025-06-23T11:29:42.085748,1.7321,-1.3595,0.5
2025-06-23T11:29:52.088151,0.0,-1.4489,0.0
2025-06-23T11:30:02.091909,-1.7321,-0.8604,-0.5
2025-06-23T11:30:12.097897,-1.7321,0.1307,-0.866
2025-06-23T11:30:22.101434,-0.0,1.0607,-1.0
2025-06-23T11:30:32.104573,1.7321,1.4943,-0.866
2025-06-23T11:30:42.107269,1.7321,1.2287,-0.5
2025-06-23T11:30:52.109783,-0.0,0.3882,-0.0
2025-06-23T11:31:02.113475,-1.7321,-0.6339,0.5
2025-06-23T11:31:12.115772,-1.7321,-1.3595,0.866
2025-06-23T11:31:22.119803,-0.0,-1.4489,1.0
2025-06-23T11:31:32.125462,1.7321,-0.8604,0.866
2025-06-23T11:31:42.130842,1.7321,0.1307,0.5
2025-06-23T11:31:52.137234,0.0,1.0607,0.0
2025-06-23T11:32:02.141320,-1.7321,1.4943,-0.5
2025-06-23T11:32:12.146846,-1.7321,1.2287,-0.866
2025-06-23T11:32:22.151646,0.0,0.3882,-1.0
2025-06-23T11:32:32.157642,1.7321,-0.6339,-0.866
2025-06-23T11:32:42.164593,1.7321,-1.3595,-0.5
2025-06-23T11:32:52.171953,0.0,-1.4489,-0.0
2025-06-23T11:33:02.177737,-1.7321,-0.8604,0.5
2025-06-23T11:33:12.183299,-1.7321,0.1307,0.866
2025-06-23T11:33:22.190605,-0.0,1.0607,1.0
2025-06-23T11:33:32.194148,1.7321,1.4943,0.866
2025-06-23T11:33:42.198975,1.7321,1.2287,0.5
2025-06-23T11:33:52.204267,0.0,0.3882,0.0
2025-06-23T11:34:02.206000,-1.7321,-0.6339,-0.5
2025-06-23T11:34:12.210463,-1.7321,-1.3595,-0.866
2025-06-23T11:34:22.215176,-0.0,-1.4489,-1.0
2025-06-23T11:34:32.221651,1.7321,-0.8604,-0.866
2025-06-23T11:34:42.227452,1.7321,0.1307,-0.5
2025-06-23T11:34:52.231557,-0.0,1.0607,-0.0
2025-06-23T11:35:02.236557,-1.7321,1.4943,0.5
2025-06-23T13:40:49.724621,0.0,1.0607,1.0
2025-06-23T13:40:59.732163,1.7321,1.4943,0.866
2025-06-23T13:41:09.737388,1.7321,1.2287,0.5
2025-06-23T13:41:19.745108,0.0,0.3882,0.0
2025-06-23T13:41:29.753249,-1.7321,-0.6339,-0.5
2025-06-23T13:41:39.760633,-1.7321,-1.3595,-0.866
2025-06-23T13:41:49.769380,-0.0,-1.4489,-1.0
2025-06-23T13:41:59.776915,1.7321,-0.8604,-0.866
2025-06-23T13:42:09.780216,1.7321,0.1307,-0.5
2025-06-23T13:42:19.783414,0.0,1.0607,-0.0
2025-06-23T13:42:29.787037,-1.7321,1.4943,0.5
2025-06-23T13:42:39.791076,-1.7321,1.2287,0.866
2025-06-23T13:42:49.794956,-0.0,0.3882,1.0
2025-06-23T13:42:59.823917,1.7321,-0.6339,0.866
2025-06-23T13:43:09.826367,1.7321,-1.3595,0.5
2025-06-23T13:43:19.830381,0.0,-1.4489,0.0
2025-06-23T13:43:29.834465,-1.7321,-0.8604,-0.5
2025-06-23T13:43:39.840075,-1.7321,0.1307,-0.866
2025-06-23T13:43:49.850449,-0.0,1.0607,-1.0
2025-06-23T13:43:59.853299,1.7321,1.4943,-0.866
2025-06-23T13:44:09.865126,1.7321,1.2287,-0.5
2025-06-23T13:44:19.871523,0.0,0.3882,-0.0
2025-06-23T13:44:29.874498,-1.7321,-0.6339,0.5
2025-06-23T13:44:39.883064,-1.7321,-1.3595,0.866
2025-06-23T13:44:49.888206,-0.0,-1.4489,1.0
2025-06-23T13:44:59.895557,1.7321,-0.8604,0.866
2025-06-23T13:45:09.900304,1.7321,0.1307,0.5
2025-06-23T13:45:19.907270,0.0,1.0607,0.0
2025-06-23T13:45:29.914930,-1.7321,1.4943,-0.5
2025-06-23T13:45:39.922413,-1.7321,1.2287,-0.866
2025-06-23T13:45:49.934627,-0.0,0.3882,-1.0
2025-06-23T13:45:59.943979,1.7321,-0.6339,-0.866
2025-06-23T13:46:09.950920,1.7321,-1.3595,-0.5
2025-06-23T13:46:19.954506,0.0,-1.4489,-0.0
2025-06-23T13:46:29.966095,-1.7321,-0.8604,0.5
2025-06-23T13:46:39.971646,-1.7321,0.1307,0.866
2025-06-23T13:46:49.981253,-0.0,1.0607,1.0
2025-06-23T13:46:59.988014,1.7321,1.4943,0.866
2025-06-23T13:47:09.998658,1.7321,1.2287,0.5
2025-06-23T13:47:20.003001,-0.0,0.3882,-0.0
2025-06-23T13:47:30.013475,-1.7321,-0.6339,-0.5
2025-06-23T13:47:40.019399,-1.7321,-1.3595,-0.866
2025-06-23T13:47:50.031757,-0.0,-1.4489,-1.0
2025-06-23T13:48:00.037253,1.7321,-0.8604,-0.866
2025-06-23T13:48:10.041266,1.7321,0.1307,-0.5
2025-06-23T14:29:39.447887,0.0,1.0607,1.0
2025-06-23T14:29:49.453236,1.7321,1.4943,0.866
2025-06-23T14:29:59.479311,1.7321,1.2287,0.5
2025-06-23T14:30:09.482527,0.0,0.3882,0.0
2025-06-23T14:30:19.485431,-1.7321,-0.6339,-0.5
2025-06-23T14:30:29.616560,-1.7321,-1.3595,-0.866
2025-06-23T14:30:39.628934,-0.0,-1.4489,-1.0
2025-06-23T14:30:49.630977,1.7321,-0.8604,-0.866
2025-06-23T14:30:59.632068,1.7321,0.1307,-0.5
2025-06-23T14:31:09.635005,0.0,1.0607,-0.0
2025-06-23T14:31:19.639504,-1.7321,1.4943,0.5
2025-06-23T14:31:29.737524,-1.7321,1.2287,0.866
2025-06-23T14:31:39.740790,-0.0,0.3882,1.0
2025-06-23T14:31:49.743783,1.7321,-0.6339,0.866
2025-06-23T14:31:58.498993,0.0,1.0607,1.0
2025-06-23T14:32:08.505144,1.7321,1.4943,0.866
2025-06-23T14:32:18.510917,1.7321,1.2287,0.5
2025-06-23T14:32:28.517378,0.0,0.3882,0.0
2025-06-23T14:32:38.520508,-1.7321,-0.6339,-0.5
2025-06-23T14:32:48.523208,-1.7321,-1.3595,-0.866
2025-06-23T14:32:58.525724,-0.0,-1.4489,-1.0
2025-06-23T14:33:08.529755,1.7321,-0.8604,-0.866
2025-06-23T14:33:19.041757,1.7321,0.1307,-0.5
2025-06-23T14:33:29.045469,0.0,1.0607,-0.0
2025-06-23T14:33:39.046428,-1.7321,1.4943,0.5
2025-06-23T14:33:49.048949,-1.7321,1.2287,0.866
2025-06-23T14:33:59.051452,-0.0,0.3882,1.0
2025-06-23T14:34:09.054470,1.7321,-0.6339,0.866
2025-06-23T14:34:19.059075,1.7321,-1.3595,0.5
2025-06-23T14:37:06.992842,0.0,1.0607,1.0
2025-06-23T14:37:16.998064,1.7321,1.4943,0.866
2025-06-23T14:37:27.006410,1.7321,1.2287,0.5
2025-06-23T14:37:37.014687,0.0,0.3882,0.0
2025-06-23T14:37:47.018147,-1.7321,-0.6339,-0.5
2025-06-23T14:37:57.022599,-1.7321,-1.3595,-0.866
2025-06-23T14:38:07.024584,-0.0,-1.4489,-1.0
2025-06-23T14:38:17.026367,1.7321,-0.8604,-0.866
2025-06-23T14:38:27.029870,1.7321,0.1307,-0.5
2025-06-23T14:38:37.032288,0.0,1.0607,-0.0
2025-06-23T14:38:47.036287,-1.7321,1.4943,0.5
2025-06-23T14:38:57.040505,-1.7321,1.2287,0.866
2025-06-23T14:39:07.045975,-0.0,0.3882,1.0
2025-06-23T14:39:17.049516,1.7321,-0.6339,0.866
2025-06-23T14:39:27.052298,1.7321,-1.3595,0.5
2025-06-23T14:39:37.055316,0.0,-1.4489,0.0
2025-06-23T14:39:47.060016,-1.7321,-0.8604,-0.5
2025-06-23T14:39:57.064160,-1.7321,0.1307,-0.866
2025-06-23T14:40:07.066010,-0.0,1.0607,-1.0
2025-06-23T14:40:17.069031,1.7321,1.4943,-0.866
2025-06-23T14:40:27.071948,1.7321,1.2287,-0.5
2025-06-23T14:40:37.075820,0.0,0.3882,-0.0
2025-06-23T14:40:47.079400,-1.7321,-0.6339,0.5
2025-06-23T14:40:57.083290,-1.7321,-1.3595,0.866
2025-06-23T14:41:07.086595,-0.0,-1.4489,1.0
2025-06-23T14:41:17.090990,1.7321,-0.8604,0.866
2025-06-23T14:41:27.093587,1.7321,0.1307,0.5
2025-06-23T14:41:37.098702,0.0,1.0607,0.0
2025-06-23T14:41:47.100954,-1.7321,1.4943,-0.5
2025-06-23T14:41:57.103943,-1.7321,1.2287,-0.866
2025-06-23T14:42:07.106398,-0.0,0.3882,-1.0
2025-06-23T14:42:17.110278,1.7321,-0.6339,-0.866
2025-06-23T14:42:27.113763,1.7321,-1.3595,-0.5
2025-06-23T14:42:37.118219,0.0,-1.4489,-0.0
2025-06-23T14:42:47.121747,-1.7321,-0.8604,0.5
2025-06-23T14:42:57.127138,-1.7321,0.1307,0.866
2025-06-23T14:43:07.131137,-0.0,1.0607,1.0
2025-06-23T14:43:17.133142,1.7321,1.4943,0.866
2025-06-23T14:43:27.137161,1.7321,1.2287,0.5
2025-06-23T14:43:37.142113,-0.0,0.3882,-0.0
2025-06-23T14:43:47.147138,-1.7321,-0.6339,-0.5
2025-06-23T14:43:57.150665,-1.7321,-1.3595,-0.866
2025-06-23T14:44:07.152718,-0.0,-1.4489,-1.0
2025-06-23T14:44:17.156991,1.7321,-0.8604,-0.866
2025-06-23T14:44:27.159514,1.7321,0.1307,-0.5
2025-06-23T14:44:37.163233,0.0,1.0607,-0.0
2025-06-23T14:44:47.167723,-1.7321,1.4943,0.5
2025-06-23T14:44:57.171648,-1.7321,1.2287,0.866
2025-06-23T14:45:07.176107,-0.0,0.3882,1.0
2025-06-23T14:45:17.179939,1.7321,-0.6339,0.866
2025-06-23T14:45:27.183522,1.7321,-1.3595,0.5
2025-06-23T14:45:37.188087,-0.0,-1.4489,-0.0
2025-06-23T14:45:47.189716,-1.7321,-0.8604,-0.5
2025-06-23T14:45:57.194348,-1.7321,0.1307,-0.866
2025-06-23T14:46:07.199461,-0.0,1.0607,-1.0
2025-06-23T14:46:17.204468,1.7321,1.4943,-0.866
2025-06-23T14:46:27.226999,1.7321,1.2287,-0.5
2025-06-23T14:46:37.230054,0.0,0.3882,-0.0
2025-06-23T14:46:47.233546,-1.7321,-0.6339,0.5
2025-06-23T14:46:57.235927,-1.7321,-1.3595,0.866
2025-06-23T14:47:07.238133,-0.0,-1.4489,1.0
2025-06-23T14:47:17.240857,1.7321,-0.8604,0.866
2025-06-23T14:47:27.243466,1.7321,0.1307,0.5
2025-06-23T14:47:37.245930,-0.0,1.0607,-0.0
2025-06-23T14:47:47.249896,-1.7321,1.4943,-0.5
2025-06-23T14:47:57.253684,-1.7321,1.2287,-0.866
2025-06-23T14:48:07.257411,-0.0,0.3882,-1.0
2025-06-23T14:48:17.260482,1.7321,-0.6339,-0.866
2025-06-23T14:48:27.262769,1.7321,-1.3595,-0.5
2025-06-23T14:48:37.265843,0.0,-1.4489,-0.0
2025-06-23T14:48:47.268217,-1.7321,-0.8604,0.5
2025-06-23T14:48:57.271717,-1.7321,0.1307,0.866
2025-06-23T14:49:07.273253,5.0,6.0607,6.0
2025-06-23T14:49:17.275232,6.7321,6.4943,5.866
2025-06-23T14:49:27.277348,6.7321,6.2287,5.5
2025-06-23T14:49:37.281698,5.0,5.3882,5.0
2025-06-23T14:49:47.284379,3.2679,4.3661,4.5
2025-06-23T14:49:57.286255,3.2679,3.6405,4.134
2025-06-23T14:50:07.289406,5.0,3.5511,4.0
2025-06-23T14:50:17.292109,6.7321,4.1396,4.134
2025-06-23T14:50:27.294263,6.7321,5.1307,4.5
2025-06-23T14:50:37.295810,5.0,6.0607,5.0
2025-06-23T14:50:47.297570,3.2679,6.4943,5.5
2025-06-23T14:50:57.299746,3.2679,6.2287,5.866
2025-06-23T14:51:07.302036,-0.0,0.3882,1.0
2025-06-23T14:51:17.305649,1.7321,-0.6339,0.866
2025-06-23T14:51:27.308074,1.7321,-1.3595,0.5
2025-06-23T14:51:37.311270,-0.0,-1.4489,-0.0
2025-06-23T14:51:47.314784,-1.7321,-0.8604,-0.5
2025-06-23T14:51:57.317289,-1.7321,0.1307,-0.866
2025-06-23T14:52:07.318605,-0.0,1.0607,-1.0
2025-06-23T14:52:17.321067,1.7321,1.4943,-0.866
2025-06-23T14:52:27.370780,1.7321,1.2287,-0.5
2025-06-23T14:52:37.373772,0.0,0.3882,-0.0
2025-06-23T14:52:47.375925,-1.7321,-0.6339,0.5
2025-06-23T14:52:57.378109,-1.7321,-1.3595,0.866
2025-06-23T14:53:07.380743,-0.0,-1.4489,1.0
2025-06-23T14:53:17.383755,1.7321,-0.8604,0.866
2025-06-23T14:53:27.385343,1.7321,0.1307,0.5
2025-06-23T14:53:37.389087,0.0,1.0607,-0.0
2025-06-23T14:53:47.392476,-1.7321,1.4943,-0.5
2025-06-23T14:53:57.396259,-1.7321,1.2287,-0.866
2025-06-23T14:54:07.404961,0.0,0.3882,-1.0
2025-06-23T14:54:17.408371,1.7321,-0.6339,-0.866
2025-06-23T14:54:27.410507,1.7321,-1.3595,-0.5
2025-06-23T14:54:37.414243,0.0,-1.4489,-0.0
2025-06-23T14:54:47.415763,-1.7321,-0.8604,0.5
2025-06-23T14:54:57.418254,-1.7321,0.1307,0.866
2025-06-23T14:55:07.420554,-0.0,1.0607,1.0
2025-06-23T14:55:17.422378,1.7321,1.4943,0.866
2025-06-23T14:55:27.425483,1.7321,1.2287,0.5
2025-06-23T14:55:37.427224,0.0,0.3882,-0.0
2025-06-23T14:55:47.429360,-1.7321,-0.6339,-0.5
2025-06-23T14:55:57.431496,-1.7321,-1.3595,-0.866
2025-06-23T14:56:07.432733,-0.0,-1.4489,-1.0
2025-06-23T14:56:17.434418,1.7321,-0.8604,-0.866
2025-06-23T14:56:27.436936,1.7321,0.1307,-0.5
2025-06-23T14:56:37.439312,0.0,1.0607,-0.0
2025-06-23T14:56:47.442708,-1.7321,1.4943,0.5
2025-06-23T14:56:57.445491,-1.7321,1.2287,0.866
2025-06-23T15:08:43.387204,0.0,1.0607,1.0
2025-06-23T15:08:53.392866,1.7321,1.4943,0.866
2025-06-23T15:09:03.397632,1.7321,1.2287,0.5
2025-06-23T15:09:13.404738,0.0,0.3882,0.0
2025-06-23T15:09:23.409710,-1.7321,-0.6339,-0.5
2025-06-23T15:09:33.416756,-1.7321,-1.3595,-0.866
2025-06-23T15:09:43.420548,-0.0,-1.4489,-1.0
2025-06-23T15:09:53.424454,1.7321,-0.8604,-0.866
2025-06-23T15:10:03.430199,1.7321,0.1307,-0.5
2025-06-23T15:10:13.435137,0.0,1.0607,-0.0
2025-06-23T15:10:23.438151,-1.7321,1.4943,0.5
2025-06-23T15:10:33.442384,-1.7321,1.2287,0.866
2025-06-23T15:10:43.445321,-0.0,0.3882,1.0
2025-06-23T15:10:53.451772,1.7321,-0.6339,0.866
2025-06-23T16:01:46.283455,0.0,1.0607,1.0
2025-06-23T16:01:56.288763,1.7321,1.4943,0.866
2025-06-23T16:02:06.295370,1.7321,1.2287,0.5
2025-06-23T16:06:05.708451,0.0,1.0607,1.0
2025-06-23T16:06:15.721772,1.7321,1.4943,0.866
2025-06-23T16:06:25.731064,1.7321,1.2287,0.5
2025-06-23T16:06:35.734990,0.0,0.3882,0.0
2025-06-23T16:06:45.741018,-1.7321,-0.6339,-0.5
2025-06-23T16:06:55.746923,-1.7321,-1.3595,-0.866
2025-06-23T16:07:05.754791,-0.0,-1.4489,-1.0
2025-06-23T16:07:15.763090,1.7321,-0.8604,-0.866
2025-06-23T16:07:25.770022,1.7321,0.1307,-0.5
2025-06-23T16:07:35.781504,0.0,1.0607,-0.0
2025-06-23T16:07:45.789077,-1.7321,1.4943,0.5
2025-06-23T16:07:55.794099,-1.7321,1.2287,0.866
2025-06-23T16:08:05.803311,-0.0,0.3882,1.0
2025-06-23T16:08:15.812626,1.7321,-0.6339,0.866
2025-06-23T16:08:25.817908,1.7321,-1.3595,0.5
2025-06-23T16:08:35.823990,0.0,-1.4489,0.0
2025-06-23T16:08:45.835234,-1.7321,-0.8604,-0.5
2025-06-23T16:08:55.841531,-1.7321,0.1307,-0.866
2025-06-23T16:09:05.850279,-0.0,1.0607,-1.0
2025-06-23T16:09:15.857494,1.7321,1.4943,-0.866
2025-06-23T16:09:25.863048,1.7321,1.2287,-0.5
2025-06-23T16:09:35.872481,0.0,0.3882,-0.0
2025-06-23T16:09:45.879882,-1.7321,-0.6339,0.5
2025-06-23T16:09:55.881626,-1.7321,-1.3595,0.866
2025-06-23T16:10:05.887018,-0.0,-1.4489,1.0
2025-06-23T16:10:15.894654,1.7321,-0.8604,0.866
2025-06-23T16:10:25.900384,1.7321,0.1307,0.5
2025-06-23T16:10:35.908246,0.0,1.0607,0.0
2025-06-23T16:10:45.917265,-1.7321,1.4943,-0.5
2025-06-23T16:10:55.925869,-1.7321,1.2287,-0.866
2025-06-23T16:11:05.931478,-0.0,0.3882,-1.0
2025-06-23T16:11:15.936145,1.7321,-0.6339,-0.866
2025-06-23T16:11:25.940678,1.7321,-1.3595,-0.5
2025-06-23T16:11:35.945952,0.0,-1.4489,-0.0
2025-06-23T16:11:45.950456,-1.7321,-0.8604,0.5
2025-06-23T16:11:55.957912,-1.7321,0.1307,0.866
2025-06-23T16:12:05.965367,-0.0,1.0607,1.0
2025-06-23T16:12:15.971464,1.7321,1.4943,0.866
2025-06-23T16:12:25.979427,1.7321,1.2287,0.5
2025-06-23T16:12:35.986552,-0.0,0.3882,-0.0
2025-06-23T16:12:45.992883,-1.7321,-0.6339,-0.5
2025-06-23T16:12:55.999394,-1.7321,-1.3595,-0.866
2025-06-23T16:13:06.003886,-0.0,-1.4489,-1.0
2025-06-23T16:13:16.010467,1.7321,-0.8604,-0.866
2025-06-23T16:13:26.017361,1.7321,0.1307,-0.5
2025-06-23T16:13:36.022975,0.0,1.0607,-0.0
2025-06-23T16:13:46.027354,-1.7321,1.4943,0.5
2025-06-23T16:13:56.032664,-1.7321,1.2287,0.866
2025-06-23T16:14:06.036533,-0.0,0.3882,1.0
2025-06-23T16:14:16.041874,1.7321,-0.6339,0.866
2025-06-23T16:14:26.046879,1.7321,-1.3595,0.5
2025-06-23T16:14:36.050390,-0.0,-1.4489,-0.0
2025-06-23T16:14:46.053570,-1.7321,-0.8604,-0.5
2025-06-23T16:14:56.059979,-1.7321,0.1307,-0.866
2025-06-23T16:15:06.065318,-0.0,1.0607,-1.0
2025-06-23T16:15:16.070255,1.7321,1.4943,-0.866
2025-06-23T16:15:26.076210,1.7321,1.2287,-0.5
2025-06-23T16:15:36.083318,0.0,0.3882,-0.0
2025-06-23T16:15:46.090144,-1.7321,-0.6339,0.5
2025-06-23T16:15:56.097199,-1.7321,-1.3595,0.866
2025-06-23T16:16:06.099762,-0.0,-1.4489,1.0
2025-06-23T16:16:16.105284,1.7321,-0.8604,0.866
2025-06-23T16:16:26.112230,1.7321,0.1307,0.5
2025-06-23T16:16:36.120407,-0.0,1.0607,-0.0
2025-06-23T16:16:46.126087,-1.7321,1.4943,-0.5
2025-06-23T16:16:56.128706,-1.7321,1.2287,-0.866
2025-06-23T16:17:06.135662,-0.0,0.3882,-1.0
2025-06-23T16:17:16.141045,1.7321,-0.6339,-0.866
2025-06-23T16:17:26.145518,1.7321,-1.3595,-0.5
2025-06-23T16:17:36.153664,0.0,-1.4489,-0.0
2025-06-23T16:17:46.158405,-1.7321,-0.8604,0.5
2025-06-23T16:17:56.161704,-1.7321,0.1307,0.866
2025-06-23T16:18:06.165206,5.0,6.0607,6.0
2025-06-23T16:18:16.167864,6.7321,6.4943,5.866
2025-06-23T16:18:26.172492,6.7321,6.2287,5.5
2025-06-23T16:18:36.178671,5.0,5.3882,5.0
2025-06-23T16:18:46.200412,3.2679,4.3661,4.5
2025-06-23T16:18:56.204940,3.2679,3.6405,4.134
2025-06-23T16:19:06.209370,5.0,3.5511,4.0
2025-06-23T16:19:16.214170,6.7321,4.1396,4.134
2025-06-23T16:19:26.219835,6.7321,5.1307,4.5
2025-06-23T16:19:36.222724,5.0,6.0607,5.0
2025-06-23T16:19:46.229455,3.2679,6.4943,5.5
2025-06-23T16:19:56.233522,3.2679,6.2287,5.866
2025-06-23T16:20:06.235601,-0.0,0.3882,1.0
2025-06-23T16:20:16.238425,1.7321,-0.6339,0.866
2025-06-23T16:20:26.241154,1.7321,-1.3595,0.5
2025-06-23T16:20:36.243789,-0.0,-1.4489,-0.0
2025-06-23T16:20:46.246343,-1.7321,-0.8604,-0.5
2025-06-23T16:20:56.250350,-1.7321,0.1307,-0.866
2025-06-23T16:21:06.253417,-0.0,1.0607,-1.0
2025-06-23T16:21:16.255641,1.7321,1.4943,-0.866
2025-06-23T16:21:26.260577,1.7321,1.2287,-0.5
2025-06-23T16:21:36.264007,0.0,0.3882,-0.0
2025-06-23T16:21:46.266126,-1.7321,-0.6339,0.5
2025-06-23T16:21:56.268524,-1.7321,-1.3595,0.866
2025-06-23T16:22:06.272089,-0.0,-1.4489,1.0
2025-06-23T16:22:16.275835,1.7321,-0.8604,0.866
2025-06-23T16:22:26.277884,1.7321,0.1307,0.5
2025-06-23T16:22:36.281662,0.0,1.0607,-0.0
2025-06-23T16:22:46.286957,-1.7321,1.4943,-0.5
2025-06-23T16:22:56.288724,-1.7321,1.2287,-0.866
2025-06-23T16:23:06.292213,0.0,0.3882,-1.0
2025-06-23T16:23:16.296434,1.7321,-0.6339,-0.866
2025-06-23T16:23:26.301113,1.7321,-1.3595,-0.5
2025-06-23T16:23:36.305770,0.0,-1.4489,-0.0
2025-06-23T16:23:46.308795,-1.7321,-0.8604,0.5
2025-06-23T16:23:56.311979,-1.7321,0.1307,0.866
2025-06-23T16:24:06.317435,-0.0,1.0607,1.0
2025-06-23T16:24:16.319715,1.7321,1.4943,0.866
2025-06-23T16:24:26.322747,1.7321,1.2287,0.5
2025-06-23T16:24:36.326544,0.0,0.3882,-0.0
2025-06-23T16:24:46.330991,-1.7321,-0.6339,-0.5
2025-06-23T16:24:56.334532,-1.7321,-1.3595,-0.866
2025-06-23T16:25:06.337564,-0.0,-1.4489,-1.0
2025-06-23T16:25:16.339728,1.7321,-0.8604,-0.866
2025-06-23T16:25:26.341914,1.7321,0.1307,-0.5
2025-06-23T16:25:36.346186,0.0,1.0607,-0.0
2025-06-23T16:25:46.351918,-1.7321,1.4943,0.5
2025-06-23T16:25:56.353804,-1.7321,1.2287,0.866
2025-06-23T16:26:06.355572,-0.0,0.3882,1.0
2025-06-23T16:26:16.358309,1.7321,-0.6339,0.866
2025-06-23T16:26:26.363433,1.7321,-1.3595,0.5
2025-06-23T16:26:36.366119,0.0,-1.4489,0.0
2025-06-23T16:26:46.370005,-1.7321,-0.8604,-0.5
2025-06-23T16:26:56.372955,-1.7321,0.1307,-0.866
2025-06-23T16:27:06.376859,0.0,1.0607,-1.0
2025-06-23T16:27:16.381818,1.7321,1.4943,-0.866
2025-06-23T16:27:26.385205,1.7321,1.2287,-0.5
2025-06-23T16:27:36.390911,0.0,0.3882,-0.0
2025-06-23T16:27:46.393402,-1.7321,-0.6339,0.5
2025-06-23T16:27:56.395972,-1.7321,-1.3595,0.866
2025-06-23T16:28:06.399401,-0.0,-1.4489,1.0
2025-06-23T16:28:16.404265,1.7321,-0.8604,0.866
2025-06-23T16:28:26.408115,1.7321,0.1307,0.5
2025-06-23T16:28:36.411850,0.0,1.0607,0.0
2025-06-23T16:28:46.415406,-1.7321,1.4943,-0.5
2025-06-23T16:28:56.419942,-1.7321,1.2287,-0.866
2025-06-23T16:29:06.421459,-0.0,0.3882,-1.0
2025-06-23T16:29:16.424163,1.7321,-0.6339,-0.866
2025-06-23T16:29:26.426723,1.7321,-1.3595,-0.5
2025-06-23T16:29:36.430572,-0.0,-1.4489,-0.0
2025-06-23T16:29:46.433786,-1.7321,-0.8604,0.5
2025-06-23T16:29:56.435920,-1.7321,0.1307,0.866
2025-06-23T16:30:06.439414,-0.0,1.0607,1.0
2025-06-23T16:30:16.441390,1.7321,1.4943,0.866
2025-06-23T16:30:26.443993,1.7321,1.2287,0.5
2025-06-23T16:30:36.447053,0.0,0.3882,0.0
2025-06-23T16:30:46.451377,-1.7321,-0.6339,-0.5
2025-06-23T16:30:56.455978,-1.7321,-1.3595,-0.866
2025-06-23T16:31:06.458647,0.0,-1.4489,-1.0
2025-06-23T16:31:16.461563,1.7321,-0.8604,-0.866
2025-06-23T16:31:26.467096,1.7321,0.1307,-0.5
2025-06-23T16:31:36.600819,0.0,1.0607,-0.0
2025-06-23T16:31:46.603331,-1.7321,1.4943,0.5
2025-06-23T16:31:56.608078,-1.7321,1.2287,0.866
2025-06-23T16:32:06.610430,0.0,0.3882,1.0
2025-06-23T16:32:16.612968,1.7321,-0.6339,0.866
2025-06-23T16:32:26.614635,1.7321,-1.3595,0.5
2025-06-23T16:32:36.619208,0.0,-1.4489,0.0
2025-06-23T16:32:46.624160,-1.7321,-0.8604,-0.5
2025-06-23T16:32:56.625957,-1.7321,0.1307,-0.866
2025-06-23T16:33:06.632364,-0.0,1.0607,-1.0
2025-06-23T16:33:16.635963,1.7321,1.4943,-0.866
2025-06-23T16:33:26.638824,1.7321,1.2287,-0.5
2025-06-23T16:33:36.646020,-0.0,0.3882,-0.0
2025-06-23T16:33:46.648927,-1.7321,-0.6339,0.5
2025-06-23T16:41:17.398645,0.0,1.0607,1.0
2025-06-23T16:41:27.402531,1.7321,1.4943,0.866
2025-06-23T16:41:37.408189,1.7321,1.2287,0.5
2025-06-23T16:41:47.413391,0.0,0.3882,0.0
2025-06-23T16:41:57.418732,-1.7321,-0.6339,-0.5
2025-06-23T16:42:07.423852,-1.7321,-1.3595,-0.866
2025-06-23T16:42:17.425673,-0.0,-1.4489,-1.0
2025-06-23T16:42:27.430600,1.7321,-0.8604,-0.866
2025-06-23T16:42:37.435594,1.7321,0.1307,-0.5
2025-06-23T16:42:47.440027,0.0,1.0607,-0.0
2025-06-23T16:42:57.443585,-1.7321,1.4943,0.5
2025-06-23T16:43:07.451252,-1.7321,1.2287,0.866
2025-06-23T16:43:17.454270,-0.0,0.3882,1.0
2025-06-23T16:43:27.457626,1.7321,-0.6339,0.866
2025-06-23T16:43:37.466920,1.7321,-1.3595,0.5
2025-06-23T16:43:47.470970,0.0,-1.4489,0.0
2025-06-23T16:43:57.474508,-1.7321,-0.8604,-0.5
2025-06-23T16:44:07.479033,-1.7321,0.1307,-0.866
2025-06-23T16:44:17.483053,-0.0,1.0607,-1.0
2025-06-23T16:44:27.486608,1.7321,1.4943,-0.866
2025-06-23T16:44:37.494029,1.7321,1.2287,-0.5
2025-06-23T16:44:47.497823,0.0,0.3882,-0.0
2025-06-23T16:44:57.503085,-1.7321,-0.6339,0.5
2025-06-23T16:45:07.507367,-1.7321,-1.3595,0.866
2025-06-23T16:45:17.511318,-0.0,-1.4489,1.0
2025-06-23T16:45:27.515941,1.7321,-0.8604,0.866
2025-06-23T16:45:37.520790,1.7321,0.1307,0.5
2025-06-23T16:45:47.524139,0.0,1.0607,0.0
2025-06-23T16:45:57.532541,-1.7321,1.4943,-0.5
2025-06-23T16:46:07.539202,-1.7321,1.2287,-0.866
2025-06-23T16:46:17.545534,-0.0,0.3882,-1.0
2025-06-23T16:46:27.554421,1.7321,-0.6339,-0.866
2025-06-23T16:46:37.567129,1.7321,-1.3595,-0.5
2025-06-23T16:46:47.571604,0.0,-1.4489,-0.0
2025-06-23T16:46:57.580561,-1.7321,-0.8604,0.5
2025-06-23T16:47:07.598400,-1.7321,0.1307,0.866
2025-06-23T16:47:17.603414,-0.0,1.0607,1.0
2025-06-23T16:47:27.607970,1.7321,1.4943,0.866
2025-06-23T16:47:37.621661,1.7321,1.2287,0.5
2025-06-23T16:47:47.627731,-0.0,0.3882,-0.0
2025-06-23T16:47:57.630499,-1.7321,-0.6339,-0.5
2025-06-23T16:48:07.636075,-1.7321,-1.3595,-0.866
2025-06-23T16:48:17.639465,-0.0,-1.4489,-1.0
2025-06-23T16:48:27.641517,1.7321,-0.8604,-0.866
2025-06-23T16:48:37.671283,1.7321,0.1307,-0.5
2025-06-23T16:48:47.675288,0.0,1.0607,-0.0
2025-06-23T16:48:57.677434,-1.7321,1.4943,0.5
2025-06-23T16:49:07.751235,-1.7321,1.2287,0.866
2025-06-23T16:49:17.753376,-0.0,0.3882,1.0
2025-06-23T16:49:27.755782,1.7321,-0.6339,0.866
2025-06-23T16:49:37.928170,1.7321,-1.3595,0.5
2025-06-23T16:49:47.930583,-0.0,-1.4489,-0.0
2025-06-23T16:49:57.934896,-1.7321,-0.8604,-0.5
2025-06-23T16:50:07.949111,-1.7321,0.1307,-0.866
2025-06-23T16:50:17.955579,-0.0,1.0607,-1.0
2025-06-23T16:50:27.958953,1.7321,1.4943,-0.866
2025-06-23T16:50:38.136411,1.7321,1.2287,-0.5
2025-06-23T16:50:48.139740,0.0,0.3882,-0.0
2025-06-23T16:50:58.143864,-1.7321,-0.6339,0.5
2025-06-23T16:51:08.146513,-1.7321,-1.3595,0.866
2025-06-23T16:51:18.149099,-0.0,-1.4489,1.0
2025-06-23T16:51:28.151336,1.7321,-0.8604,0.866
2025-06-23T16:51:38.154918,1.7321,0.1307,0.5
2025-06-23T16:51:48.159626,-0.0,1.0607,-0.0
2025-06-23T16:51:58.163349,-1.7321,1.4943,-0.5
2025-06-23T16:55:42.732256,0.0,1.0607,1.0
2025-06-23T16:55:52.737945,1.7321,1.4943,0.866
2025-06-23T16:56:02.742401,1.7321,1.2287,0.5
2025-06-23T16:56:12.747172,0.0,0.3882,0.0
2025-06-23T16:56:22.754163,-1.7321,-0.6339,-0.5
2025-06-23T16:56:32.758680,-1.7321,-1.3595,-0.866
2025-06-23T16:56:42.763509,-0.0,-1.4489,-1.0
2025-06-23T16:56:52.767821,1.7321,-0.8604,-0.866
2025-06-23T16:57:02.772500,1.7321,0.1307,-0.5
2025-06-23T16:57:12.777520,0.0,1.0607,-0.0
2025-06-23T16:57:22.785153,-1.7321,1.4943,0.5
2025-06-23T17:02:31.133019,0.0,1.0607,1.0
2025-06-23T17:02:41.136839,1.7321,1.4943,0.866
2025-06-23T17:02:51.141589,1.7321,1.2287,0.5
2025-06-23T17:03:01.145310,0.0,0.3882,0.0
2025-06-23T17:03:11.151639,-1.7321,-0.6339,-0.5
2025-06-23T17:03:21.155613,-1.7321,-1.3595,-0.866
2025-06-23T17:03:31.165178,-0.0,-1.4489,-1.0
2025-06-23T17:03:41.170713,1.7321,-0.8604,-0.866
2025-06-23T17:03:51.173085,1.7321,0.1307,-0.5
2025-06-23T17:04:01.202812,0.0,1.0607,-0.0
2025-06-23T17:04:11.223244,-1.7321,1.4943,0.5
2025-06-23T17:04:21.226709,-1.7321,1.2287,0.866
2025-06-23T17:04:31.228578,-0.0,0.3882,1.0
2025-06-23T17:04:41.233810,1.7321,-0.6339,0.866
2025-06-23T17:04:51.239261,1.7321,-1.3595,0.5
2025-06-23T17:09:37.383261,0.0,1.0607,1.0
2025-06-23T17:09:47.390611,1.7321,1.4943,0.866
2025-06-23T17:09:57.395843,1.7321,1.2287,0.5
2025-06-23T17:10:07.401044,0.0,0.3882,0.0
2025-06-23T17:10:16.077259,0.0,1.0607,1.0
2025-06-23T17:10:26.085586,1.7321,1.4943,0.866
2025-06-23T17:10:36.092060,1.7321,1.2287,0.5
2025-06-23T17:10:46.097615,0.0,0.3882,0.0
2025-06-23T17:10:56.103448,-1.7321,-0.6339,-0.5
2025-06-23T17:11:06.112209,-1.7321,-1.3595,-0.866
2025-06-23T17:11:16.116425,-0.0,-1.4489,-1.0
2025-06-23T17:11:26.125060,1.7321,-0.8604,-0.866
2025-06-23T17:11:36.133566,1.7321,0.1307,-0.5
2025-06-23T17:11:46.139386,0.0,1.0607,-0.0
2025-06-23T17:11:56.146369,-1.7321,1.4943,0.5
2025-06-23T17:12:05.165478,0.0,1.0607,1.0
2025-06-23T17:12:15.172880,1.7321,1.4943,0.866
2025-06-23T17:12:25.181173,1.7321,1.2287,0.5
2025-06-23T17:12:35.190157,0.0,0.3882,0.0
2025-06-23T17:12:45.192431,-1.7321,-0.6339,-0.5
2025-06-23T17:12:55.203128,-1.7321,-1.3595,-0.866
2025-06-23T17:13:05.209330,-0.0,-1.4489,-1.0
2025-06-23T17:13:15.218511,1.7321,-0.8604,-0.866
2025-06-23T17:13:25.225432,1.7321,0.1307,-0.5
2025-06-23T17:13:35.233783,0.0,1.0607,-0.0
2025-06-23T17:13:45.238541,-1.7321,1.4943,0.5
2025-06-23T17:13:55.243512,-1.7321,1.2287,0.866
2025-06-23T17:14:05.252251,-0.0,0.3882,1.0
2025-06-23T17:14:15.255563,1.7321,-0.6339,0.866
2025-06-23T17:14:25.261973,1.7321,-1.3595,0.5
2025-06-23T17:14:35.269519,0.0,-1.4489,0.0
2025-06-23T17:14:45.273658,-1.7321,-0.8604,-0.5
2025-06-23T17:14:55.280998,-1.7321,0.1307,-0.866
2025-06-23T17:15:05.286282,-0.0,1.0607,-1.0
2025-06-23T17:15:15.292490,1.7321,1.4943,-0.866
2025-06-23T17:15:25.298736,1.7321,1.2287,-0.5
2025-06-23T17:15:35.302102,0.0,0.3882,-0.0
2025-06-23T17:15:45.310069,-1.7321,-0.6339,0.5
2025-06-23T17:15:55.318107,-1.7321,-1.3595,0.866
2025-06-23T17:16:05.325455,-0.0,-1.4489,1.0
2025-06-23T17:16:15.329610,1.7321,-0.8604,0.866
2025-06-23T17:16:25.332424,1.7321,0.1307,0.5
2025-06-23T17:16:35.335806,0.0,1.0607,0.0
2025-06-23T17:16:45.342500,-1.7321,1.4943,-0.5
2025-06-23T17:16:55.346148,-1.7321,1.2287,-0.866
2025-06-23T17:17:05.348050,-0.0,0.3882,-1.0
2025-06-23T17:17:15.349779,1.7321,-0.6339,-0.866
2025-06-23T17:17:25.354972,1.7321,-1.3595,-0.5
2025-06-23T17:17:35.359031,0.0,-1.4489,-0.0
2025-06-23T17:17:45.361203,-1.7321,-0.8604,0.5
2025-06-23T17:17:55.366890,-1.7321,0.1307,0.866
2025-06-23T17:18:05.373561,-0.0,1.0607,1.0
2025-06-23T17:18:15.375486,1.7321,1.4943,0.866
2025-06-23T17:18:25.384311,1.7321,1.2287,0.5
2025-06-23T17:18:35.391116,-0.0,0.3882,-0.0
2025-06-23T17:18:45.398000,-1.7321,-0.6339,-0.5
2025-06-23T17:18:55.404805,-1.7321,-1.3595,-0.866
2025-06-23T17:19:05.409892,-0.0,-1.4489,-1.0
2025-06-23T17:19:15.413559,1.7321,-0.8604,-0.866
2025-06-23T17:19:25.418553,1.7321,0.1307,-0.5
2025-06-23T17:19:35.421159,0.0,1.0607,-0.0
2025-06-23T17:19:45.425398,-1.7321,1.4943,0.5
2025-06-23T17:19:55.428559,-1.7321,1.2287,0.866
2025-06-23T17:20:05.435071,-0.0,0.3882,1.0
2025-06-23T17:20:15.437364,1.7321,-0.6339,0.866
2025-06-23T17:20:25.441733,1.7321,-1.3595,0.5
2025-06-23T17:20:35.447340,-0.0,-1.4489,-0.0
2025-06-23T17:20:45.448816,-1.7321,-0.8604,-0.5
2025-06-23T17:20:55.454562,-1.7321,0.1307,-0.866
2025-06-23T17:21:05.457570,-0.0,1.0607,-1.0
2025-06-23T17:21:15.463411,1.7321,1.4943,-0.866
2025-06-23T17:21:25.471152,1.7321,1.2287,-0.5
2025-06-23T17:21:35.514352,0.0,0.3882,-0.0
2025-06-23T17:21:45.517933,-1.7321,-0.6339,0.5
2025-06-23T17:21:55.520652,-1.7321,-1.3595,0.866
2025-06-23T17:22:05.524259,-0.0,-1.4489,1.0
2025-06-23T17:22:15.527017,1.7321,-0.8604,0.866
2025-06-23T17:22:25.531043,1.7321,0.1307,0.5
2025-06-23T17:22:35.533768,-0.0,1.0607,-0.0
2025-06-23T17:22:45.535615,-1.7321,1.4943,-0.5
2025-06-23T17:22:55.538329,-1.7321,1.2287,-0.866
2025-06-23T17:23:05.540882,-0.0,0.3882,-1.0
2025-06-23T17:23:15.544307,1.7321,-0.6339,-0.866
2025-06-23T17:23:25.547298,1.7321,-1.3595,-0.5
2025-06-23T17:23:35.550271,0.0,-1.4489,-0.0
2025-06-23T17:23:45.552589,-1.7321,-0.8604,0.5
2025-06-23T17:23:55.554119,-1.7321,0.1307,0.866
2025-06-23T17:24:05.555572,5.0,6.0607,6.0
2025-06-23T17:24:15.558711,6.7321,6.4943,5.866
2025-06-23T17:24:25.563750,6.7321,6.2287,5.5
2025-06-23T17:24:35.567770,5.0,5.3882,5.0
2025-06-23T17:24:45.571840,3.2679,4.3661,4.5
2025-06-23T17:24:55.576264,3.2679,3.6405,4.134
2025-06-23T17:25:05.579710,5.0,3.5511,4.0
2025-06-23T17:25:15.581827,6.7321,4.1396,4.134
2025-06-23T17:25:25.586504,6.7321,5.1307,4.5
2025-06-23T17:25:35.591239,5.0,6.0607,5.0
2025-06-23T17:25:45.592763,3.2679,6.4943,5.5
2025-06-23T17:25:55.596768,3.2679,6.2287,5.866
2025-06-23T17:26:05.600161,-0.0,0.3882,1.0
2025-06-23T17:26:15.634104,1.7321,-0.6339,0.866
2025-06-23T17:26:25.637781,1.7321,-1.3595,0.5
2025-06-23T17:26:35.639987,-0.0,-1.4489,-0.0
2025-06-23T17:26:45.642502,-1.7321,-0.8604,-0.5
2025-06-23T17:26:55.667057,-1.7321,0.1307,-0.866
2025-06-23T17:27:05.668441,-0.0,1.0607,-1.0
2025-06-23T17:27:15.671444,1.7321,1.4943,-0.866
2025-06-23T17:27:25.672642,1.7321,1.2287,-0.5
2025-06-23T17:27:35.674264,0.0,0.3882,-0.0
2025-06-23T17:27:45.676614,-1.7321,-0.6339,0.5
2025-06-23T17:27:55.678828,-1.7321,-1.3595,0.866
2025-06-23T17:28:05.682466,-0.0,-1.4489,1.0
2025-06-23T17:28:15.684358,1.7321,-0.8604,0.866
2025-06-23T17:28:25.686715,1.7321,0.1307,0.5
2025-06-23T17:28:35.689638,0.0,1.0607,-0.0
2025-06-23T17:28:45.693227,-1.7321,1.4943,-0.5
2025-06-23T17:28:55.696184,-1.7321,1.2287,-0.866
2025-06-23T17:29:05.699667,0.0,0.3882,-1.0
2025-06-23T17:29:15.702410,1.7321,-0.6339,-0.866
2025-06-23T17:29:25.704354,1.7321,-1.3595,-0.5
2025-06-23T17:29:35.706911,0.0,-1.4489,-0.0
2025-06-23T17:29:45.708914,-1.7321,-0.8604,0.5
2025-06-23T17:29:55.710498,-1.7321,0.1307,0.866
2025-06-23T17:30:05.713652,-0.0,1.0607,1.0
2025-06-23T17:30:15.715740,1.7321,1.4943,0.866
2025-06-23T17:30:25.718023,1.7321,1.2287,0.5
2025-06-23T17:30:35.720255,0.0,0.3882,-0.0
2025-06-23T17:30:45.721990,-1.7321,-0.6339,-0.5
2025-06-23T17:30:55.724883,-1.7321,-1.3595,-0.866
2025-06-23T17:31:05.727337,-0.0,-1.4489,-1.0
2025-06-23T17:31:15.776492,1.7321,-0.8604,-0.866
2025-06-23T17:31:25.781064,1.7321,0.1307,-0.5
2025-06-23T17:31:35.782397,0.0,1.0607,-0.0
2025-06-23T17:31:45.842620,-1.7321,1.4943,0.5
2025-06-23T17:31:55.845692,-1.7321,1.2287,0.866
2025-06-23T17:32:05.848352,-0.0,0.3882,1.0
2025-06-23T17:32:15.903711,1.7321,-0.6339,0.866
2025-06-23T17:32:26.179917,1.7321,-1.3595,0.5
2025-06-23T17:32:36.181321,0.0,-1.4489,0.0
2025-06-23T17:32:46.183416,-1.7321,-0.8604,-0.5
2025-06-23T17:32:56.185305,-1.7321,0.1307,-0.866
2025-06-23T17:33:06.187205,0.0,1.0607,-1.0
2025-06-23T17:33:16.188803,1.7321,1.4943,-0.866
2025-06-23T17:33:26.190396,1.7321,1.2287,-0.5
2025-06-23T17:33:36.192143,0.0,0.3882,-0.0
2025-06-23T17:33:46.205705,-1.7321,-0.6339,0.5
2025-06-23T17:33:56.208333,-1.7321,-1.3595,0.866
2025-06-23T17:34:06.210803,-0.0,-1.4489,1.0
2025-06-23T17:34:16.212306,1.7321,-0.8604,0.866
2025-06-23T17:34:26.214440,1.7321,0.1307,0.5
2025-06-23T17:34:36.216002,0.0,1.0607,0.0
2025-06-23T17:34:46.217539,-1.7321,1.4943,-0.5
2025-06-23T17:34:56.219055,-1.7321,1.2287,-0.866
2025-06-23T17:35:06.221234,-0.0,0.3882,-1.0
2025-06-23T17:35:16.223030,1.7321,-0.6339,-0.866
2025-06-23T17:35:26.224424,1.7321,-1.3595,-0.5
2025-06-23T17:35:36.226585,-0.0,-1.4489,-0.0
2025-06-23T17:35:46.228058,-1.7321,-0.8604,0.5
2025-06-23T17:35:56.230534,-1.7321,0.1307,0.866
2025-06-23T17:36:06.231715,-0.0,1.0607,1.0
2025-06-23T17:36:16.233656,1.7321,1.4943,0.866
2025-06-23T17:36:26.235497,1.7321,1.2287,0.5
2025-06-23T17:36:36.236928,0.0,0.3882,0.0
2025-06-23T17:36:46.238578,-1.7321,-0.6339,-0.5
2025-06-23T17:36:56.244714,-1.7321,-1.3595,-0.866
2025-06-23T17:37:06.247352,0.0,-1.4489,-1.0
2025-06-23T17:37:16.248555,1.7321,-0.8604,-0.866
2025-06-23T17:37:26.250884,1.7321,0.1307,-0.5
2025-06-23T17:37:36.252703,0.0,1.0607,-0.0
2025-06-23T17:37:46.254300,-1.7321,1.4943,0.5
2025-06-23T17:37:56.259656,-1.7321,1.2287,0.866
2025-06-23T17:38:06.261255,0.0,0.3882,1.0
2025-06-23T17:38:16.810695,1.7321,-0.6339,0.866
2025-06-23T17:38:26.826513,1.7321,-1.3595,0.5
2025-06-23T17:38:36.829537,0.0,-1.4489,0.0
2025-06-23T17:38:46.831120,-1.7321,-0.8604,-0.5
2025-06-23T17:38:56.834385,-1.7321,0.1307,-0.866
2025-06-23T17:39:06.835965,-0.0,1.0607,-1.0
2025-06-23T17:39:16.852557,1.7321,1.4943,-0.866
2025-06-23T17:39:26.872712,1.7321,1.2287,-0.5
2025-06-23T17:39:36.875666,-0.0,0.3882,-0.0
2025-06-23T17:39:46.877169,-1.7321,-0.6339,0.5
2025-06-23T17:39:56.879822,-1.7321,-1.3595,0.866
2025-06-23T17:40:06.881603,-0.0,-1.4489,1.0
2025-06-23T17:40:17.228262,1.7321,-0.8604,0.866
2025-06-23T17:40:27.243248,1.7321,0.1307,0.5
2025-06-23T17:40:37.245292,0.0,1.0607,0.0
2025-06-23T17:40:47.247820,-1.7321,1.4943,-0.5
2025-06-23T17:40:57.249672,-1.7321,1.2287,-0.866
2025-06-23T17:41:07.252063,0.0,0.3882,-1.0
2025-06-23T17:41:17.353649,1.7321,-0.6339,-0.866
2025-06-23T17:41:27.400880,1.7321,-1.3595,-0.5
2025-06-23T17:41:37.403820,0.0,-1.4489,-0.0
2025-06-23T17:41:47.405473,-1.7321,-0.8604,0.5
2025-06-23T17:41:57.410832,-1.7321,0.1307,0.866
2025-06-23T17:42:07.421067,-0.0,1.0607,1.0
2025-06-23T17:42:17.637095,1.7321,1.4943,0.866
2025-06-23T17:42:27.697408,1.7321,1.2287,0.5
2025-06-23T17:42:37.745862,0.0,0.3882,0.0
2025-06-23T17:42:48.742212,-1.7321,-0.6339,-0.5
2025-06-23T17:42:58.980773,-1.7321,-1.3595,-0.866
2025-06-23T17:43:08.990316,-0.0,-1.4489,-1.0
2025-06-23T17:43:18.992176,1.7321,-0.8604,-0.866
2025-06-23T17:43:29.032065,1.7321,0.1307,-0.5
2025-06-23T17:43:39.035916,-0.0,1.0607,-0.0
2025-06-23T17:43:49.037673,-1.7321,1.4943,0.5
2025-06-23T17:43:59.081704,-1.7321,1.2287,0.866
2025-06-23T17:44:09.084523,-0.0,0.3882,1.0
2025-06-23T17:44:19.086848,1.7321,-0.6339,0.866
2025-06-23T17:44:29.148332,1.7321,-1.3595,0.5
2025-06-23T17:44:39.153073,0.0,-1.4489,0.0
2025-06-23T17:44:49.154670,-1.7321,-0.8604,-0.5
2025-06-23T17:44:59.157884,-1.7321,0.1307,-0.866
2025-06-23T17:45:09.161692,-0.0,1.0607,-1.0
2025-06-23T17:45:19.163250,1.7321,1.4943,-0.866
2025-06-23T17:45:29.331746,1.7321,1.2287,-0.5
2025-06-23T17:45:39.334556,0.0,0.3882,-0.0
2025-06-23T17:45:49.336686,-1.7321,-0.6339,0.5
2025-06-23T17:45:59.773629,-1.7321,-1.3595,0.866
2025-06-23T17:46:09.777092,0.0,-1.4489,1.0
2025-06-23T17:46:19.779084,1.7321,-0.8604,0.866
2025-06-23T17:46:29.812198,1.7321,0.1307,0.5
2025-06-23T17:46:39.815363,0.0,1.0607,0.0
2025-06-23T17:46:49.817334,-1.7321,1.4943,-0.5
2025-06-23T17:46:59.841797,-1.7321,1.2287,-0.866
2025-06-23T17:47:09.845143,-0.0,0.3882,-1.0
2025-06-23T17:47:19.847854,1.7321,-0.6339,-0.866
2025-06-23T17:47:29.978681,1.7321,-1.3595,-0.5
2025-06-23T17:47:39.982098,-0.0,-1.4489,-0.0
2025-06-23T17:47:49.983582,-1.7321,-0.8604,0.5
2025-06-23T17:48:00.007646,-1.7321,0.1307,0.866
2025-06-23T17:48:10.168619,-0.0,1.0607,1.0
2025-06-23T17:48:20.172040,1.7321,1.4943,0.866
2025-06-23T17:48:30.663818,1.7321,1.2287,0.5
2025-06-23T17:48:40.730058,0.0,0.3882,0.0
2025-06-23T17:48:50.731814,-1.7321,-0.6339,-0.5
2025-06-23T17:49:01.161335,-1.7321,-1.3595,-0.866
2025-06-23T17:49:11.163944,-0.0,-1.4489,-1.0
2025-06-23T17:49:21.165435,1.7321,-0.8604,-0.866
2025-06-23T17:49:31.167080,1.7321,0.1307,-0.5
2025-06-23T17:49:41.169367,0.0,1.0607,-0.0
2025-06-23T17:49:51.171800,-1.7321,1.4943,0.5
2025-06-23T17:50:01.174228,-1.7321,1.2287,0.866
2025-06-23T17:50:11.176399,-0.0,0.3882,1.0
2025-06-23T17:50:21.178793,1.7321,-0.6339,0.866
2025-06-23T17:50:31.180191,1.7321,-1.3595,0.5
2025-06-23T17:50:41.182754,0.0,-1.4489,0.0
2025-06-23T17:50:51.185060,-1.7321,-0.8604,-0.5
2025-06-23T17:51:01.187282,-1.7321,0.1307,-0.866
2025-06-23T17:51:11.189723,-0.0,1.0607,-1.0
2025-06-23T17:51:21.192443,1.7321,1.4943,-0.866
2025-06-23T17:51:31.195338,1.7321,1.2287,-0.5
2025-06-23T17:51:41.197894,-0.0,0.3882,-0.0
2025-06-23T17:51:51.199931,-1.7321,-0.6339,0.5
2025-06-23T17:52:01.545052,-1.7321,-1.3595,0.866
2025-06-23T17:52:11.548242,-0.0,-1.4489,1.0
2025-06-23T17:52:21.551001,1.7321,-0.8604,0.866
2025-06-23T17:52:31.667710,1.7321,0.1307,0.5
2025-06-23T17:52:41.670607,0.0,1.0607,0.0
2025-06-23T17:52:51.672206,-1.7321,1.4943,-0.5
2025-06-23T17:53:01.695933,-1.7321,1.2287,-0.866
2025-06-23T17:53:11.705156,-0.0,0.3882,-1.0
2025-06-23T17:53:21.707742,1.7321,-0.6339,-0.866
2025-06-23T17:53:31.774866,1.7321,-1.3595,-0.5
2025-06-23T17:53:41.777432,-0.0,-1.4489,0.0
2025-06-23T17:53:51.780438,-1.7321,-0.8604,0.5
2025-06-23T17:54:01.797403,-1.7321,0.1307,0.866
2025-06-23T17:54:11.856763,0.0,1.0607,1.0
2025-06-23T17:54:21.858827,1.7321,1.4943,0.866
2025-06-23T17:54:31.917226,1.7321,1.2287,0.5
2025-06-23T17:54:41.920247,0.0,0.3882,0.0
2025-06-23T17:54:51.921871,-1.7321,-0.6339,-0.5
2025-06-23T17:55:01.977425,-1.7321,-1.3595,-0.866
2025-06-23T17:55:11.980420,-0.0,-1.4489,-1.0
2025-06-23T17:55:21.982838,1.7321,-0.8604,-0.866
2025-06-23T17:55:32.000524,1.7321,0.1307,-0.5
2025-06-23T17:55:42.003684,0.0,1.0607,-0.0
2025-06-23T17:55:52.005719,-1.7321,1.4943,0.5
2025-06-23T17:56:02.251236,-1.7321,1.2287,0.866
2025-06-23T17:56:12.254054,-0.0,0.3882,1.0
2025-06-23T17:56:22.255734,1.7321,-0.6339,0.866
2025-06-23T17:56:32.289061,1.7321,-1.3595,0.5
2025-06-23T17:56:42.291596,-0.0,-1.4489,0.0
2025-06-23T17:56:52.294038,-1.7321,-0.8604,-0.5
2025-06-23T17:57:02.295789,-1.7321,0.1307,-0.866
2025-06-23T17:57:12.318286,-0.0,1.0607,-1.0
2025-06-23T17:57:22.320715,1.7321,1.4943,-0.866
2025-06-23T17:57:32.348147,1.7321,1.2287,-0.5
2025-06-23T17:57:42.350948,0.0,0.3882,-0.0
2025-06-23T17:57:52.353515,-1.7321,-0.6339,0.5
2025-06-23T17:58:02.387935,-1.7321,-1.3595,0.866
2025-06-23T17:58:12.390941,-0.0,-1.4489,1.0
2025-06-23T17:58:22.393270,1.7321,-0.8604,0.866
2025-06-23T17:58:32.416104,1.7321,0.1307,0.5
2025-06-23T17:58:42.418932,0.0,1.0607,0.0
2025-06-23T17:58:52.421417,-1.7321,1.4943,-0.5
2025-06-23T17:59:02.430925,-1.7321,1.2287,-0.866
2025-06-23T17:59:12.433385,0.0,0.3882,-1.0
2025-06-23T17:59:22.435150,1.7321,-0.6339,-0.866
2025-06-23T17:59:32.436994,1.7321,-1.3595,-0.5
2025-06-23T17:59:42.442030,0.0,-1.4489,-0.0
2025-06-23T17:59:52.444422,-1.7321,-0.8604,0.5
2025-06-23T18:00:02.583310,-1.7321,0.1307,0.866
2025-06-23T18:00:12.585985,-0.0,1.0607,1.0
2025-06-23T18:00:22.587642,1.7321,1.4943,0.866
2025-06-23T18:00:32.690527,1.7321,1.2287,0.5
2025-06-23T18:00:42.693546,0.0,0.3882,0.0
2025-06-23T18:00:52.695462,-1.7321,-0.6339,-0.5
2025-06-23T18:01:02.706084,-1.7321,-1.3595,-0.866
2025-06-23T18:01:12.708947,-0.0,-1.4489,-1.0
2025-06-23T18:01:22.712350,1.7321,-0.8604,-0.866
2025-06-23T18:01:32.955136,1.7321,0.1307,-0.5
2025-06-23T18:01:42.958270,-0.0,1.0607,0.0
2025-06-23T18:01:52.959950,-1.7321,1.4943,0.5
2025-06-23T18:02:03.009439,-1.7321,1.2287,0.866
2025-06-23T18:02:13.054251,0.0,0.3882,1.0
2025-06-23T18:02:23.056744,1.7321,-0.6339,0.866
2025-06-23T18:02:33.065280,1.7321,-1.3595,0.5
2025-06-23T18:02:43.074100,0.0,-1.4489,0.0
2025-06-23T18:02:53.075926,-1.7321,-0.8604,-0.5
2025-06-23T18:03:03.100808,-1.7321,0.1307,-0.866
2025-06-23T18:03:13.104181,-0.0,1.0607,-1.0
2025-06-23T18:03:23.106357,1.7321,1.4943,-0.866
2025-06-23T18:03:33.122259,1.7321,1.2287,-0.5
2025-06-23T18:03:43.125055,0.0,0.3882,-0.0
2025-06-23T18:03:53.126673,-1.7321,-0.6339,0.5
2025-06-23T18:04:03.131441,-1.7321,-1.3595,0.866
2025-06-23T18:04:13.135240,0.0,-1.4489,1.0
2025-06-23T18:04:23.136730,1.7321,-0.8604,0.866
2025-06-23T18:04:33.189763,1.7321,0.1307,0.5
2025-06-23T18:04:43.193371,-0.0,1.0607,0.0
2025-06-23T18:04:53.195912,-1.7321,1.4943,-0.5
2025-06-23T18:05:03.237236,-1.7321,1.2287,-0.866
2025-06-23T18:05:13.239881,-0.0,0.3882,-1.0
2025-06-23T18:05:23.242355,1.7321,-0.6339,-0.866
2025-06-23T18:05:33.262633,1.7321,-1.3595,-0.5
2025-06-23T18:05:43.265726,0.0,-1.4489,-0.0
2025-06-23T18:05:53.268041,-1.7321,-0.8604,0.5
2025-06-23T18:06:03.381828,-1.7321,0.1307,0.866
2025-06-23T18:06:13.383868,-0.0,1.0607,1.0
2025-06-23T18:06:23.385937,1.7321,1.4943,0.866
2025-06-23T18:06:33.388399,1.7321,1.2287,0.5
2025-06-23T18:06:43.390881,0.0,0.3882,0.0
2025-06-23T18:06:53.392934,-1.7321,-0.6339,-0.5
2025-06-23T18:07:03.418805,-1.7321,-1.3595,-0.866
2025-06-23T18:07:13.422136,0.0,-1.4489,-1.0
2025-06-23T18:07:23.423773,1.7321,-0.8604,-0.866
2025-06-23T18:07:33.425345,1.7321,0.1307,-0.5
2025-06-23T18:07:43.427996,0.0,1.0607,-0.0
2025-06-23T18:07:53.430702,-1.7321,1.4943,0.5
2025-06-23T18:08:03.432107,-1.7321,1.2287,0.866
2025-06-23T18:08:13.434520,-0.0,0.3882,1.0
2025-06-23T18:08:23.436818,1.7321,-0.6339,0.866
2025-06-23T18:08:33.438826,1.7321,-1.3595,0.5
2025-06-23T18:08:43.441125,0.0,-1.4489,0.0
2025-06-23T18:08:53.443026,-1.7321,-0.8604,-0.5
2025-06-23T18:09:03.474386,-1.7321,0.1307,-0.866
2025-06-23T18:09:13.477234,-0.0,1.0607,-1.0
2025-06-23T18:09:23.479457,1.7321,1.4943,-0.866
2025-06-23T18:09:33.576454,1.7321,1.2287,-0.5
2025-06-23T18:09:43.617268,-0.0,0.3882,0.0
2025-06-23T18:09:53.619642,-1.7321,-0.6339,0.5
2025-06-23T18:10:03.655984,-1.7321,-1.3595,0.866
2025-06-23T18:10:13.658474,0.0,-1.4489,1.0
2025-06-23T18:10:23.659904,1.7321,-0.8604,0.866
2025-06-23T18:10:33.720312,1.7321,0.1307,0.5
2025-06-23T18:10:43.723069,0.0,1.0607,0.0
2025-06-23T18:10:53.725503,-1.7321,1.4943,-0.5
2025-06-23T18:11:03.755563,-1.7321,1.2287,-0.866
2025-06-23T18:11:13.758158,-0.0,0.3882,-1.0
2025-06-23T18:11:23.760131,1.7321,-0.6339,-0.866
2025-06-23T18:11:33.762705,1.7321,-1.3595,-0.5
2025-06-23T18:11:43.765296,0.0,-1.4489,-0.0
2025-06-23T18:11:53.766802,-1.7321,-0.8604,0.5
2025-06-23T18:12:03.926695,-1.7321,0.1307,0.866
2025-06-23T18:12:13.929632,-0.0,1.0607,1.0
2025-06-23T18:12:23.931413,1.7321,1.4943,0.866
2025-06-23T18:12:33.933179,1.7321,1.2287,0.5
2025-06-23T18:12:43.935667,-0.0,0.3882,0.0
2025-06-23T18:12:53.938153,-1.7321,-0.6339,-0.5
2025-06-23T18:13:03.939639,-1.7321,-1.3595,-0.866
2025-06-23T18:13:13.941872,-0.0,-1.4489,-1.0
2025-06-23T18:13:23.944213,1.7321,-0.8604,-0.866
2025-06-23T18:13:33.946934,1.7321,0.1307,-0.5
2025-06-23T18:13:43.949360,0.0,1.0607,-0.0
2025-06-23T18:13:53.951437,-1.7321,1.4943,0.5
2025-06-23T18:14:03.954807,-1.7321,1.2287,0.866
2025-06-23T18:14:13.957354,-0.0,0.3882,1.0
2025-06-23T18:14:23.959649,1.7321,-0.6339,0.866
2025-06-23T18:14:33.961905,1.7321,-1.3595,0.5
2025-06-23T18:14:43.964414,0.0,-1.4489,0.0
2025-06-23T18:14:53.966765,-1.7321,-0.8604,-0.5
2025-06-23T18:15:04.109976,-1.7321,0.1307,-0.866
2025-06-23T18:15:14.112500,0.0,1.0607,-1.0
2025-06-23T18:15:24.114899,1.7321,1.4943,-0.866
2025-06-23T18:15:34.242272,1.7321,1.2287,-0.5
2025-06-23T18:15:44.245242,0.0,0.3882,-0.0
2025-06-23T18:15:54.248433,-1.7321,-0.6339,0.5
2025-06-23T18:16:04.367102,-1.7321,-1.3595,0.866
2025-06-23T18:16:14.374509,-0.0,-1.4489,1.0
2025-06-23T18:16:24.376739,1.7321,-0.8604,0.866
2025-06-23T18:16:34.527680,1.7321,0.1307,0.5
2025-06-23T18:16:44.529430,0.0,1.0607,0.0
2025-06-23T18:16:54.534043,-1.7321,1.4943,-0.5
2025-06-23T18:17:04.551667,-1.7321,1.2287,-0.866
2025-06-23T18:17:14.554189,-0.0,0.3882,-1.0
2025-06-23T18:17:24.556359,1.7321,-0.6339,-0.866
2025-06-23T18:17:34.562637,1.7321,-1.3595,-0.5
2025-06-23T18:17:44.564729,-0.0,-1.4489,-0.0
2025-06-23T18:17:54.566352,-1.7321,-0.8604,0.5
2025-06-23T18:18:04.594857,-1.7321,0.1307,0.866
2025-06-23T18:18:14.597385,-0.0,1.0607,1.0
2025-06-23T18:18:24.598971,1.7321,1.4943,0.866
2025-06-23T18:18:34.628472,1.7321,1.2287,0.5
2025-06-23T18:18:44.630922,0.0,0.3882,0.0
2025-06-23T18:18:54.632136,-1.7321,-0.6339,-0.5
2025-06-23T18:19:04.655257,-1.7321,-1.3595,-0.866
2025-06-23T18:19:14.657629,-0.0,-1.4489,-1.0
2025-06-23T18:19:24.660425,1.7321,-0.8604,-0.866
2025-06-23T18:19:34.688693,1.7321,0.1307,-0.5
2025-06-23T18:19:44.690764,0.0,1.0607,-0.0
2025-06-23T18:19:54.692636,-1.7321,1.4943,0.5
2025-06-23T18:20:04.810285,-1.7321,1.2287,0.866
2025-06-23T18:20:14.812541,0.0,0.3882,1.0
2025-06-23T18:20:24.815501,1.7321,-0.6339,0.866
2025-06-23T18:20:34.896392,1.7321,-1.3595,0.5
2025-06-23T18:20:44.899410,-0.0,-1.4489,0.0
2025-06-23T18:20:54.900962,-1.7321,-0.8604,-0.5
2025-06-23T18:21:04.940472,-1.7321,0.1307,-0.866
2025-06-23T18:21:14.948455,-0.0,1.0607,-1.0
2025-06-23T18:21:24.951456,1.7321,1.4943,-0.866
2025-06-23T18:21:34.987933,1.7321,1.2287,-0.5
2025-06-23T18:21:44.990416,0.0,0.3882,-0.0
2025-06-23T18:21:54.992906,-1.7321,-0.6339,0.5
2025-06-23T18:22:05.032424,-1.7321,-1.3595,0.866
2025-06-23T18:22:15.034976,-0.0,-1.4489,1.0
2025-06-23T18:22:25.036510,1.7321,-0.8604,0.866
2025-06-23T18:22:35.044631,1.7321,0.1307,0.5
2025-06-23T18:22:45.047481,0.0,1.0607,0.0
2025-06-23T18:22:55.049401,-1.7321,1.4943,-0.5
2025-06-23T18:23:05.193800,-1.7321,1.2287,-0.866
2025-06-23T18:23:15.197974,0.0,0.3882,-1.0
2025-06-23T18:23:25.199435,1.7321,-0.6339,-0.866
2025-06-23T18:23:35.219470,1.7321,-1.3595,-0.5
2025-06-23T18:23:45.222573,0.0,-1.4489,-0.0
2025-06-23T18:23:55.224132,-1.7321,-0.8604,0.5
2025-06-23T18:24:05.307058,-1.7321,0.1307,0.866
2025-06-23T18:24:15.310716,-0.0,1.0607,1.0
2025-06-23T18:24:25.312510,1.7321,1.4943,0.866
2025-06-23T18:24:35.341482,1.7321,1.2287,0.5
2025-06-23T18:24:45.384019,0.0,0.3882,0.0
2025-06-23T18:24:55.386910,-1.7321,-0.6339,-0.5
2025-06-23T18:25:05.479378,-1.7321,-1.3595,-0.866
2025-06-23T18:25:15.482710,-0.0,-1.4489,-1.0
2025-06-23T18:25:25.485005,1.7321,-0.8604,-0.866
2025-06-23T18:25:35.530408,1.7321,0.1307,-0.5
2025-06-23T18:25:45.533117,-0.0,1.0607,-0.0
2025-06-23T18:25:55.535119,-1.7321,1.4943,0.5
2025-06-23T18:26:05.544148,-1.7321,1.2287,0.866
2025-06-23T18:26:15.546866,-0.0,0.3882,1.0
2025-06-23T18:26:25.549266,1.7321,-0.6339,0.866
2025-06-23T18:26:35.575288,1.7321,-1.3595,0.5
2025-06-23T18:26:45.611938,0.0,-1.4489,0.0
2025-06-23T18:26:55.614109,-1.7321,-0.8604,-0.5
2025-06-23T18:27:05.860581,-1.7321,0.1307,-0.866
2025-06-23T18:27:15.864679,-0.0,1.0607,-1.0
2025-06-23T18:27:25.867174,1.7321,1.4943,-0.866
2025-06-23T18:27:35.875211,1.7321,1.2287,-0.5
2025-06-23T18:27:46.083163,0.0,0.3882,-0.0
2025-06-23T18:27:56.084699,-1.7321,-0.6339,0.5
2025-06-23T18:28:06.086207,-1.7321,-1.3595,0.866
2025-06-23T18:28:16.088520,-0.0,-1.4489,1.0
2025-06-23T18:28:26.091056,1.7321,-0.8604,0.866
2025-06-23T18:28:36.093798,1.7321,0.1307,0.5
2025-06-23T18:28:46.096869,0.0,1.0607,0.0
2025-06-23T18:28:56.099376,-1.7321,1.4943,-0.5
2025-06-23T18:29:06.100758,-1.7321,1.2287,-0.866
2025-06-23T18:29:16.103138,-0.0,0.3882,-1.0
2025-06-23T18:29:26.105649,1.7321,-0.6339,-0.866
2025-06-23T18:29:36.108911,1.7321,-1.3595,-0.5
2025-06-23T18:29:46.111617,0.0,-1.4489,-0.0
2025-06-23T18:29:56.113133,-1.7321,-0.8604,0.5
2025-06-23T18:30:06.115488,-1.7321,0.1307,0.866
2025-06-23T18:30:16.117895,-0.0,1.0607,1.0
2025-06-23T18:30:26.119556,1.7321,1.4943,0.866
2025-06-23T18:30:36.156557,1.7321,1.2287,0.5
2025-06-23T18:30:46.159263,0.0,0.3882,0.0
2025-06-23T18:30:56.161042,-1.7321,-0.6339,-0.5
2025-06-23T18:31:06.213440,-1.7321,-1.3595,-0.866
2025-06-23T18:31:16.216863,0.0,-1.4489,-1.0
2025-06-23T18:31:26.219448,1.7321,-0.8604,-0.866
2025-06-23T18:31:36.294716,1.7321,0.1307,-0.5
2025-06-23T18:31:46.297077,0.0,1.0607,-0.0
2025-06-23T18:31:56.298836,-1.7321,1.4943,0.5
2025-06-23T18:32:06.380215,-1.7321,1.2287,0.866
2025-06-23T18:32:16.383126,-0.0,0.3882,1.0
2025-06-23T18:32:26.385980,1.7321,-0.6339,0.866
2025-06-23T18:32:36.423790,1.7321,-1.3595,0.5
2025-06-23T18:32:46.426120,0.0,-1.4489,0.0
2025-06-23T18:32:56.427900,-1.7321,-0.8604,-0.5
2025-06-23T18:33:06.866761,-1.7321,0.1307,-0.866
2025-06-23T18:33:17.169650,-0.0,1.0607,-1.0
2025-06-23T18:33:27.172195,1.7321,1.4943,-0.866
2025-06-23T18:33:37.181500,1.7321,1.2287,-0.5
2025-06-23T18:33:47.186095,0.0,0.3882,-0.0
2025-06-23T18:33:57.188471,-1.7321,-0.6339,0.5
2025-06-23T18:34:07.240102,-1.7321,-1.3595,0.866
2025-06-23T18:34:17.265081,-0.0,-1.4489,1.0
2025-06-23T18:34:27.267327,1.7321,-0.8604,0.866
2025-06-23T18:34:37.313440,1.7321,0.1307,0.5
2025-06-23T18:34:47.320305,0.0,1.0607,0.0
2025-06-23T18:34:57.321895,-1.7321,1.4943,-0.5
2025-06-23T18:35:07.324077,-1.7321,1.2287,-0.866
2025-06-23T18:35:17.343496,0.0,0.3882,-1.0
2025-06-23T18:35:27.344906,1.7321,-0.6339,-0.866
2025-06-23T18:35:37.346175,1.7321,-1.3595,-0.5
2025-06-23T18:35:47.348461,-0.0,-1.4489,0.0
2025-06-23T18:35:57.349714,-1.7321,-0.8604,0.5
2025-06-23T18:36:07.356446,-1.7321,0.1307,0.866
2025-06-23T18:36:17.358380,0.0,1.0607,1.0
2025-06-23T18:36:27.360058,1.7321,1.4943,0.866
2025-06-23T18:36:37.362581,1.7321,1.2287,0.5
2025-06-23T18:36:47.364225,0.0,0.3882,0.0
2025-06-23T18:36:57.365834,-1.7321,-0.6339,-0.5
2025-06-23T18:37:07.366987,-1.7321,-1.3595,-0.866
2025-06-23T18:37:17.369236,-0.0,-1.4489,-1.0
2025-06-23T18:37:27.370708,1.7321,-0.8604,-0.866
2025-06-23T18:37:37.376840,1.7321,0.1307,-0.5
2025-06-23T18:37:47.379884,0.0,1.0607,-0.0
2025-06-23T18:37:57.382770,-1.7321,1.4943,0.5
2025-06-23T18:38:07.391311,-1.7321,1.2287,0.866
2025-06-23T18:38:17.393683,-0.0,0.3882,1.0
2025-06-23T18:38:27.396084,1.7321,-0.6339,0.866
2025-06-23T18:38:37.418389,1.7321,-1.3595,0.5
2025-06-23T18:38:47.421703,0.0,-1.4489,0.0
2025-06-23T18:38:57.424026,-1.7321,-0.8604,-0.5
2025-06-23T18:39:07.474565,-1.7321,0.1307,-0.866
2025-06-23T18:39:17.476894,-0.0,1.0607,-1.0
2025-06-23T18:39:27.479099,1.7321,1.4943,-0.866
2025-06-23T18:39:37.526128,1.7321,1.2287,-0.5
2025-06-23T18:39:47.528235,0.0,0.3882,-0.0
2025-06-23T18:39:57.529730,-1.7321,-0.6339,0.5
2025-06-23T18:40:07.569539,-1.7321,-1.3595,0.866
2025-06-23T18:40:17.572532,-0.0,-1.4489,1.0
2025-06-23T18:40:27.574078,1.7321,-0.8604,0.866
2025-06-23T18:40:37.592147,1.7321,0.1307,0.5
2025-06-23T18:40:47.595513,-0.0,1.0607,-0.0
2025-06-23T18:40:57.597680,-1.7321,1.4943,-0.5
2025-06-23T18:41:07.616017,-1.7321,1.2287,-0.866
2025-06-23T18:41:17.619218,0.0,0.3882,-1.0
2025-06-23T18:41:27.621639,1.7321,-0.6339,-0.866
2025-06-23T18:41:37.665199,1.7321,-1.3595,-0.5
2025-06-23T18:41:47.667506,-0.0,-1.4489,-0.0
2025-06-23T18:41:57.668862,-1.7321,-0.8604,0.5
2025-06-23T18:42:07.767073,-1.7321,0.1307,0.866
2025-06-23T18:42:17.770803,-0.0,1.0607,1.0
2025-06-23T18:42:27.773213,1.7321,1.4943,0.866
2025-06-23T18:42:37.795779,1.7321,1.2287,0.5
2025-06-23T18:42:47.798088,0.0,0.3882,0.0
2025-06-23T18:42:57.799138,-1.7321,-0.6339,-0.5
2025-06-23T18:43:07.807774,-1.7321,-1.3595,-0.866
2025-06-23T18:43:17.810710,-0.0,-1.4489,-1.0
2025-06-23T18:43:27.812356,1.7321,-0.8604,-0.866
2025-06-23T18:43:37.898110,1.7321,0.1307,-0.5
2025-06-23T18:43:47.901661,0.0,1.0607,-0.0
2025-06-23T18:43:57.904069,-1.7321,1.4943,0.5
2025-06-23T18:44:07.918139,-1.7321,1.2287,0.866
2025-06-23T18:44:17.921442,-0.0,0.3882,1.0
2025-06-23T18:44:27.923510,1.7321,-0.6339,0.866
2025-06-23T18:44:37.928117,1.7321,-1.3595,0.5
2025-06-23T18:44:48.012892,0.0,-1.4489,0.0
2025-06-23T18:44:58.014818,-1.7321,-0.8604,-0.5
2025-06-23T18:45:08.043978,-1.7321,0.1307,-0.866
2025-06-23T18:45:18.057539,-0.0,1.0607,-1.0
2025-06-23T18:45:28.059405,1.7321,1.4943,-0.866
2025-06-23T18:45:38.101643,1.7321,1.2287,-0.5
2025-06-23T18:45:48.104655,-0.0,0.3882,0.0
2025-06-23T18:45:58.106292,-1.7321,-0.6339,0.5
2025-06-23T18:46:08.153371,-1.7321,-1.3595,0.866
2025-06-23T18:46:18.156310,0.0,-1.4489,1.0
2025-06-23T18:46:28.158865,1.7321,-0.8604,0.866
2025-06-23T18:46:38.160194,1.7321,0.1307,0.5
2025-06-23T18:46:48.163359,-0.0,1.0607,0.0
2025-06-23T18:46:58.165385,-1.7321,1.4943,-0.5
2025-06-23T18:47:08.204011,-1.7321,1.2287,-0.866
2025-06-23T18:47:18.208001,-0.0,0.3882,-1.0
2025-06-23T18:47:28.209770,1.7321,-0.6339,-0.866
2025-06-23T18:47:38.400384,1.7321,-1.3595,-0.5
2025-06-23T18:47:48.403857,0.0,-1.4489,-0.0
2025-06-23T18:47:58.406665,-1.7321,-0.8604,0.5
2025-06-23T18:48:08.480369,-1.7321,0.1307,0.866
2025-06-23T18:48:18.484996,-0.0,1.0607,1.0
2025-06-23T18:48:28.486442,1.7321,1.4943,0.866
2025-06-23T18:48:38.504008,1.7321,1.2287,0.5
2025-06-23T18:48:48.506407,0.0,0.3882,0.0
2025-06-23T18:48:58.508694,-1.7321,-0.6339,-0.5
2025-06-23T18:49:08.534585,-1.7321,-1.3595,-0.866
2025-06-23T18:49:18.538813,-0.0,-1.4489,-1.0
2025-06-23T18:49:28.541643,1.7321,-0.8604,-0.866
2025-06-23T18:49:38.557826,1.7321,0.1307,-0.5
2025-06-23T18:49:48.559964,0.0,1.0607,-0.0
2025-06-23T18:49:58.562432,-1.7321,1.4943,0.5
2025-06-23T18:50:08.714352,-1.7321,1.2287,0.866
2025-06-23T18:50:18.716978,-0.0,0.3882,1.0
2025-06-23T18:50:28.719377,1.7321,-0.6339,0.866
2025-06-23T18:50:38.819363,1.7321,-1.3595,0.5
2025-06-23T18:50:48.836837,0.0,-1.4489,0.0
2025-06-23T18:50:58.838700,-1.7321,-0.8604,-0.5
2025-06-23T18:51:08.883492,-1.7321,0.1307,-0.866
2025-06-23T18:51:18.897631,0.0,1.0607,-1.0
2025-06-23T18:51:28.899104,1.7321,1.4943,-0.866
2025-06-23T18:51:38.924556,1.7321,1.2287,-0.5
2025-06-23T18:51:48.927300,-0.0,0.3882,0.0
2025-06-23T18:51:58.931051,-1.7321,-0.6339,0.5
2025-06-23T18:52:09.084445,-1.7321,-1.3595,0.866
2025-06-23T18:52:19.087590,0.0,-1.4489,1.0
2025-06-23T18:52:29.089819,1.7321,-0.8604,0.866
2025-06-23T18:52:39.122047,1.7321,0.1307,0.5
2025-06-23T18:52:49.125083,0.0,1.0607,0.0
2025-06-23T18:52:59.126462,-1.7321,1.4943,-0.5
2025-06-23T18:53:09.147744,-1.7321,1.2287,-0.866
2025-06-23T18:53:19.149766,-0.0,0.3882,-1.0
2025-06-23T18:53:29.152735,1.7321,-0.6339,-0.866
2025-06-23T18:53:39.169080,1.7321,-1.3595,-0.5
2025-06-23T18:53:49.178223,0.0,-1.4489,-0.0
2025-06-23T18:53:59.179813,-1.7321,-0.8604,0.5
2025-06-23T18:54:09.186787,-1.7321,0.1307,0.866
2025-06-23T18:54:19.189619,-0.0,1.0607,1.0
2025-06-23T18:54:29.191475,1.7321,1.4943,0.866
2025-06-23T18:54:39.212703,1.7321,1.2287,0.5
2025-06-23T18:54:49.216184,0.0,0.3882,0.0
2025-06-23T18:54:59.218728,-1.7321,-0.6339,-0.5
2025-06-23T18:55:09.286387,-1.7321,-1.3595,-0.866
2025-06-23T18:55:19.290387,-0.0,-1.4489,-1.0
2025-06-23T18:55:29.292115,1.7321,-0.8604,-0.866
2025-06-23T18:55:39.531188,1.7321,0.1307,-0.5
2025-06-23T18:55:49.534940,0.0,1.0607,-0.0
2025-06-23T18:55:59.536590,-1.7321,1.4943,0.5
2025-06-23T18:56:09.569031,-1.7321,1.2287,0.866
2025-06-23T18:56:19.571566,0.0,0.3882,1.0
2025-06-23T18:56:29.572957,1.7321,-0.6339,0.866
2025-06-23T18:56:39.586060,1.7321,-1.3595,0.5
2025-06-23T18:56:49.588461,-0.0,-1.4489,-0.0
2025-06-23T18:56:59.590201,-1.7321,-0.8604,-0.5
2025-06-23T18:57:09.596307,-1.7321,0.1307,-0.866
2025-06-23T18:57:19.607452,0.0,1.0607,-1.0
2025-06-23T18:57:29.609278,1.7321,1.4943,-0.866
2025-06-23T18:57:39.638747,1.7321,1.2287,-0.5
2025-06-23T18:57:49.642116,0.0,0.3882,-0.0
2025-06-23T18:57:59.643658,-1.7321,-0.6339,0.5
2025-06-23T18:58:09.671874,-1.7321,-1.3595,0.866
2025-06-23T18:58:19.675286,-0.0,-1.4489,1.0
2025-06-23T18:58:29.677790,1.7321,-0.8604,0.866
2025-06-23T18:58:39.885238,1.7321,0.1307,0.5
2025-06-23T18:58:49.928882,0.0,1.0607,0.0
2025-06-23T18:58:59.930510,-1.7321,1.4943,-0.5
2025-06-23T18:59:09.941575,-1.7321,1.2287,-0.866
2025-06-23T18:59:19.944471,-0.0,0.3882,-1.0
2025-06-23T18:59:29.946186,1.7321,-0.6339,-0.866
2025-06-23T18:59:39.951015,1.7321,-1.3595,-0.5
2025-06-23T18:59:49.953944,0.0,-1.4489,-0.0
2025-06-23T18:59:59.955389,-1.7321,-0.8604,0.5
2025-06-23T19:00:09.958056,-1.7321,0.1307,0.866
2025-06-23T19:00:20.024858,-0.0,1.0607,1.0
2025-06-23T19:00:30.026829,1.7321,1.4943,0.866
2025-06-23T19:00:40.143882,1.7321,1.2287,0.5
2025-06-23T19:00:50.147619,0.0,0.3882,0.0
2025-06-23T19:01:00.149558,-1.7321,-0.6339,-0.5
2025-06-23T19:01:10.183882,-1.7321,-1.3595,-0.866
2025-06-23T19:01:20.187860,-0.0,-1.4489,-1.0
2025-06-23T19:01:30.189426,1.7321,-0.8604,-0.866
2025-06-23T19:01:40.203020,1.7321,0.1307,-0.5
2025-06-23T19:01:50.205572,-0.0,1.0607,0.0
2025-06-23T19:02:00.207447,-1.7321,1.4943,0.5
2025-06-23T19:02:10.277347,-1.7321,1.2287,0.866
2025-06-23T19:02:20.281437,0.0,0.3882,1.0
2025-06-23T19:02:30.283467,1.7321,-0.6339,0.866
2025-06-23T19:02:40.317941,1.7321,-1.3595,0.5
2025-06-23T19:02:50.321540,-0.0,-1.4489,0.0
2025-06-23T19:03:00.322909,-1.7321,-0.8604,-0.5
2025-06-23T19:03:10.385156,-1.7321,0.1307,-0.866
2025-06-23T19:03:20.388240,-0.0,1.0607,-1.0
2025-06-23T19:03:30.389789,1.7321,1.4943,-0.866
2025-06-23T19:03:40.431212,1.7321,1.2287,-0.5
2025-06-23T19:03:50.434379,0.0,0.3882,-0.0
2025-06-23T19:04:00.435898,-1.7321,-0.6339,0.5
2025-06-23T19:04:10.489110,-1.7321,-1.3595,0.866
2025-06-23T19:04:20.491474,-0.0,-1.4489,1.0
2025-06-23T19:04:30.492810,1.7321,-0.8604,0.866
2025-06-23T19:04:40.731864,1.7321,0.1307,0.5
2025-06-23T19:04:50.734949,0.0,1.0607,0.0
2025-06-23T19:05:00.736424,-1.7321,1.4943,-0.5
2025-06-23T19:05:10.756927,-1.7321,1.2287,-0.866
2025-06-23T19:05:20.761406,-0.0,0.3882,-1.0
2025-06-23T19:05:30.763684,1.7321,-0.6339,-0.866
2025-06-23T19:05:40.790459,1.7321,-1.3595,-0.5
2025-06-23T19:05:50.793430,0.0,-1.4489,-0.0
2025-06-23T19:06:00.794943,-1.7321,-0.8604,0.5
2025-06-23T19:06:10.819982,-1.7321,0.1307,0.866
2025-06-23T19:06:20.822959,-0.0,1.0607,1.0
2025-06-23T19:06:30.824549,1.7321,1.4943,0.866
2025-06-23T19:06:40.863114,1.7321,1.2287,0.5
2025-06-23T19:06:50.866107,0.0,0.3882,0.0
2025-06-23T19:07:00.867442,-1.7321,-0.6339,-0.5
2025-06-23T19:07:10.872327,-1.7321,-1.3595,-0.866
2025-06-23T19:07:20.875168,0.0,-1.4489,-1.0
2025-06-23T19:07:30.876804,1.7321,-0.8604,-0.866
2025-06-23T19:07:40.910144,1.7321,0.1307,-0.5
2025-06-23T19:07:50.913221,-0.0,1.0607,0.0
2025-06-23T19:08:00.914835,-1.7321,1.4943,0.5
2025-06-23T19:08:11.070464,-1.7321,1.2287,0.866
2025-06-23T19:08:21.073765,0.0,0.3882,1.0
2025-06-23T19:08:31.075456,1.7321,-0.6339,0.866
2025-06-23T19:08:41.097886,1.7321,-1.3595,0.5
2025-06-23T19:08:51.100791,0.0,-1.4489,0.0
2025-06-23T19:09:01.102838,-1.7321,-0.8604,-0.5
2025-06-23T19:09:11.381848,-1.7321,0.1307,-0.866
2025-06-23T19:09:21.385879,-0.0,1.0607,-1.0
2025-06-23T19:09:31.387876,1.7321,1.4943,-0.866
2025-06-23T19:09:41.389993,1.7321,1.2287,-0.5
2025-06-23T19:09:51.392463,0.0,0.3882,-0.0
2025-06-23T19:10:01.393778,-1.7321,-0.6339,0.5
2025-06-23T19:10:11.398391,-1.7321,-1.3595,0.866
2025-06-23T19:10:21.402113,-0.0,-1.4489,1.0
2025-06-27T10:37:05.661092,0.0,1.0607,1.0
2025-06-27T10:37:15.671629,1.7321,1.4943,0.866
2025-06-27T10:37:25.675445,1.7321,1.2287,0.5
2025-06-27T10:37:35.681389,0.0,0.3882,0.0
2025-06-27T10:37:45.684326,-1.7321,-0.6339,-0.5
2025-06-27T10:37:55.687543,-1.7321,-1.3595,-0.866
2025-06-27T10:38:05.691072,-0.0,-1.4489,-1.0
2025-06-27T10:38:15.700847,1.7321,-0.8604,-0.866
2025-06-27T10:38:25.703440,1.7321,0.1307,-0.5
2025-06-27T10:38:35.710701,0.0,1.0607,-0.0
2025-06-27T10:38:45.712698,-1.7321,1.4943,0.5
2025-06-27T10:38:55.715515,-1.7321,1.2287,0.866
2025-06-27T10:39:05.722354,-0.0,0.3882,1.0
2025-06-27T10:39:15.725664,1.7321,-0.6339,0.866
2025-06-27T10:39:25.729395,1.7321,-1.3595,0.5
2025-06-27T10:39:35.735646,0.0,-1.4489,0.0
2025-06-27T10:39:45.742943,-1.7321,-0.8604,-0.5
2025-06-27T10:39:55.748529,-1.7321,0.1307,-0.866
2025-06-27T10:40:05.754726,-0.0,1.0607,-1.0
2025-06-27T10:40:15.761398,1.7321,1.4943,-0.866
2025-06-27T10:40:25.767093,1.7321,1.2287,-0.5
2025-06-27T10:40:35.773230,0.0,0.3882,-0.0
2025-06-27T10:40:45.778831,-1.7321,-0.6339,0.5
2025-06-27T10:40:55.781264,-1.7321,-1.3595,0.866
2025-06-27T10:41:05.786114,-0.0,-1.4489,1.0
2025-06-27T10:41:15.790824,1.7321,-0.8604,0.866
2025-06-27T10:41:25.798412,1.7321,0.1307,0.5
2025-06-27T10:41:35.803910,0.0,1.0607,0.0
2025-06-27T10:41:45.806201,-1.7321,1.4943,-0.5
2025-06-27T10:41:55.812698,-1.7321,1.2287,-0.866
2025-06-27T10:42:05.818725,-0.0,0.3882,-1.0
2025-06-27T10:42:15.824479,1.7321,-0.6339,-0.866
2025-06-27T10:42:25.833759,1.7321,-1.3595,-0.5
2025-06-27T10:42:35.840344,0.0,-1.4489,-0.0
2025-06-27T10:42:45.844816,-1.7321,-0.8604,0.5
2025-06-27T10:42:55.849452,-1.7321,0.1307,0.866
2025-06-27T10:43:05.856826,-0.0,1.0607,1.0
2025-06-27T10:43:15.862791,1.7321,1.4943,0.866
2025-06-27T10:43:25.868410,1.7321,1.2287,0.5
2025-06-27T10:43:35.870518,-0.0,0.3882,-0.0
2025-06-27T10:43:45.877053,-1.7321,-0.6339,-0.5
2025-06-27T10:43:55.885168,-1.7321,-1.3595,-0.866
2025-06-27T10:44:05.890639,-0.0,-1.4489,-1.0
2025-06-27T10:44:15.899995,1.7321,-0.8604,-0.866
2025-06-27T10:44:25.904777,1.7321,0.1307,-0.5
2025-06-27T10:44:35.909057,0.0,1.0607,-0.0
2025-06-27T10:44:45.915742,-1.7321,1.4943,0.5
2025-06-27T10:44:55.920485,-1.7321,1.2287,0.866
2025-06-27T10:45:05.926942,-0.0,0.3882,1.0
2025-06-27T10:45:15.929236,1.7321,-0.6339,0.866
2025-06-27T10:45:25.933883,1.7321,-1.3595,0.5
2025-06-27T10:45:35.941977,-0.0,-1.4489,-0.0
2025-06-27T10:45:45.945389,-1.7321,-0.8604,-0.5
2025-06-27T10:45:55.951896,-1.7321,0.1307,-0.866
2025-06-27T10:46:05.958371,-0.0,1.0607,-1.0
2025-06-27T10:46:15.963037,1.7321,1.4943,-0.866
2025-06-27T10:46:25.968142,1.7321,1.2287,-0.5
2025-06-27T10:46:35.974087,0.0,0.3882,-0.0
2025-06-27T10:46:45.979135,-1.7321,-0.6339,0.5
2025-06-27T10:46:55.987819,-1.7321,-1.3595,0.866
2025-06-27T10:47:05.992572,-0.0,-1.4489,1.0
2025-06-27T10:47:15.998401,1.7321,-0.8604,0.866
2025-06-27T10:47:26.004533,1.7321,0.1307,0.5
2025-06-27T10:47:36.012054,-0.0,1.0607,-0.0
2025-06-27T10:47:46.017282,-1.7321,1.4943,-0.5
2025-06-27T10:47:56.022640,-1.7321,1.2287,-0.866
2025-06-27T10:48:06.029124,-0.0,0.3882,-1.0
2025-06-27T10:48:16.035796,1.7321,-0.6339,-0.866
2025-06-27T10:48:26.042180,1.7321,-1.3595,-0.5
2025-06-27T10:48:36.048099,0.0,-1.4489,-0.0
2025-06-27T10:48:46.056157,-1.7321,-0.8604,0.5
2025-06-27T10:48:56.062631,-1.7321,0.1307,0.866
2025-06-27T10:49:06.068831,5.0,6.0607,6.0
2025-06-27T10:49:16.075664,6.7321,6.4943,5.866
2025-06-27T10:49:26.082416,6.7321,6.2287,5.5
2025-06-27T10:49:36.089908,5.0,5.3882,5.0
2025-06-27T10:49:46.094227,3.2679,4.3661,4.5
2025-06-27T10:49:56.098802,3.2679,3.6405,4.134
2025-06-27T10:50:06.105727,5.0,3.5511,4.0
2025-06-27T10:50:16.111939,6.7321,4.1396,4.134
2025-06-27T10:50:26.119916,6.7321,5.1307,4.5
2025-06-27T10:50:36.125669,5.0,6.0607,5.0
2025-06-27T10:50:46.131504,3.2679,6.4943,5.5
2025-06-27T10:50:56.136086,3.2679,6.2287,5.866
2025-06-27T10:51:06.140474,-0.0,0.3882,1.0
2025-06-27T10:51:16.146883,1.7321,-0.6339,0.866
2025-06-27T10:51:26.151304,1.7321,-1.3595,0.5
2025-06-27T10:51:36.159789,-0.0,-1.4489,-0.0
2025-06-27T10:51:46.165837,-1.7321,-0.8604,-0.5
2025-06-27T10:51:56.172089,-1.7321,0.1307,-0.866
2025-06-27T10:52:06.176312,-0.0,1.0607,-1.0
2025-06-27T10:52:16.179829,1.7321,1.4943,-0.866
2025-06-27T10:52:26.182827,1.7321,1.2287,-0.5
2025-06-27T10:52:36.187711,0.0,0.3882,-0.0
2025-06-27T10:52:46.191327,-1.7321,-0.6339,0.5
2025-06-27T10:52:56.197682,-1.7321,-1.3595,0.866
2025-06-27T10:53:06.203214,-0.0,-1.4489,1.0
2025-06-27T10:53:16.211863,1.7321,-0.8604,0.866
2025-06-27T10:53:26.215822,1.7321,0.1307,0.5
2025-06-27T10:53:36.223126,0.0,1.0607,-0.0
2025-06-27T10:53:46.226706,-1.7321,1.4943,-0.5
2025-06-27T10:53:56.231606,-1.7321,1.2287,-0.866
2025-06-27T10:54:06.242569,0.0,0.3882,-1.0
2025-06-27T10:54:16.247395,1.7321,-0.6339,-0.866
2025-06-27T10:54:26.256435,1.7321,-1.3595,-0.5
2025-06-27T10:54:36.261339,0.0,-1.4489,-0.0
2025-06-27T10:54:46.266265,-1.7321,-0.8604,0.5
2025-06-27T10:54:56.275800,-1.7321,0.1307,0.866
2025-06-27T10:55:06.279547,-0.0,1.0607,1.0
2025-06-27T10:55:16.285624,1.7321,1.4943,0.866
2025-06-27T10:55:26.288468,1.7321,1.2287,0.5
2025-06-27T10:55:36.297450,0.0,0.3882,-0.0
2025-06-27T10:55:46.303251,-1.7321,-0.6339,-0.5
2025-06-27T10:55:56.309627,-1.7321,-1.3595,-0.866
2025-06-27T10:56:06.312550,-0.0,-1.4489,-1.0
2025-06-27T10:56:16.318462,1.7321,-0.8604,-0.866
2025-06-27T10:56:26.323548,1.7321,0.1307,-0.5
2025-06-27T10:56:36.331111,0.0,1.0607,-0.0
2025-06-27T10:56:46.337280,-1.7321,1.4943,0.5
2025-06-27T10:56:56.341963,-1.7321,1.2287,0.866
2025-06-27T10:57:06.349010,-0.0,0.3882,1.0
2025-06-27T10:57:16.354419,1.7321,-0.6339,0.866
2025-06-27T10:57:26.359953,1.7321,-1.3595,0.5
2025-06-27T10:57:36.365642,0.0,-1.4489,0.0
2025-06-27T10:57:46.370605,-1.7321,-0.8604,-0.5
2025-06-27T10:57:56.378360,-1.7321,0.1307,-0.866
2025-06-27T10:58:06.384346,0.0,1.0607,-1.0
2025-06-27T10:58:16.392561,1.7321,1.4943,-0.866
2025-06-27T10:58:26.397872,1.7321,1.2287,-0.5
2025-06-27T10:58:36.404293,0.0,0.3882,-0.0
2025-06-27T10:58:46.409305,-1.7321,-0.6339,0.5
2025-06-27T10:58:56.415227,-1.7321,-1.3595,0.866
2025-06-27T10:59:06.419951,-0.0,-1.4489,1.0
2025-06-27T10:59:16.424175,1.7321,-0.8604,0.866
2025-06-27T10:59:26.429888,1.7321,0.1307,0.5
2025-06-27T10:59:36.436374,0.0,1.0607,0.0
2025-06-27T10:59:46.442131,-1.7321,1.4943,-0.5
2025-06-27T10:59:56.447570,-1.7321,1.2287,-0.866
2025-06-27T11:00:06.453602,-0.0,0.3882,-1.0
2025-06-27T11:00:16.458382,1.7321,-0.6339,-0.866
2025-06-27T11:00:26.465703,1.7321,-1.3595,-0.5
2025-06-27T11:00:36.471336,-0.0,-1.4489,-0.0
2025-06-27T11:00:46.477103,-1.7321,-0.8604,0.5
2025-06-27T11:00:56.483110,-1.7321,0.1307,0.866
2025-06-27T11:01:06.491163,-0.0,1.0607,1.0
2025-06-27T11:01:16.496716,1.7321,1.4943,0.866
2025-06-27T11:01:26.501583,1.7321,1.2287,0.5
2025-06-27T11:01:36.508702,0.0,0.3882,0.0
2025-06-27T11:01:46.515087,-1.7321,-0.6339,-0.5
2025-06-27T11:01:56.521580,-1.7321,-1.3595,-0.866
2025-06-27T11:02:06.525354,0.0,-1.4489,-1.0
2025-06-27T11:02:16.529554,1.7321,-0.8604,-0.866
2025-06-27T11:02:26.538618,1.7321,0.1307,-0.5
2025-06-27T11:02:36.544073,0.0,1.0607,-0.0
2025-06-27T11:02:46.550466,-1.7321,1.4943,0.5
2025-06-27T11:02:56.557319,-1.7321,1.2287,0.866
2025-06-27T11:03:06.565251,0.0,0.3882,1.0
2025-06-27T11:03:16.568668,1.7321,-0.6339,0.866
2025-06-27T11:03:26.573248,1.7321,-1.3595,0.5
2025-06-27T11:03:36.580730,0.0,-1.4489,0.0
2025-06-27T11:03:46.589115,-1.7321,-0.8604,-0.5
2025-06-27T11:03:56.596695,-1.7321,0.1307,-0.866
2025-06-27T11:04:06.599602,-0.0,1.0607,-1.0
2025-06-27T11:04:16.607532,1.7321,1.4943,-0.866
2025-06-27T11:04:26.611537,1.7321,1.2287,-0.5
2025-06-27T11:04:36.617762,-0.0,0.3882,-0.0
2025-06-27T11:04:46.624443,-1.7321,-0.6339,0.5
2025-06-27T11:04:56.630001,-1.7321,-1.3595,0.866
2025-06-27T11:05:06.638639,-0.0,-1.4489,1.0
2025-06-27T11:05:16.644279,1.7321,-0.8604,0.866
2025-06-27T11:05:26.650195,1.7321,0.1307,0.5
2025-06-27T11:05:36.659904,0.0,1.0607,0.0
2025-06-27T11:05:46.665151,-1.7321,1.4943,-0.5
2025-06-27T11:05:56.669218,-1.7321,1.2287,-0.866
2025-06-27T11:06:06.678246,0.0,0.3882,-1.0
2025-06-27T11:06:16.683095,1.7321,-0.6339,-0.866
2025-06-27T11:06:26.688416,1.7321,-1.3595,-0.5
2025-06-27T11:06:36.694459,0.0,-1.4489,-0.0
2025-06-27T11:06:46.700070,-1.7321,-0.8604,0.5
2025-06-27T11:06:56.706193,-1.7321,0.1307,0.866
2025-06-27T11:07:06.712601,-0.0,1.0607,1.0
2025-06-27T11:07:16.718021,1.7321,1.4943,0.866
2025-06-27T11:07:26.724614,1.7321,1.2287,0.5
2025-06-27T11:07:36.730096,0.0,0.3882,0.0
2025-06-27T11:07:46.733229,-1.7321,-0.6339,-0.5
2025-06-27T11:07:56.738607,-1.7321,-1.3595,-0.866
2025-06-27T11:08:06.745673,-0.0,-1.4489,-1.0
2025-06-27T11:08:16.752428,1.7321,-0.8604,-0.866
2025-06-27T11:08:26.758570,1.7321,0.1307,-0.5
2025-06-27T11:08:36.763721,-0.0,1.0607,-0.0
2025-06-27T11:08:46.771140,-1.7321,1.4943,0.5
2025-06-27T11:08:56.777269,-1.7321,1.2287,0.866
2025-06-27T11:09:06.783205,-0.0,0.3882,1.0
2025-06-27T11:09:16.788396,1.7321,-0.6339,0.866
2025-06-27T11:09:26.794435,1.7321,-1.3595,0.5
2025-06-27T11:09:36.798939,0.0,-1.4489,0.0
2025-06-27T11:09:46.803678,-1.7321,-0.8604,-0.5
2025-06-27T11:09:56.809701,-1.7321,0.1307,-0.866
2025-06-27T11:10:06.818826,-0.0,1.0607,-1.0
2025-06-27T11:10:16.826297,1.7321,1.4943,-0.866
2025-06-27T11:10:26.831388,1.7321,1.2287,-0.5
2025-06-27T11:10:36.836461,0.0,0.3882,-0.0
2025-06-27T11:10:46.840584,-1.7321,-0.6339,0.5
2025-06-27T11:10:56.848959,-1.7321,-1.3595,0.866
2025-06-27T11:11:06.853792,0.0,-1.4489,1.0
2025-06-27T11:11:16.859658,1.7321,-0.8604,0.866
2025-06-27T11:11:26.866416,1.7321,0.1307,0.5
2025-06-27T11:11:36.869368,0.0,1.0607,0.0
2025-06-27T11:11:46.872141,-1.7321,1.4943,-0.5
2025-06-27T11:11:56.877720,-1.7321,1.2287,-0.866
2025-06-27T11:12:06.884993,-0.0,0.3882,-1.0
2025-06-27T11:12:16.890253,1.7321,-0.6339,-0.866
2025-06-27T11:12:26.896992,1.7321,-1.3595,-0.5
2025-06-27T11:12:36.900478,-0.0,-1.4489,-0.0
2025-06-27T11:12:46.908004,-1.7321,-0.8604,0.5
2025-06-27T11:12:56.914137,-1.7321,0.1307,0.866
2025-06-27T11:13:06.919707,-0.0,1.0607,1.0
2025-06-27T11:13:16.926985,1.7321,1.4943,0.866
2025-06-27T11:13:26.931005,1.7321,1.2287,0.5
2025-06-27T11:13:36.933143,0.0,0.3882,0.0
2025-06-27T11:13:46.942782,-1.7321,-0.6339,-0.5
2025-06-27T11:13:56.949550,-1.7321,-1.3595,-0.866
2025-06-27T11:14:06.954323,-0.0,-1.4489,-1.0
2025-06-27T11:14:16.958027,1.7321,-0.8604,-0.866
2025-06-27T11:14:26.966681,1.7321,0.1307,-0.5
2025-06-27T11:14:36.971962,0.0,1.0607,-0.0
2025-06-27T11:14:46.976838,-1.7321,1.4943,0.5
2025-06-27T11:14:56.981623,-1.7321,1.2287,0.866
2025-06-27T11:15:06.987652,-0.0,0.3882,1.0
2025-06-27T11:15:16.992427,1.7321,-0.6339,0.866
2025-06-27T11:15:26.996070,1.7321,-1.3595,0.5
2025-06-27T11:15:37.002503,0.0,-1.4489,0.0
2025-06-27T11:15:47.009009,-1.7321,-0.8604,-0.5
2025-06-27T11:15:57.013557,-1.7321,0.1307,-0.866
2025-06-27T11:16:07.017775,-0.0,1.0607,-1.0
2025-06-27T11:16:17.025173,1.7321,1.4943,-0.866
2025-06-27T11:16:27.033305,1.7321,1.2287,-0.5
2025-06-27T11:16:37.039759,-0.0,0.3882,-0.0
2025-06-27T11:16:47.046563,-1.7321,-0.6339,0.5
2025-06-27T11:16:57.054412,-1.7321,-1.3595,0.866
2025-06-27T11:17:07.060745,-0.0,-1.4489,1.0
2025-06-27T11:17:17.066617,1.7321,-0.8604,0.866
2025-06-27T11:17:27.073771,1.7321,0.1307,0.5
2025-06-27T11:17:37.079370,0.0,1.0607,0.0
2025-06-27T12:48:22.155804,-1.7321,1.4943,-0.5
2025-06-27T12:48:32.219488,-1.7321,1.2287,-0.866
2025-06-27T12:48:42.245096,-0.0,0.3882,-1.0
2025-06-27T12:48:52.247796,1.7321,-0.6339,-0.866
2025-06-27T12:49:02.251106,1.7321,-1.3595,-0.5
2025-06-27T12:49:12.253468,-0.0,-1.4489,0.0
2025-06-27T12:49:22.256920,-1.7321,-0.8604,0.5
2025-06-27T12:49:32.261918,-1.7321,0.1307,0.866
2025-06-27T12:49:42.266252,0.0,1.0607,1.0
2025-06-27T12:49:52.271519,1.7321,1.4943,0.866
2025-06-27T12:50:02.276336,1.7321,1.2287,0.5
2025-06-27T12:50:12.280879,0.0,0.3882,0.0
2025-06-27T12:50:22.285647,-1.7321,-0.6339,-0.5
2025-06-27T12:50:32.290117,-1.7321,-1.3595,-0.866
2025-06-27T12:50:42.294487,-0.0,-1.4489,-1.0
2025-06-27T12:50:52.299485,1.7321,-0.8604,-0.866
2025-06-27T12:51:02.302581,1.7321,0.1307,-0.5
2025-06-27T12:51:12.308405,0.0,1.0607,-0.0
2025-06-27T12:51:22.312012,-1.7321,1.4943,0.5
2025-06-27T12:51:32.318633,-1.7321,1.2287,0.866
2025-06-27T12:51:42.322561,-0.0,0.3882,1.0
2025-06-27T12:51:52.327403,1.7321,-0.6339,0.866
2025-06-27T12:52:02.332286,1.7321,-1.3595,0.5
2025-06-27T12:52:12.338340,-0.0,-1.4489,0.0
2025-06-27T12:52:22.342755,-1.7321,-0.8604,-0.5
2025-06-27T12:52:32.347919,-1.7321,0.1307,-0.866
2025-06-27T12:52:42.350135,-0.0,1.0607,-1.0
2025-06-27T12:52:52.355202,1.7321,1.4943,-0.866
2025-06-27T12:53:02.361431,1.7321,1.2287,-0.5
2025-06-27T12:53:12.365462,0.0,0.3882,-0.0
